{
"type": "FeatureCollection",
"name": "malang_raya_desa_rank_updated",
"crs": { "type": "name", "properties": { "name": "urn:ogc:def:crs:OGC:1.3:CRS84" } },
"features": [
{ "type": "Feature", "properties": { "fid": 1, "GID_4": "IDN.11.3.1.1_1", "GID_0": "IDN", "COUNTRY": "Indonesia", "GID_1": "IDN.11_1", "NAME_1": "JawaTimur", "GID_2": "IDN.11.3_1", "NAME_2": "Batu", "GID_3": "IDN.11.3.1_1", "NAME_3": "Batu", "NAME_4": "Hutan", "VARNAME_4": "NA", "TYPE_4": "Kelurahan", "ENGTYPE_4": "UrbanCommunity", "CC_4": "3579010999", "padi_mean": 0.0, "jagung_mean": 0.25, "cabai_mean": 0.0, "tomat_mean": 0.0, "kentang_mean": 0.75, "wortel_mean": 0.40000000596046448, "tebu_mean": 0.0 }, "geometry": { "type": "MultiPolygon", "coordinates": [ [ [ [ 112.512, -7.8858 ], [ 112.5092, -7.8884 ], [ 112.5132, -7.8942 ], [ 112.5141, -7.9041 ], [ 112.5214, -7.9033 ], [ 112.5236, -7.9133 ], [ 112.5201, -7.9131 ], [ 112.5189, -7.9146 ], [ 112.5144, -7.9113 ], [ 112.5074, -7.9092 ], [ 112.505, -7.9161 ], [ 112.4974, -7.9155 ], [ 112.492, -7.9186 ], [ 112.4883, -7.9257 ], [ 112.4886, -7.9324 ], [ 112.4769, -7.9391 ], [ 112.4741, -7.9423 ], [ 112.4737, -7.9318 ], [ 112.4761, -7.9152 ], [ 112.4753, -7.9043 ], [ 112.4809, -7.8916 ], [ 112.4893, -7.8905 ], [ 112.4932, -7.8884 ], [ 112.4998, -7.892 ], [ 112.5032, -7.8877 ], [ 112.5034, -7.8793 ], [ 112.5059, -7.8771 ], [ 112.5112, -7.8792 ], [ 112.512, -7.8858 ] ] ] ] } },
{ "type": "Feature", "properties": { "fid": 2, "GID_4": "IDN.11.3.1.2_1", "GID_0": "IDN", "COUNTRY": "Indonesia", "GID_1": "IDN.11_1", "NAME_1": "JawaTimur", "GID_2": "IDN.11.3_1", "NAME_2": "Batu", "GID_3": "IDN.11.3.1_1", "NAME_3": "Batu", "NAME_4": "Ngaglik", "VARNAME_4": "NA", "TYPE_4": "Kelurahan", "ENGTYPE_4": "UrbanCommunity", "CC_4": "3579010004", "padi_mean": 0.20000000298023224, "jagung_mean": 0.20000000298023224, "cabai_mean": 0.5, "tomat_mean": 0.5, "kentang_mean": 0.61405824649388629, "wortel_mean": 0.5, "tebu_mean": 0.0 }, "geometry": { "type": "MultiPolygon", "coordinates": [ [ [ [ 112.512, -7.8909 ], [ 112.5092, -7.8884 ], [ 112.5137, -7.8833 ], [ 112.5157, -7.8682 ], [ 112.5211, -7.868 ], [ 112.5178, -7.8629 ], [ 112.5206, -7.8625 ], [ 112.5247, -7.8669 ], [ 112.5256, -7.8711 ], [ 112.5243, -7.8766 ], [ 112.5225, -7.8763 ], [ 112.522, -7.8792 ], [ 112.5206, -7.8793 ], [ 112.5186, -7.8898 ], [ 112.512, -7.8909 ] ] ] ] } },
{ "type": "Feature", "properties": { "fid": 3, "GID_4": "IDN.11.3.1.3_1", "GID_0": "IDN", "COUNTRY": "Indonesia", "GID_1": "IDN.11_1", "NAME_1": "JawaTimur", "GID_2": "IDN.11.3_1", "NAME_2": "Batu", "GID_3": "IDN.11.3.1_1", "NAME_3": "Batu", "NAME_4": "Oro-oroOmbo", "VARNAME_4": "NA", "TYPE_4": "Kelurahan", "ENGTYPE_4": "UrbanCommunity", "CC_4": "3579010001", "padi_mean": 0.20000000298023224, "jagung_mean": 0.20000000298023224, "cabai_mean": 0.5, "tomat_mean": 0.5, "kentang_mean": 0.69460720450682167, "wortel_mean": 0.5, "tebu_mean": 0.0 }, "geometry": { "type": "MultiPolygon", "coordinates": [ [ [ [ 112.5234, -7.9135 ], [ 112.524, -7.9106 ], [ 112.5223, -7.9094 ], [ 112.5214, -7.9033 ], [ 112.5141, -7.9041 ], [ 112.5134, -7.8961 ], [ 112.5234, -7.8942 ], [ 112.5264, -7.8912 ], [ 112.5345, -7.8878 ], [ 112.537, -7.8904 ], [ 112.5449, -7.8905 ], [ 112.5417, -7.8968 ], [ 112.5373, -7.8968 ], [ 112.5386, -7.9007 ], [ 112.5314, -7.9016 ], [ 112.5302, -7.903 ], [ 112.5316, -7.9087 ], [ 112.5308, -7.9146 ], [ 112.5234, -7.9135 ] ] ] ] } },
{ "type": "Feature", "properties": { "fid": 4, "GID_4": "IDN.11.3.1.4_1", "GID_0": "IDN", "COUNTRY": "Indonesia", "GID_1": "IDN.11_1", "NAME_1": "JawaTimur", "GID_2": "IDN.11.3_1", "NAME_2": "Batu", "GID_3": "IDN.11.3.1_1", "NAME_3": "Batu", "NAME_4": "Pesanggrahan", "VARNAME_4": "NA", "TYPE_4": "Kelurahan", "ENGTYPE_4": "UrbanCommunity", "CC_4": "3579010005", "padi_mean": 0.17804722824913027, "jagung_mean": 0.17804722824913027, "cabai_mean": 0.44511806399004972, "tomat_mean": 0.44511806399004972, "kentang_mean": 0.62881721534624502, "wortel_mean": 0.47804722690450718, "tebu_mean": 0.0 }, "geometry": { "type": "MultiPolygon", "coordinates": [ [ [ [ 112.512, -7.8858 ], [ 112.5112, -7.8792 ], [ 112.5062, -7.877 ], [ 112.5038, -7.8782 ], [ 112.504, -7.8854 ], [ 112.4998, -7.892 ], [ 112.4932, -7.8884 ], [ 112.4987, -7.8851 ], [ 112.501, -7.8758 ], [ 112.5087, -7.8663 ], [ 112.5103, -7.8662 ], [ 112.511, -7.8617 ], [ 112.5147, -7.8619 ], [ 112.5167, -7.8596 ], [ 112.5211, -7.868 ], [ 112.5157, -7.8682 ], [ 112.5142, -7.8815 ], [ 112.512, -7.8858 ] ] ] ] } },
{ "type": "Feature", "properties": { "fid": 5, "GID_4": "IDN.11.3.1.5_1", "GID_0": "IDN", "COUNTRY": "Indonesia", "GID_1": "IDN.11_1", "NAME_1": "JawaTimur", "GID_2": "IDN.11.3_1", "NAME_2": "Batu", "GID_3": "IDN.11.3.1_1", "NAME_3": "Batu", "NAME_4": "Sidomulyo", "VARNAME_4": "NA", "TYPE_4": "Kelurahan", "ENGTYPE_4": "UrbanCommunity", "CC_4": "3579010008", "padi_mean": 0.20000000298023224, "jagung_mean": 0.20000000298023224, "cabai_mean": 0.5, "tomat_mean": 0.5, "kentang_mean": 0.5, "wortel_mean": 0.5, "tebu_mean": 0.0 }, "geometry": { "type": "MultiPolygon", "coordinates": [ [ [ [ 112.5327, -7.8665 ], [ 112.524, -7.8632 ], [ 112.525, -7.8609 ], [ 112.5227, -7.8594 ], [ 112.5231, -7.8566 ], [ 112.5188, -7.8517 ], [ 112.518, -7.8472 ], [ 112.5233, -7.8393 ], [ 112.5255, -7.8418 ], [ 112.5289, -7.8421 ], [ 112.5302, -7.8463 ], [ 112.5286, -7.8533 ], [ 112.532, -7.8584 ], [ 112.5303, -7.8607 ], [ 112.5309, -7.8639 ], [ 112.5333, -7.8622 ], [ 112.5327, -7.8665 ] ] ] ] } },
{ "type": "Feature", "properties": { "fid": 6, "GID_4": "IDN.11.3.1.6_1", "GID_0": "IDN", "COUNTRY": "Indonesia", "GID_1": "IDN.11_1", "NAME_1": "JawaTimur", "GID_2": "IDN.11.3_1", "NAME_2": "Batu", "GID_3": "IDN.11.3.1_1", "NAME_3": "Batu", "NAME_4": "Sisir", "VARNAME_4": "NA", "TYPE_4": "Kelurahan", "ENGTYPE_4": "UrbanCommunity", "CC_4": "3579010003", "padi_mean": 0.20000000298023227, "jagung_mean": 0.20000000298023227, "cabai_mean": 0.5, "tomat_mean": 0.5, "kentang_mean": 0.62496953346310169, "wortel_mean": 0.5, "tebu_mean": 0.0 }, "geometry": { "type": "MultiPolygon", "coordinates": [ [ [ [ 112.5134, -7.8961 ], [ 112.512, -7.8909 ], [ 112.5186, -7.8898 ], [ 112.5206, -7.8793 ], [ 112.522, -7.8792 ], [ 112.5225, -7.8763 ], [ 112.5243, -7.8766 ], [ 112.5254, -7.8723 ], [ 112.5247, -7.8669 ], [ 112.5209, -7.8624 ], [ 112.5209, -7.8544 ], [ 112.5231, -7.8569 ], [ 112.5227, -7.8594 ], [ 112.525, -7.8609 ], [ 112.5244, -7.8636 ], [ 112.5329, -7.8666 ], [ 112.5326, -7.8684 ], [ 112.5366, -7.8677 ], [ 112.5363, -7.8696 ], [ 112.5329, -7.8704 ], [ 112.5331, -7.8753 ], [ 112.5367, -7.8787 ], [ 112.5256, -7.8829 ], [ 112.526, -7.8861 ], [ 112.5295, -7.8875 ], [ 112.5231, -7.888 ], [ 112.5234, -7.8942 ], [ 112.5134, -7.8961 ] ] ] ] } },
{ "type": "Feature", "properties": { "fid": 7, "GID_4": "IDN.11.3.1.7_1", "GID_0": "IDN", "COUNTRY": "Indonesia", "GID_1": "IDN.11_1", "NAME_1": "JawaTimur", "GID_2": "IDN.11.3_1", "NAME_2": "Batu", "GID_3": "IDN.11.3.1_1", "NAME_3": "Batu", "NAME_4": "Songgokerto", "VARNAME_4": "NA", "TYPE_4": "Kelurahan", "ENGTYPE_4": "UrbanCommunity", "CC_4": "3579010006", "padi_mean": 0.13009177502443087, "jagung_mean": 0.13009177502443087, "cabai_mean": 0.325229432714781, "tomat_mean": 0.19660391074692515, "kentang_mean": 0.89036579732295307, "wortel_mean": 0.43009177725276743, "tebu_mean": 0.0 }, "geometry": { "type": "MultiPolygon", "coordinates": [ [ [ [ 112.4932, -7.8884 ], [ 112.4893, -7.8905 ], [ 112.4809, -7.8916 ], [ 112.4881, -7.8816 ], [ 112.4896, -7.8762 ], [ 112.4876, -7.8713 ], [ 112.4888, -7.861 ], [ 112.4868, -7.8583 ], [ 112.4904, -7.8596 ], [ 112.4951, -7.8544 ], [ 112.4946, -7.8521 ], [ 112.4967, -7.8521 ], [ 112.4993, -7.8601 ], [ 112.5036, -7.8589 ], [ 112.5045, -7.8611 ], [ 112.509, -7.8605 ], [ 112.511, -7.8619 ], [ 112.5103, -7.8662 ], [ 112.5087, -7.8663 ], [ 112.501, -7.8758 ], [ 112.4987, -7.8851 ], [ 112.4932, -7.8884 ] ] ] ] } },
{ "type": "Feature", "properties": { "fid": 8, "GID_4": "IDN.11.3.1.8_1", "GID_0": "IDN", "COUNTRY": "Indonesia", "GID_1": "IDN.11_1", "NAME_1": "JawaTimur", "GID_2": "IDN.11.3_1", "NAME_2": "Batu", "GID_3": "IDN.11.3.1_1", "NAME_3": "Batu", "NAME_4": "Sumberejo", "VARNAME_4": "NA", "TYPE_4": "Kelurahan", "ENGTYPE_4": "UrbanCommunity", "CC_4": "3579010007", "padi_mean": 0.20000000298023221, "jagung_mean": 0.20000000298023221, "cabai_mean": 0.5, "tomat_mean": 0.49634393492975132, "kentang_mean": 0.50609344184428073, "wortel_mean": 0.5, "tebu_mean": 0.0 }, "geometry": { "type": "MultiPolygon", "coordinates": [ [ [ [ 112.5215, -7.8632 ], [ 112.5173, -7.8628 ], [ 112.5167, -7.8596 ], [ 112.5121, -7.8625 ], [ 112.509, -7.8605 ], [ 112.5045, -7.8611 ], [ 112.5036, -7.8589 ], [ 112.4993, -7.8601 ], [ 112.4986, -7.8582 ], [ 112.5093, -7.8478 ], [ 112.5178, -7.8464 ], [ 112.5205, -7.8539 ], [ 112.5215, -7.8632 ] ] ] ] } },
{ "type": "Feature", "properties": { "fid": 9, "GID_4": "IDN.11.3.1.9_1", "GID_0": "IDN", "COUNTRY": "Indonesia", "GID_1": "IDN.11_1", "NAME_1": "JawaTimur", "GID_2": "IDN.11.3_1", "NAME_2": "Batu", "GID_3": "IDN.11.3.1_1", "NAME_3": "Batu", "NAME_4": "Temas", "VARNAME_4": "NA", "TYPE_4": "Kelurahan", "ENGTYPE_4": "UrbanCommunity", "CC_4": "3579010002", "padi_mean": 0.20000000298023221, "jagung_mean": 0.20000000298023221, "cabai_mean": 0.5, "tomat_mean": 0.5, "kentang_mean": 0.60974527489926378, "wortel_mean": 0.5, "tebu_mean": 0.0 }, "geometry": { "type": "MultiPolygon", "coordinates": [ [ [ [ 112.5428, -7.8905 ], [ 112.537, -7.8904 ], [ 112.5345, -7.8878 ], [ 112.5264, -7.8912 ], [ 112.5234, -7.8942 ], [ 112.5231, -7.888 ], [ 112.5295, -7.8875 ], [ 112.526, -7.8861 ], [ 112.5256, -7.8829 ], [ 112.5367, -7.8789 ], [ 112.5354, -7.8762 ], [ 112.5331, -7.8753 ], [ 112.5329, -7.87 ], [ 112.538, -7.8698 ], [ 112.5404, -7.8752 ], [ 112.5503, -7.8732 ], [ 112.5498, -7.8824 ], [ 112.5519, -7.8834 ], [ 112.5521, -7.8874 ], [ 112.549, -7.8865 ], [ 112.543, -7.8878 ], [ 112.5428, -7.8905 ] ] ] ] } },
{ "type": "Feature", "properties": { "fid": 10, "GID_4": "IDN.11.3.2.1_1", "GID_0": "IDN", "COUNTRY": "Indonesia", "GID_1": "IDN.11_1", "NAME_1": "JawaTimur", "GID_2": "IDN.11.3_1", "NAME_2": "Batu", "GID_3": "IDN.11.3.2_1", "NAME_3": "Bumiaji", "NAME_4": "Bulukerto", "VARNAME_4": "NA", "TYPE_4": "Kelurahan", "ENGTYPE_4": "UrbanCommunity", "CC_4": "3579030003", "padi_mean": 0.16578741250269499, "jagung_mean": 0.063509134028348652, "cabai_mean": 0.41446852508067522, "tomat_mean": 0.2610511111793184, "kentang_mean": 0.755695692375703, "wortel_mean": 0.5, "tebu_mean": 0.0 }, "geometry": { "type": "MultiPolygon", "coordinates": [ [ [ [ 112.531, -7.8563 ], [ 112.5286, -7.8532 ], [ 112.5302, -7.8464 ], [ 112.5289, -7.8445 ], [ 112.53, -7.8357 ], [ 112.5321, -7.837 ], [ 112.5339, -7.835 ], [ 112.5358, -7.8352 ], [ 112.5421, -7.8257 ], [ 112.5454, -7.8245 ], [ 112.5464, -7.8227 ], [ 112.5443, -7.8196 ], [ 112.5498, -7.8086 ], [ 112.5497, -7.8059 ], [ 112.5567, -7.7994 ], [ 112.5631, -7.7904 ], [ 112.5828, -7.7751 ], [ 112.5836, -7.7808 ], [ 112.5731, -7.7913 ], [ 112.5706, -7.7975 ], [ 112.5626, -7.8025 ], [ 112.5621, -7.8056 ], [ 112.5564, -7.8103 ], [ 112.5555, -7.8168 ], [ 112.5475, -7.8289 ], [ 112.5438, -7.8444 ], [ 112.5351, -7.8506 ], [ 112.531, -7.8563 ] ] ] ] } },
{ "type": "Feature", "properties": { "fid": 11, "GID_4": "IDN.11.3.2.2_1", "GID_0": "IDN", "COUNTRY": "Indonesia", "GID_1": "IDN.11_1", "NAME_1": "JawaTimur", "GID_2": "IDN.11.3_1", "NAME_2": "Batu", "GID_3": "IDN.11.3.2_1", "NAME_3": "Bumiaji", "NAME_4": "Bumiaji", "VARNAME_4": "NA", "TYPE_4": "Kelurahan", "ENGTYPE_4": "UrbanCommunity", "CC_4": "3579030002", "padi_mean": 0.18918978907346054, "jagung_mean": 0.10384658064117555, "cabai_mean": 0.4729744656357826, "tomat_mean": 0.34495965616663737, "kentang_mean": 0.71335801790143039, "wortel_mean": 0.5, "tebu_mean": 0.0 }, "geometry": { "type": "MultiPolygon", "coordinates": [ [ [ [ 112.5328, -7.864 ], [ 112.5333, -7.8622 ], [ 112.5309, -7.8639 ], [ 112.5302, -7.8617 ], [ 112.532, -7.8584 ], [ 112.5311, -7.8557 ], [ 112.5448, -7.8426 ], [ 112.5475, -7.8289 ], [ 112.5555, -7.8168 ], [ 112.5564, -7.8103 ], [ 112.5621, -7.8056 ], [ 112.5626, -7.8025 ], [ 112.5706, -7.7975 ], [ 112.5731, -7.7913 ], [ 112.5836, -7.7808 ], [ 112.5861, -7.7847 ], [ 112.5771, -7.7919 ], [ 112.5692, -7.807 ], [ 112.5638, -7.812 ], [ 112.5646, -7.8287 ], [ 112.5566, -7.8451 ], [ 112.5559, -7.8501 ], [ 112.5541, -7.8503 ], [ 112.5507, -7.8563 ], [ 112.5476, -7.8583 ], [ 112.5474, -7.8635 ], [ 112.5409, -7.8639 ], [ 112.5378, -7.8624 ], [ 112.5357, -7.8645 ], [ 112.5328, -7.864 ] ] ] ] } },
{ "type": "Feature", "properties": { "fid": 12, "GID_4": "IDN.11.3.2.3_1", "GID_0": "IDN", "COUNTRY": "Indonesia", "GID_1": "IDN.11_1", "NAME_1": "JawaTimur", "GID_2": "IDN.11.3_1", "NAME_2": "Batu", "GID_3": "IDN.11.3.2_1", "NAME_3": "Bumiaji", "NAME_4": "Giripurno", "VARNAME_4": "NA", "TYPE_4": "Kelurahan", "ENGTYPE_4": "UrbanCommunity", "CC_4": "3579030008", "padi_mean": 0.20000000298023224, "jagung_mean": 0.20000000298023224, "cabai_mean": 0.5, "tomat_mean": 0.5, "kentang_mean": 0.5, "wortel_mean": 0.5, "tebu_mean": 0.0 }, "geometry": { "type": "MultiPolygon", "coordinates": [ [ [ [ 112.5548, -7.8761 ], [ 112.5535, -7.8743 ], [ 112.5546, -7.8718 ], [ 112.5537, -7.8637 ], [ 112.5488, -7.8639 ], [ 112.5477, -7.8614 ], [ 112.5531, -7.8553 ], [ 112.5555, -7.8563 ], [ 112.5571, -7.855 ], [ 112.5623, -7.8439 ], [ 112.5652, -7.8453 ], [ 112.5654, -7.8483 ], [ 112.5651, -7.8828 ], [ 112.5616, -7.8841 ], [ 112.5585, -7.8801 ], [ 112.5588, -7.8772 ], [ 112.5548, -7.8761 ] ] ] ] } },
{ "type": "Feature", "properties": { "fid": 13, "GID_4": "IDN.11.3.2.4_1", "GID_0": "IDN", "COUNTRY": "Indonesia", "GID_1": "IDN.11_1", "NAME_1": "JawaTimur", "GID_2": "IDN.11.3_1", "NAME_2": "Batu", "GID_3": "IDN.11.3.2_1", "NAME_3": "Bumiaji", "NAME_4": "Gunungsari", "VARNAME_4": "NA", "TYPE_4": "Kelurahan", "ENGTYPE_4": "UrbanCommunity", "CC_4": "3579030004", "padi_mean": 0.20000000298023224, "jagung_mean": 0.17209621089885979, "cabai_mean": 0.5, "tomat_mean": 0.39777336091685483, "kentang_mean": 0.67037773349779273, "wortel_mean": 0.5, "tebu_mean": 0.0 }, "geometry": { "type": "MultiPolygon", "coordinates": [ [ [ [ 112.5233, -7.8393 ], [ 112.5189, -7.8468 ], [ 112.5093, -7.8478 ], [ 112.4986, -7.8582 ], [ 112.497, -7.8524 ], [ 112.4946, -7.8521 ], [ 112.4929, -7.8458 ], [ 112.4941, -7.8406 ], [ 112.4975, -7.8365 ], [ 112.5015, -7.8346 ], [ 112.5028, -7.8299 ], [ 112.5082, -7.8243 ], [ 112.5135, -7.8306 ], [ 112.5242, -7.837 ], [ 112.5233, -7.8393 ] ] ] ] } },
{ "type": "Feature", "properties": { "fid": 14, "GID_4": "IDN.11.3.2.5_1", "GID_0": "IDN", "COUNTRY": "Indonesia", "GID_1": "IDN.11_1", "NAME_1": "JawaTimur", "GID_2": "IDN.11.3_1", "NAME_2": "Batu", "GID_3": "IDN.11.3.2_1", "NAME_3": "Bumiaji", "NAME_4": "Pandanrejo", "VARNAME_4": "NA", "TYPE_4": "Kelurahan", "ENGTYPE_4": "UrbanCommunity", "CC_4": "3579030001", "padi_mean": 0.20000000298023224, "jagung_mean": 0.19885563046024624, "cabai_mean": 0.5, "tomat_mean": 0.49828344126265223, "kentang_mean": 0.50291082151260624, "wortel_mean": 0.5, "tebu_mean": 0.0 }, "geometry": { "type": "MultiPolygon", "coordinates": [ [ [ [ 112.5327, -7.8665 ], [ 112.5328, -7.864 ], [ 112.5357, -7.8645 ], [ 112.5378, -7.8624 ], [ 112.5409, -7.8639 ], [ 112.5474, -7.8635 ], [ 112.5476, -7.8583 ], [ 112.5507, -7.8563 ], [ 112.5541, -7.8503 ], [ 112.5559, -7.8501 ], [ 112.5604, -7.836 ], [ 112.5636, -7.8317 ], [ 112.5657, -7.8351 ], [ 112.5641, -7.8436 ], [ 112.5651, -7.8452 ], [ 112.5619, -7.844 ], [ 112.5571, -7.855 ], [ 112.5555, -7.8563 ], [ 112.5531, -7.8553 ], [ 112.5476, -7.8615 ], [ 112.5488, -7.8639 ], [ 112.5537, -7.8637 ], [ 112.5546, -7.8718 ], [ 112.5535, -7.8743 ], [ 112.5548, -7.8761 ], [ 112.5516, -7.8769 ], [ 112.5499, -7.8726 ], [ 112.5404, -7.8752 ], [ 112.5383, -7.8702 ], [ 112.5363, -7.8696 ], [ 112.5366, -7.8677 ], [ 112.5327, -7.8684 ], [ 112.5327, -7.8665 ] ] ] ] } },
{ "type": "Feature", "properties": { "fid": 15, "GID_4": "IDN.11.3.2.6_1", "GID_0": "IDN", "COUNTRY": "Indonesia", "GID_1": "IDN.11_1", "NAME_1": "JawaTimur", "GID_2": "IDN.11.3_1", "NAME_2": "Batu", "GID_3": "IDN.11.3.2_1", "NAME_3": "Bumiaji", "NAME_4": "Punten", "VARNAME_4": "NA", "TYPE_4": "Kelurahan", "ENGTYPE_4": "UrbanCommunity", "CC_4": "3579030005", "padi_mean": 0.20000000298023227, "jagung_mean": 0.050856254267512842, "cabai_mean": 0.5, "tomat_mean": 0.27628438248695841, "kentang_mean": 0.87285936622576099, "wortel_mean": 0.5, "tebu_mean": 0.0 }, "geometry": { "type": "MultiPolygon", "coordinates": [ [ [ [ 112.5289, -7.8421 ], [ 112.5247, -7.8413 ], [ 112.5233, -7.8394 ], [ 112.5242, -7.837 ], [ 112.5135, -7.8306 ], [ 112.5087, -7.8243 ], [ 112.519, -7.8222 ], [ 112.5224, -7.8233 ], [ 112.5236, -7.8271 ], [ 112.5264, -7.8255 ], [ 112.5273, -7.8288 ], [ 112.5316, -7.8276 ], [ 112.5292, -7.8336 ], [ 112.5289, -7.8421 ] ] ] ] } },
{ "type": "Feature", "properties": { "fid": 16, "GID_4": "IDN.11.3.2.7_1", "GID_0": "IDN", "COUNTRY": "Indonesia", "GID_1": "IDN.11_1", "NAME_1": "JawaTimur", "GID_2": "IDN.11.3_1", "NAME_2": "Batu", "GID_3": "IDN.11.3.2_1", "NAME_3": "Bumiaji", "NAME_4": "SumberBrantas", "VARNAME_4": "NA", "TYPE_4": "Kelurahan", "ENGTYPE_4": "UrbanCommunity", "CC_4": "3579030009", "padi_mean": 0.0, "jagung_mean": 0.0, "cabai_mean": 0.0, "tomat_mean": 0.036476760525579875, "kentang_mean": 0.73917530981783752, "wortel_mean": 0.4043298817752487, "tebu_mean": 0.0 }, "geometry": { "type": "MultiPolygon", "coordinates": [ [ [ [ 112.5802, -7.7484 ], [ 112.5733, -7.7599 ], [ 112.5637, -7.7647 ], [ 112.5509, -7.774 ], [ 112.5486, -7.7753 ], [ 112.539, -7.7747 ], [ 112.5324, -7.7769 ], [ 112.5263, -7.776 ], [ 112.526, -7.781 ], [ 112.5242, -7.7828 ], [ 112.5252, -7.775 ], [ 112.5071, -7.7597 ], [ 112.5082, -7.7576 ], [ 112.5052, -7.7554 ], [ 112.5134, -7.7512 ], [ 112.5147, -7.7419 ], [ 112.522, -7.7382 ], [ 112.5292, -7.7369 ], [ 112.5321, -7.7272 ], [ 112.5342, -7.7252 ], [ 112.5401, -7.7258 ], [ 112.549, -7.7304 ], [ 112.5748, -7.734 ], [ 112.5802, -7.7484 ] ] ] ] } },
{ "type": "Feature", "properties": { "fid": 17, "GID_4": "IDN.11.3.2.8_1", "GID_0": "IDN", "COUNTRY": "Indonesia", "GID_1": "IDN.11_1", "NAME_1": "JawaTimur", "GID_2": "IDN.11.3_1", "NAME_2": "Batu", "GID_3": "IDN.11.3.2_1", "NAME_3": "Bumiaji", "NAME_4": "Sumbergondo", "VARNAME_4": "NA", "TYPE_4": "Kelurahan", "ENGTYPE_4": "UrbanCommunity", "CC_4": "3579030007", "padi_mean": 0.11586564931199708, "jagung_mean": 0.0028016134658755401, "cabai_mean": 0.28966411896366101, "tomat_mean": 0.12006806940644216, "kentang_mean": 0.78268393079603982, "wortel_mean": 0.49999046184348866, "tebu_mean": 0.0 }, "geometry": { "type": "MultiPolygon", "coordinates": [ [ [ [ 112.5828, -7.7751 ], [ 112.5631, -7.7904 ], [ 112.5567, -7.7994 ], [ 112.5497, -7.8059 ], [ 112.5498, -7.8086 ], [ 112.5443, -7.8196 ], [ 112.5464, -7.8227 ], [ 112.5454, -7.8245 ], [ 112.5421, -7.8257 ], [ 112.5358, -7.8352 ], [ 112.5339, -7.835 ], [ 112.5321, -7.837 ], [ 112.5302, -7.836 ], [ 112.5292, -7.8336 ], [ 112.5335, -7.8227 ], [ 112.5313, -7.817 ], [ 112.5323, -7.8112 ], [ 112.531, -7.8045 ], [ 112.5354, -7.7951 ], [ 112.5461, -7.7888 ], [ 112.5518, -7.782 ], [ 112.5581, -7.7791 ], [ 112.5646, -7.7725 ], [ 112.5717, -7.7705 ], [ 112.5814, -7.761 ], [ 112.5882, -7.7667 ], [ 112.5838, -7.7706 ], [ 112.5828, -7.7751 ] ] ] ] } },
{ "type": "Feature", "properties": { "fid": 18, "GID_4": "IDN.11.3.2.9_1", "GID_0": "IDN", "COUNTRY": "Indonesia", "GID_1": "IDN.11_1", "NAME_1": "JawaTimur", "GID_2": "IDN.11.3_1", "NAME_2": "Batu", "GID_3": "IDN.11.3.2_1", "NAME_3": "Bumiaji", "NAME_4": "Tulungrejo", "VARNAME_4": "NA", "TYPE_4": "Kelurahan", "ENGTYPE_4": "UrbanCommunity", "CC_4": "3579030006", "padi_mean": 0.10000000149011612, "jagung_mean": 0.0, "cabai_mean": 0.25, "tomat_mean": 0.10000000149011612, "kentang_mean": 0.75, "wortel_mean": 0.5, "tebu_mean": 0.0 }, "geometry": { "type": "MultiPolygon", "coordinates": [ [ [ [ 112.5087, -7.8243 ], [ 112.5028, -7.8299 ], [ 112.5015, -7.8346 ], [ 112.4962, -7.8378 ], [ 112.4925, -7.8235 ], [ 112.4951, -7.8141 ], [ 112.4917, -7.8071 ], [ 112.4873, -7.8033 ], [ 112.4898, -7.7969 ], [ 112.4878, -7.7885 ], [ 112.4839, -7.782 ], [ 112.4838, -7.7759 ], [ 112.4781, -7.7689 ], [ 112.4966, -7.7625 ], [ 112.5002, -7.7628 ], [ 112.5018, -7.7569 ], [ 112.5052, -7.7554 ], [ 112.5082, -7.7576 ], [ 112.5071, -7.7597 ], [ 112.5252, -7.775 ], [ 112.5242, -7.7828 ], [ 112.526, -7.781 ], [ 112.5263, -7.776 ], [ 112.5324, -7.7769 ], [ 112.539, -7.7747 ], [ 112.5486, -7.7753 ], [ 112.5509, -7.774 ], [ 112.5637, -7.7647 ], [ 112.5733, -7.7599 ], [ 112.5802, -7.7484 ], [ 112.5825, -7.7611 ], [ 112.5717, -7.7705 ], [ 112.5614, -7.7747 ], [ 112.5581, -7.7791 ], [ 112.5518, -7.782 ], [ 112.547, -7.7881 ], [ 112.5349, -7.7959 ], [ 112.531, -7.8045 ], [ 112.5323, -7.8112 ], [ 112.5313, -7.817 ], [ 112.5334, -7.8199 ], [ 112.5315, -7.8276 ], [ 112.5273, -7.8288 ], [ 112.5264, -7.8255 ], [ 112.5236, -7.8271 ], [ 112.5224, -7.8233 ], [ 112.519, -7.8222 ], [ 112.5087, -7.8243 ] ] ] ] } },
{ "type": "Feature", "properties": { "fid": 19, "GID_4": "IDN.11.3.3.1_1", "GID_0": "IDN", "COUNTRY": "Indonesia", "GID_1": "IDN.11_1", "NAME_1": "JawaTimur", "GID_2": "IDN.11.3_1", "NAME_2": "Batu", "GID_3": "IDN.11.3.3_1", "NAME_3": "Junrejo", "NAME_4": "Beji", "VARNAME_4": "NA", "TYPE_4": "Kelurahan", "ENGTYPE_4": "UrbanCommunity", "CC_4": "3579020005", "padi_mean": 0.20000000298023227, "jagung_mean": 0.20000000298023227, "cabai_mean": 0.5, "tomat_mean": 0.5, "kentang_mean": 0.54077767779648189, "wortel_mean": 0.5, "tebu_mean": 0.0 }, "geometry": { "type": "MultiPolygon", "coordinates": [ [ [ [ 112.5313, -7.9064 ], [ 112.5301, -7.9037 ], [ 112.5311, -7.9017 ], [ 112.5385, -7.9008 ], [ 112.5373, -7.8968 ], [ 112.5416, -7.8968 ], [ 112.5432, -7.8954 ], [ 112.5451, -7.8909 ], [ 112.5428, -7.8905 ], [ 112.543, -7.8878 ], [ 112.5505, -7.8866 ], [ 112.5525, -7.8893 ], [ 112.5589, -7.8916 ], [ 112.5619, -7.8948 ], [ 112.5564, -7.8997 ], [ 112.5565, -7.9015 ], [ 112.5522, -7.8996 ], [ 112.5452, -7.9006 ], [ 112.5437, -7.9022 ], [ 112.5382, -7.903 ], [ 112.5391, -7.9057 ], [ 112.5366, -7.9053 ], [ 112.5363, -7.9036 ], [ 112.5333, -7.9037 ], [ 112.5326, -7.9065 ], [ 112.5313, -7.9064 ] ] ] ] } },
{ "type": "Feature", "properties": { "fid": 20, "GID_4": "IDN.11.3.3.2_1", "GID_0": "IDN", "COUNTRY": "Indonesia", "GID_1": "IDN.11_1", "NAME_1": "JawaTimur", "GID_2": "IDN.11.3_1", "NAME_2": "Batu", "GID_3": "IDN.11.3.3_1", "NAME_3": "Junrejo", "NAME_4": "Dadaprejo", "VARNAME_4": "NA", "TYPE_4": "Kelurahan", "ENGTYPE_4": "UrbanCommunity", "CC_4": "3579020007", "padi_mean": 0.20000000298023227, "jagung_mean": 0.20000000298023227, "cabai_mean": 0.5, "tomat_mean": 0.5, "kentang_mean": 0.5, "wortel_mean": 0.5, "tebu_mean": 0.0 }, "geometry": { "type": "MultiPolygon", "coordinates": [ [ [ [ 112.5647, -7.9138 ], [ 112.5647, -7.9089 ], [ 112.5688, -7.9087 ], [ 112.569, -7.906 ], [ 112.5731, -7.9058 ], [ 112.575, -7.9041 ], [ 112.5793, -7.9071 ], [ 112.5802, -7.9104 ], [ 112.5817, -7.9102 ], [ 112.5799, -7.9116 ], [ 112.5797, -7.9188 ], [ 112.5729, -7.9137 ], [ 112.5673, -7.9126 ], [ 112.5647, -7.9138 ] ] ] ] } },
{ "type": "Feature", "properties": { "fid": 21, "GID_4": "IDN.11.3.3.3_1", "GID_0": "IDN", "COUNTRY": "Indonesia", "GID_1": "IDN.11_1", "NAME_1": "JawaTimur", "GID_2": "IDN.11.3_1", "NAME_2": "Batu", "GID_3": "IDN.11.3.3_1", "NAME_3": "Junrejo", "NAME_4": "Hutan", "VARNAME_4": "NA", "TYPE_4": "Kelurahan", "ENGTYPE_4": "UrbanCommunity", "CC_4": "3579020999", "padi_mean": 0.14491543251896441, "jagung_mean": 0.27876865975632314, "cabai_mean": 0.36228857589889052, "tomat_mean": 0.20927931667434191, "kentang_mean": 0.80178288541027498, "wortel_mean": 0.49845672134648633, "tebu_mean": 0.0 }, "geometry": { "type": "MultiPolygon", "coordinates": [ [ [ [ 112.4886, -7.9324 ], [ 112.4883, -7.9257 ], [ 112.4913, -7.9195 ], [ 112.4974, -7.9155 ], [ 112.505, -7.9161 ], [ 112.5074, -7.9092 ], [ 112.5144, -7.9113 ], [ 112.5189, -7.9146 ], [ 112.5203, -7.9131 ], [ 112.5294, -7.9143 ], [ 112.5292, -7.9254 ], [ 112.5227, -7.9272 ], [ 112.5126, -7.9225 ], [ 112.4886, -7.9324 ] ] ] ] } },
{ "type": "Feature", "properties": { "fid": 22, "GID_4": "IDN.11.3.3.4_1", "GID_0": "IDN", "COUNTRY": "Indonesia", "GID_1": "IDN.11_1", "NAME_1": "JawaTimur", "GID_2": "IDN.11.3_1", "NAME_2": "Batu", "GID_3": "IDN.11.3.3_1", "NAME_3": "Junrejo", "NAME_4": "Junrejo", "VARNAME_4": "NA", "TYPE_4": "Kelurahan", "ENGTYPE_4": "UrbanCommunity", "CC_4": "3579020002", "padi_mean": 0.20000000298023224, "jagung_mean": 0.20000000298023224, "cabai_mean": 0.5, "tomat_mean": 0.5, "kentang_mean": 0.51487651396226752, "wortel_mean": 0.5, "tebu_mean": 0.0 }, "geometry": { "type": "MultiPolygon", "coordinates": [ [ [ [ 112.5391, -7.9057 ], [ 112.5382, -7.903 ], [ 112.5437, -7.9022 ], [ 112.5445, -7.9008 ], [ 112.5522, -7.8996 ], [ 112.5563, -7.9015 ], [ 112.557, -7.8997 ], [ 112.5591, -7.9066 ], [ 112.5647, -7.9089 ], [ 112.5647, -7.9138 ], [ 112.5607, -7.9147 ], [ 112.5606, -7.9161 ], [ 112.5569, -7.9162 ], [ 112.5553, -7.9183 ], [ 112.55, -7.9204 ], [ 112.549, -7.9182 ], [ 112.5511, -7.9142 ], [ 112.5507, -7.9115 ], [ 112.5391, -7.9109 ], [ 112.5391, -7.9057 ] ] ] ] } },
{ "type": "Feature", "properties": { "fid": 23, "GID_4": "IDN.11.3.3.5_1", "GID_0": "IDN", "COUNTRY": "Indonesia", "GID_1": "IDN.11_1", "NAME_1": "JawaTimur", "GID_2": "IDN.11.3_1", "NAME_2": "Batu", "GID_3": "IDN.11.3.3_1", "NAME_3": "Junrejo", "NAME_4": "Mojorejo", "VARNAME_4": "NA", "TYPE_4": "Kelurahan", "ENGTYPE_4": "UrbanCommunity", "CC_4": "3579020003", "padi_mean": 0.20000000298023224, "jagung_mean": 0.20000000298023224, "cabai_mean": 0.5, "tomat_mean": 0.5, "kentang_mean": 0.5, "wortel_mean": 0.5, "tebu_mean": 0.0 }, "geometry": { "type": "MultiPolygon", "coordinates": [ [ [ [ 112.557, -7.8997 ], [ 112.5619, -7.8948 ], [ 112.5724, -7.8995 ], [ 112.575, -7.9041 ], [ 112.5731, -7.9058 ], [ 112.569, -7.906 ], [ 112.5688, -7.9087 ], [ 112.5628, -7.9088 ], [ 112.5591, -7.9066 ], [ 112.557, -7.8997 ] ] ] ] } },
{ "type": "Feature", "properties": { "fid": 24, "GID_4": "IDN.11.3.3.6_1", "GID_0": "IDN", "COUNTRY": "Indonesia", "GID_1": "IDN.11_1", "NAME_1": "JawaTimur", "GID_2": "IDN.11.3_1", "NAME_2": "Batu", "GID_3": "IDN.11.3.3_1", "NAME_3": "Junrejo", "NAME_4": "Pendem", "VARNAME_4": "NA", "TYPE_4": "Kelurahan", "ENGTYPE_4": "UrbanCommunity", "CC_4": "3579020006", "padi_mean": 0.33121292581784934, "jagung_mean": 0.33121292581784934, "cabai_mean": 0.5, "tomat_mean": 0.5, "kentang_mean": 0.5, "wortel_mean": 0.4125247224531996, "tebu_mean": 0.13121292935503348 }, "geometry": { "type": "MultiPolygon", "coordinates": [ [ [ [ 112.5817, -7.9102 ], [ 112.579, -7.9092 ], [ 112.5793, -7.9071 ], [ 112.5778, -7.9073 ], [ 112.5775, -7.9051 ], [ 112.5755, -7.9047 ], [ 112.574, -7.901 ], [ 112.5726, -7.9009 ], [ 112.5737, -7.8908 ], [ 112.5834, -7.8905 ], [ 112.5947, -7.9034 ], [ 112.5905, -7.9086 ], [ 112.5817, -7.9102 ] ] ] ] } },
{ "type": "Feature", "properties": { "fid": 25, "GID_4": "IDN.11.3.3.7_1", "GID_0": "IDN", "COUNTRY": "Indonesia", "GID_1": "IDN.11_1", "NAME_1": "JawaTimur", "GID_2": "IDN.11.3_1", "NAME_2": "Batu", "GID_3": "IDN.11.3.3_1", "NAME_3": "Junrejo", "NAME_4": "Tlekung", "VARNAME_4": "NA", "TYPE_4": "Kelurahan", "ENGTYPE_4": "UrbanCommunity", "CC_4": "3579020001", "padi_mean": 0.20000000298023224, "jagung_mean": 0.20000000298023224, "cabai_mean": 0.5, "tomat_mean": 0.40349486972382681, "kentang_mean": 0.73501914640520616, "wortel_mean": 0.5, "tebu_mean": 0.0 }, "geometry": { "type": "MultiPolygon", "coordinates": [ [ [ [ 112.5294, -7.9143 ], [ 112.5308, -7.9146 ], [ 112.5307, -7.9088 ], [ 112.5328, -7.9041 ], [ 112.5363, -7.9036 ], [ 112.5362, -7.905 ], [ 112.5398, -7.9068 ], [ 112.539, -7.9108 ], [ 112.5507, -7.9115 ], [ 112.5511, -7.9142 ], [ 112.5481, -7.9229 ], [ 112.5429, -7.9227 ], [ 112.5343, -7.9255 ], [ 112.5292, -7.9254 ], [ 112.5294, -7.9143 ] ] ] ] } },
{ "type": "Feature", "properties": { "fid": 26, "GID_4": "IDN.11.3.3.8_1", "GID_0": "IDN", "COUNTRY": "Indonesia", "GID_1": "IDN.11_1", "NAME_1": "JawaTimur", "GID_2": "IDN.11.3_1", "NAME_2": "Batu", "GID_3": "IDN.11.3.3_1", "NAME_3": "Junrejo", "NAME_4": "Torongrejo", "VARNAME_4": "NA", "TYPE_4": "Kelurahan", "ENGTYPE_4": "UrbanCommunity", "CC_4": "3579020004", "padi_mean": 0.20000000298023227, "jagung_mean": 0.20000000298023227, "cabai_mean": 0.5, "tomat_mean": 0.5, "kentang_mean": 0.5, "wortel_mean": 0.5, "tebu_mean": 0.0 }, "geometry": { "type": "MultiPolygon", "coordinates": [ [ [ [ 112.5521, -7.8874 ], [ 112.5519, -7.8834 ], [ 112.5498, -7.8824 ], [ 112.5503, -7.8742 ], [ 112.5516, -7.8769 ], [ 112.5588, -7.8772 ], [ 112.5585, -7.8801 ], [ 112.5616, -7.8841 ], [ 112.5663, -7.8825 ], [ 112.5692, -7.888 ], [ 112.5737, -7.8908 ], [ 112.5724, -7.8995 ], [ 112.5628, -7.8957 ], [ 112.5589, -7.8916 ], [ 112.5525, -7.8893 ], [ 112.5521, -7.8874 ] ] ] ] } },
{ "type": "Feature", "properties": { "fid": 27, "GID_4": "IDN.11.4.3.3_1", "GID_0": "IDN", "COUNTRY": "Indonesia", "GID_1": "IDN.11_1", "NAME_1": "JawaTimur", "GID_2": "IDN.11.4_1", "NAME_2": "Blitar", "GID_3": "IDN.11.4.3_1", "NAME_3": "Doko", "NAME_4": "HutanResapOmbo", "VARNAME_4": "NA", "TYPE_4": "Desa", "ENGTYPE_4": "Village", "CC_4": "3505130999", "padi_mean": 0.0064103653991783201, "jagung_mean": 0.025920406338073385, "cabai_mean": 0.016025913259141083, "tomat_mean": 0.016025913259141083, "kentang_mean": 0.96446404580196388, "wortel_mean": 0.5, "tebu_mean": 0.0 }, "geometry": { "type": "MultiPolygon", "coordinates": [ [ [ [ 112.443397788614334, -8.011230956186667 ], [ 112.445460307252986, -8.005589631727114 ], [ 112.447527713361211, -8.002881236221755 ], [ 112.448151547905127, -7.997842572597775 ], [ 112.449598017453937, -7.993919917253385 ], [ 112.449544442317475, -7.993768428936494 ], [ 112.4484093747309, -7.98771229188347 ], [ 112.449171676082656, -7.981598040410051 ], [ 112.451758994113248, -7.976005996075497 ], [ 112.45444126695898, -7.971982586806893 ], [ 112.453688819064169, -7.971612595137363 ], [ 112.449188658301054, -7.967033063546747 ], [ 112.4652, -7.955 ], [ 112.4745, -7.9581 ], [ 112.4789, -7.9721 ], [ 112.4694, -7.9852 ], [ 112.4545, -8.0176 ], [ 112.4452, -8.018 ], [ 112.4475, -8.0137 ], [ 112.443288326831961, -8.013461039820253 ], [ 112.443397788614334, -8.011230956186667 ] ] ] ] } },
{ "type": "Feature", "properties": { "fid": 28, "GID_4": "IDN.11.4.20.4_1", "GID_0": "IDN", "COUNTRY": "Indonesia", "GID_1": "IDN.11_1", "NAME_1": "JawaTimur", "GID_2": "IDN.11.4_1", "NAME_2": "Blitar", "GID_3": "IDN.11.4.20_1", "NAME_3": "Wlingi", "NAME_4": "HutanNgadirenggo", "VARNAME_4": "NA", "TYPE_4": "Desa", "ENGTYPE_4": "Village", "CC_4": "3505140999", "padi_mean": 0.0, "jagung_mean": 0.058855326142783215, "cabai_mean": 0.0, "tomat_mean": 0.01099315504717477, "kentang_mean": 0.94114467385721678, "wortel_mean": 0.7362878391822697, "tebu_mean": 0.0 }, "geometry": { "type": "MultiPolygon", "coordinates": [ [ [ [ 112.448985149720457, -7.966825965617834 ], [ 112.446129641807417, -7.960752877275747 ], [ 112.445129641807412, -7.957152877275747 ], [ 112.444400213136404, -7.951892333151379 ], [ 112.444675020674509, -7.949766346876084 ], [ 112.442373295212391, -7.945968499863605 ], [ 112.437753208625253, -7.941884075489467 ], [ 112.437122066360686, -7.941099646594652 ], [ 112.436357375060794, -7.941481992244599 ], [ 112.434510538786498, -7.943457677561294 ], [ 112.428844271910009, -7.947688543819996 ], [ 112.419716241477957, -7.952252559036023 ], [ 112.422, -7.9469 ], [ 112.4327, -7.9378 ], [ 112.4338, -7.9344 ], [ 112.4325, -7.9204 ], [ 112.438, -7.9137 ], [ 112.4427, -7.9109 ], [ 112.4461, -7.911 ], [ 112.4518, -7.9176 ], [ 112.4525, -7.9204 ], [ 112.4508, -7.9266 ], [ 112.4579, -7.933 ], [ 112.4659, -7.9462 ], [ 112.4644, -7.9518 ], [ 112.4652, -7.955 ], [ 112.4632, -7.957 ], [ 112.449162369436664, -7.967006311016942 ], [ 112.448985149720457, -7.966825965617834 ] ] ] ] } },
{ "type": "Feature", "properties": { "fid": 29, "GID_4": "IDN.11.9.21.3_1", "GID_0": "IDN", "COUNTRY": "Indonesia", "GID_1": "IDN.11_1", "NAME_1": "JawaTimur", "GID_2": "IDN.11.9_1", "NAME_2": "Jombang", "GID_3": "IDN.11.9.21_1", "NAME_3": "Wonosalam", "NAME_4": "Jarak", "VARNAME_4": "NA", "TYPE_4": "Desa", "ENGTYPE_4": "Village", "CC_4": "3517080003", "padi_mean": 0.055202678333344336, "jagung_mean": 0.055202678333344336, "cabai_mean": 0.10245742046959749, "tomat_mean": 0.055202678333344336, "kentang_mean": 0.97630048387321389, "wortel_mean": 0.33150317178031879, "tebu_mean": 0.0 }, "geometry": { "type": "MultiPolygon", "coordinates": [ [ [ [ 112.404705714619965, -7.757207220262393 ], [ 112.40857263145331, -7.752261187667958 ], [ 112.413782398866232, -7.748757674042377 ], [ 112.419821642676013, -7.747041918107747 ], [ 112.426095251506453, -7.747282991673002 ], [ 112.428833680293806, -7.748293854602729 ], [ 112.428853422858225, -7.748282474774028 ], [ 112.435212391116877, -7.747011823644368 ], [ 112.44164364603273, -7.747842481103998 ], [ 112.447471085346422, -7.750687122145191 ], [ 112.448250956512098, -7.751458295702989 ], [ 112.4468, -7.7591 ], [ 112.4477, -7.7649 ], [ 112.4509, -7.7673 ], [ 112.45, -7.7705 ], [ 112.4558, -7.7791 ], [ 112.4433, -7.7769 ], [ 112.4359, -7.767 ], [ 112.4304, -7.7715 ], [ 112.4222, -7.7669 ], [ 112.4157, -7.7636 ], [ 112.40223502085459, -7.76054689426354 ], [ 112.403171552921464, -7.759976195035287 ], [ 112.404705714619965, -7.757207220262393 ] ] ], [ [ [ 112.365373949734519, -7.747547409892253 ], [ 112.371780766846143, -7.74898567495813 ], [ 112.377112017475184, -7.751016387199389 ], [ 112.379509459650308, -7.752839543191791 ], [ 112.3762, -7.7515 ], [ 112.3717, -7.7536 ], [ 112.3597, -7.7515 ], [ 112.3581, -7.7486 ], [ 112.359876692424251, -7.744106013279832 ], [ 112.360110840507161, -7.744209828431005 ], [ 112.365373949734519, -7.747547409892253 ] ] ] ] } },
{ "type": "Feature", "properties": { "fid": 30, "GID_4": "IDN.11.14.4.1_1", "GID_0": "IDN", "COUNTRY": "Indonesia", "GID_1": "IDN.11_1", "NAME_1": "JawaTimur", "GID_2": "IDN.11.14_1", "NAME_2": "KotaMalang", "GID_3": "IDN.11.14.4_1", "NAME_3": "Lowokwaru", "NAME_4": "Dinoyo", "VARNAME_4": "NA", "TYPE_4": "Kelurahan", "ENGTYPE_4": "UrbanCommunity", "CC_4": "3573050002", "padi_mean": 0.5, "jagung_mean": 0.5, "cabai_mean": 0.5, "tomat_mean": 0.5, "kentang_mean": 0.5, "wortel_mean": 0.80000001192092896, "tebu_mean": 0.30000001192092896 }, "geometry": { "type": "MultiPolygon", "coordinates": [ [ [ [ 112.6081, -7.933 ], [ 112.6126, -7.9409 ], [ 112.614, -7.9467 ], [ 112.6114, -7.9448 ], [ 112.6091, -7.946 ], [ 112.608, -7.9543 ], [ 112.6042, -7.9545 ], [ 112.6029, -7.9533 ], [ 112.6036, -7.95 ], [ 112.6063, -7.9466 ], [ 112.6068, -7.942 ], [ 112.6047, -7.9363 ], [ 112.6081, -7.933 ] ] ] ] } },
{ "type": "Feature", "properties": { "fid": 31, "GID_4": "IDN.11.14.4.2_1", "GID_0": "IDN", "COUNTRY": "Indonesia", "GID_1": "IDN.11_1", "NAME_1": "JawaTimur", "GID_2": "IDN.11.14_1", "NAME_2": "KotaMalang", "GID_3": "IDN.11.14.4_1", "NAME_3": "Lowokwaru", "NAME_4": "Jatimulyo", "VARNAME_4": "NA", "TYPE_4": "Kelurahan", "ENGTYPE_4": "UrbanCommunity", "CC_4": "3573050005", "padi_mean": 0.5, "jagung_mean": 0.5, "cabai_mean": 0.5, "tomat_mean": 0.5, "kentang_mean": 0.5, "wortel_mean": 0.80000001192092896, "tebu_mean": 0.33275102856465844 }, "geometry": { "type": "MultiPolygon", "coordinates": [ [ [ [ 112.6245, -7.9563 ], [ 112.6138, -7.9466 ], [ 112.6126, -7.9409 ], [ 112.6071, -7.9317 ], [ 112.6105, -7.928 ], [ 112.6136, -7.9297 ], [ 112.6128, -7.9357 ], [ 112.6224, -7.9413 ], [ 112.6232, -7.943 ], [ 112.62, -7.945 ], [ 112.6242, -7.9479 ], [ 112.6258, -7.9465 ], [ 112.6327, -7.9498 ], [ 112.6321, -7.9518 ], [ 112.6272, -7.952 ], [ 112.6245, -7.9563 ] ] ] ] } },
{ "type": "Feature", "properties": { "fid": 32, "GID_4": "IDN.11.14.4.3_1", "GID_0": "IDN", "COUNTRY": "Indonesia", "GID_1": "IDN.11_1", "NAME_1": "JawaTimur", "GID_2": "IDN.11.14_1", "NAME_2": "KotaMalang", "GID_3": "IDN.11.14.4_1", "NAME_3": "Lowokwaru", "NAME_4": "Ketawanggede", "VARNAME_4": "NA", "TYPE_4": "Kelurahan", "ENGTYPE_4": "UrbanCommunity", "CC_4": "3573050004", "padi_mean": 0.5, "jagung_mean": 0.5, "cabai_mean": 0.5, "tomat_mean": 0.5, "kentang_mean": 0.5, "wortel_mean": 0.80000001192092896, "tebu_mean": 0.30000001192092896 }, "geometry": { "type": "MultiPolygon", "coordinates": [ [ [ [ 112.6166, -7.9503 ], [ 112.6164, -7.9552 ], [ 112.6137, -7.9572 ], [ 112.6082, -7.9513 ], [ 112.6081, -7.9472 ], [ 112.6114, -7.9448 ], [ 112.6166, -7.9503 ] ] ] ] } },
{ "type": "Feature", "properties": { "fid": 33, "GID_4": "IDN.11.14.4.5_1", "GID_0": "IDN", "COUNTRY": "Indonesia", "GID_1": "IDN.11_1", "NAME_1": "JawaTimur", "GID_2": "IDN.11.14_1", "NAME_2": "KotaMalang", "GID_3": "IDN.11.14.4_1", "NAME_3": "Lowokwaru", "NAME_4": "Merjosari", "VARNAME_4": "NA", "TYPE_4": "Kelurahan", "ENGTYPE_4": "UrbanCommunity", "CC_4": "3573050001", "padi_mean": 0.41826464645265721, "jagung_mean": 0.41826464645265721, "cabai_mean": 0.5, "tomat_mean": 0.5, "kentang_mean": 0.5, "wortel_mean": 0.7182646543137472, "tebu_mean": 0.21826465431374723 }, "geometry": { "type": "MultiPolygon", "coordinates": [ [ [ [ 112.605, -7.9371 ], [ 112.6067, -7.9453 ], [ 112.6039, -7.9498 ], [ 112.6012, -7.951 ], [ 112.5896, -7.9468 ], [ 112.5866, -7.9479 ], [ 112.58, -7.9432 ], [ 112.5691, -7.9388 ], [ 112.5707, -7.9358 ], [ 112.5739, -7.9352 ], [ 112.598, -7.9414 ], [ 112.5998, -7.9388 ], [ 112.6022, -7.9394 ], [ 112.605, -7.9371 ] ] ] ] } },
{ "type": "Feature", "properties": { "fid": 34, "GID_4": "IDN.11.14.4.6_1", "GID_0": "IDN", "COUNTRY": "Indonesia", "GID_1": "IDN.11_1", "NAME_1": "JawaTimur", "GID_2": "IDN.11.14_1", "NAME_2": "KotaMalang", "GID_3": "IDN.11.14.4_1", "NAME_3": "Lowokwaru", "NAME_4": "Mojolangu", "VARNAME_4": "NA", "TYPE_4": "Kelurahan", "ENGTYPE_4": "UrbanCommunity", "CC_4": "3573050008", "padi_mean": 0.5, "jagung_mean": 0.5, "cabai_mean": 0.5, "tomat_mean": 0.5, "kentang_mean": 0.5, "wortel_mean": 0.80000001192092896, "tebu_mean": 0.42891181595598227 }, "geometry": { "type": "MultiPolygon", "coordinates": [ [ [ [ 112.6408, -7.9388 ], [ 112.6367, -7.945 ], [ 112.6377, -7.9472 ], [ 112.6268, -7.9407 ], [ 112.6233, -7.9431 ], [ 112.6126, -7.9352 ], [ 112.6166, -7.9329 ], [ 112.623, -7.9351 ], [ 112.6237, -7.9311 ], [ 112.6204, -7.9299 ], [ 112.6213, -7.9279 ], [ 112.6255, -7.9282 ], [ 112.6324, -7.9314 ], [ 112.6337, -7.9364 ], [ 112.6354, -7.9375 ], [ 112.6417, -7.9361 ], [ 112.6408, -7.9388 ] ] ] ] } },
{ "type": "Feature", "properties": { "fid": 35, "GID_4": "IDN.11.14.4.7_1", "GID_0": "IDN", "COUNTRY": "Indonesia", "GID_1": "IDN.11_1", "NAME_1": "JawaTimur", "GID_2": "IDN.11.14_1", "NAME_2": "KotaMalang", "GID_3": "IDN.11.14.4_1", "NAME_3": "Lowokwaru", "NAME_4": "Sumbersari", "VARNAME_4": "NA", "TYPE_4": "Kelurahan", "ENGTYPE_4": "UrbanCommunity", "CC_4": "3573050003", "padi_mean": 0.5, "jagung_mean": 0.5, "cabai_mean": 0.5, "tomat_mean": 0.5, "kentang_mean": 0.5, "wortel_mean": 0.80000001192092907, "tebu_mean": 0.43843706472355931 }, "geometry": { "type": "MultiPolygon", "coordinates": [ [ [ [ 112.6192, -7.9667 ], [ 112.6087, -7.9618 ], [ 112.6062, -7.9582 ], [ 112.6082, -7.9513 ], [ 112.6127, -7.9568 ], [ 112.6157, -7.9561 ], [ 112.6215, -7.96 ], [ 112.6217, -7.9636 ], [ 112.6192, -7.9667 ] ] ] ] } },
{ "type": "Feature", "properties": { "fid": 36, "GID_4": "IDN.11.14.4.8_1", "GID_0": "IDN", "COUNTRY": "Indonesia", "GID_1": "IDN.11_1", "NAME_1": "JawaTimur", "GID_2": "IDN.11.14_1", "NAME_2": "KotaMalang", "GID_3": "IDN.11.14.4_1", "NAME_3": "Lowokwaru", "NAME_4": "Tasikmadu", "VARNAME_4": "NA", "TYPE_4": "Kelurahan", "ENGTYPE_4": "UrbanCommunity", "CC_4": "3573050010", "padi_mean": 0.5, "jagung_mean": 0.5, "cabai_mean": 0.5, "tomat_mean": 0.5, "kentang_mean": 0.5, "wortel_mean": 0.78706280502830706, "tebu_mean": 0.40217050426396495 }, "geometry": { "type": "MultiPolygon", "coordinates": [ [ [ [ 112.6399, -7.9205 ], [ 112.6381, -7.9239 ], [ 112.632, -7.9207 ], [ 112.6314, -7.9238 ], [ 112.6327, -7.9254 ], [ 112.6303, -7.9261 ], [ 112.6236, -7.9252 ], [ 112.6204, -7.9226 ], [ 112.6106, -7.9197 ], [ 112.6178, -7.9199 ], [ 112.6276, -7.9115 ], [ 112.6303, -7.9113 ], [ 112.6399, -7.9205 ] ] ] ] } },
{ "type": "Feature", "properties": { "fid": 37, "GID_4": "IDN.11.14.4.9_1", "GID_0": "IDN", "COUNTRY": "Indonesia", "GID_1": "IDN.11_1", "NAME_1": "JawaTimur", "GID_2": "IDN.11.14_1", "NAME_2": "KotaMalang", "GID_3": "IDN.11.14.4_1", "NAME_3": "Lowokwaru", "NAME_4": "Tlogomas", "VARNAME_4": "NA", "TYPE_4": "Kelurahan", "ENGTYPE_4": "UrbanCommunity", "CC_4": "3573050012", "padi_mean": 0.5, "jagung_mean": 0.5, "cabai_mean": 0.5, "tomat_mean": 0.5, "kentang_mean": 0.5, "wortel_mean": 0.80000001192092896, "tebu_mean": 0.30000001192092896 }, "geometry": { "type": "MultiPolygon", "coordinates": [ [ [ [ 112.6081, -7.933 ], [ 112.6038, -7.9384 ], [ 112.5998, -7.9388 ], [ 112.598, -7.9414 ], [ 112.5853, -7.9379 ], [ 112.5853, -7.9366 ], [ 112.59, -7.9362 ], [ 112.5961, -7.9376 ], [ 112.599, -7.9358 ], [ 112.5974, -7.9303 ], [ 112.5992, -7.9303 ], [ 112.6001, -7.9264 ], [ 112.5961, -7.9227 ], [ 112.5932, -7.9232 ], [ 112.5941, -7.92 ], [ 112.5918, -7.9173 ], [ 112.5962, -7.9202 ], [ 112.5972, -7.9229 ], [ 112.5992, -7.9219 ], [ 112.5998, -7.9239 ], [ 112.6018, -7.9239 ], [ 112.6015, -7.9257 ], [ 112.6044, -7.9262 ], [ 112.6081, -7.933 ] ] ] ] } },
{ "type": "Feature", "properties": { "fid": 38, "GID_4": "IDN.11.14.4.11_1", "GID_0": "IDN", "COUNTRY": "Indonesia", "GID_1": "IDN.11_1", "NAME_1": "JawaTimur", "GID_2": "IDN.11.14_1", "NAME_2": "KotaMalang", "GID_3": "IDN.11.14.4_1", "NAME_3": "Lowokwaru", "NAME_4": "Tunggulwulung", "VARNAME_4": "NA", "TYPE_4": "Kelurahan", "ENGTYPE_4": "UrbanCommunity", "CC_4": "3573050011", "padi_mean": 0.5, "jagung_mean": 0.5, "cabai_mean": 0.5, "tomat_mean": 0.5, "kentang_mean": 0.5, "wortel_mean": 0.80000001192092884, "tebu_mean": 0.30000001192092896 }, "geometry": { "type": "MultiPolygon", "coordinates": [ [ [ [ 112.6131, -7.9345 ], [ 112.6134, -7.9296 ], [ 112.6105, -7.928 ], [ 112.6071, -7.9317 ], [ 112.6044, -7.9262 ], [ 112.6014, -7.9254 ], [ 112.6025, -7.9216 ], [ 112.6097, -7.9239 ], [ 112.6112, -7.9229 ], [ 112.6106, -7.9198 ], [ 112.6189, -7.9224 ], [ 112.6183, -7.9253 ], [ 112.6219, -7.9265 ], [ 112.6204, -7.9299 ], [ 112.6237, -7.9311 ], [ 112.6234, -7.9346 ], [ 112.6166, -7.9329 ], [ 112.6131, -7.9345 ] ] ] ] } },
{ "type": "Feature", "properties": { "fid": 39, "GID_4": "IDN.11.14.5.6_1", "GID_0": "IDN", "COUNTRY": "Indonesia", "GID_1": "IDN.11_1", "NAME_1": "JawaTimur", "GID_2": "IDN.11.14_1", "NAME_2": "KotaMalang", "GID_3": "IDN.11.14.5_1", "NAME_3": "Sukun", "NAME_4": "KarangBesuki", "VARNAME_4": "NA", "TYPE_4": "Kelurahan", "ENGTYPE_4": "UrbanCommunity", "CC_4": "3573020011", "padi_mean": 0.5, "jagung_mean": 0.5, "cabai_mean": 0.5, "tomat_mean": 0.5, "kentang_mean": 0.5, "wortel_mean": 0.80000001192092896, "tebu_mean": 0.39070138387791919 }, "geometry": { "type": "MultiPolygon", "coordinates": [ [ [ [ 112.6128, -7.964 ], [ 112.6123, -7.9717 ], [ 112.6103, -7.9709 ], [ 112.6103, -7.9677 ], [ 112.6066, -7.9664 ], [ 112.605, -7.9635 ], [ 112.6027, -7.9642 ], [ 112.6009, -7.9629 ], [ 112.5989, -7.9643 ], [ 112.5993, -7.9567 ], [ 112.5961, -7.9549 ], [ 112.5907, -7.9555 ], [ 112.5901, -7.9501 ], [ 112.5918, -7.95 ], [ 112.5926, -7.948 ], [ 112.6012, -7.951 ], [ 112.6036, -7.95 ], [ 112.6032, -7.9539 ], [ 112.608, -7.9543 ], [ 112.6062, -7.9582 ], [ 112.6087, -7.9618 ], [ 112.6122, -7.9625 ], [ 112.6128, -7.964 ] ] ] ] } },
{ "type": "Feature", "properties": { "fid": 40, "GID_4": "IDN.11.22.5.1_1", "GID_0": "IDN", "COUNTRY": "Indonesia", "GID_1": "IDN.11_1", "NAME_1": "JawaTimur", "GID_2": "IDN.11.22_1", "NAME_2": "Malang", "GID_3": "IDN.11.22.5_1", "NAME_3": "Dau", "NAME_4": "Gadingkulon", "VARNAME_4": "NA", "TYPE_4": "Desa", "ENGTYPE_4": "Village", "CC_4": "3507300008", "padi_mean": 0.20000000298023224, "jagung_mean": 0.20000000298023224, "cabai_mean": 0.5, "tomat_mean": 0.40756095101600809, "kentang_mean": 0.65406508317048562, "wortel_mean": 0.5, "tebu_mean": 0.0 }, "geometry": { "type": "MultiPolygon", "coordinates": [ [ [ [ 112.5227, -7.9272 ], [ 112.5429, -7.9227 ], [ 112.5483, -7.925 ], [ 112.557, -7.9238 ], [ 112.5686, -7.9257 ], [ 112.5718, -7.9278 ], [ 112.5713, -7.9297 ], [ 112.5668, -7.931 ], [ 112.5652, -7.933 ], [ 112.5559, -7.9337 ], [ 112.5549, -7.9375 ], [ 112.5518, -7.9384 ], [ 112.545, -7.9368 ], [ 112.5464, -7.9332 ], [ 112.5376, -7.9297 ], [ 112.5306, -7.9345 ], [ 112.5276, -7.9341 ], [ 112.5227, -7.9272 ] ] ] ] } },
{ "type": "Feature", "properties": { "fid": 41, "GID_4": "IDN.11.22.5.2_1", "GID_0": "IDN", "COUNTRY": "Indonesia", "GID_1": "IDN.11_1", "NAME_1": "JawaTimur", "GID_2": "IDN.11.22_1", "NAME_2": "Malang", "GID_3": "IDN.11.22.5_1", "NAME_3": "Dau", "NAME_4": "Kalisongo", "VARNAME_4": "NA", "TYPE_4": "Desa", "ENGTYPE_4": "Village", "CC_4": "3507300002", "padi_mean": 0.35461677589513863, "jagung_mean": 0.35461677589513863, "cabai_mean": 0.5, "tomat_mean": 0.5, "kentang_mean": 0.5, "wortel_mean": 0.56077653615236545, "tebu_mean": 0.25769462408481014 }, "geometry": { "type": "MultiPolygon", "coordinates": [ [ [ [ 112.5988, -7.9747 ], [ 112.5882, -7.9722 ], [ 112.581, -7.9667 ], [ 112.5791, -7.9682 ], [ 112.573, -7.9675 ], [ 112.5708, -7.9704 ], [ 112.5681, -7.9701 ], [ 112.5631, -7.9746 ], [ 112.5605, -7.9667 ], [ 112.565, -7.9639 ], [ 112.571, -7.9633 ], [ 112.5745, -7.9562 ], [ 112.5805, -7.959 ], [ 112.5828, -7.9582 ], [ 112.5917, -7.9621 ], [ 112.5954, -7.9612 ], [ 112.598, -7.9629 ], [ 112.6022, -7.9671 ], [ 112.603, -7.9702 ], [ 112.6028, -7.9717 ], [ 112.5998, -7.9721 ], [ 112.5988, -7.9747 ] ] ] ] } },
{ "type": "Feature", "properties": { "fid": 42, "GID_4": "IDN.11.22.5.3_1", "GID_0": "IDN", "COUNTRY": "Indonesia", "GID_1": "IDN.11_1", "NAME_1": "JawaTimur", "GID_2": "IDN.11.22_1", "NAME_2": "Malang", "GID_3": "IDN.11.22.5_1", "NAME_3": "Dau", "NAME_4": "Karangwidoro", "VARNAME_4": "NA", "TYPE_4": "Desa", "ENGTYPE_4": "Village", "CC_4": "3507300003", "padi_mean": 0.29907788656125628, "jagung_mean": 0.29907788656125628, "cabai_mean": 0.5, "tomat_mean": 0.5, "kentang_mean": 0.5, "wortel_mean": 0.58568882659499721, "tebu_mean": 0.12087553957770149 }, "geometry": { "type": "MultiPolygon", "coordinates": [ [ [ [ 112.59, -7.9505 ], [ 112.5907, -7.9555 ], [ 112.5961, -7.9549 ], [ 112.5993, -7.9567 ], [ 112.598, -7.9629 ], [ 112.5954, -7.9612 ], [ 112.5917, -7.9621 ], [ 112.5828, -7.9582 ], [ 112.5805, -7.959 ], [ 112.5745, -7.9562 ], [ 112.5727, -7.9614 ], [ 112.5666, -7.9607 ], [ 112.5565, -7.9555 ], [ 112.5605, -7.9523 ], [ 112.5628, -7.9458 ], [ 112.5746, -7.9498 ], [ 112.59, -7.9505 ] ] ] ] } },
{ "type": "Feature", "properties": { "fid": 43, "GID_4": "IDN.11.22.5.4_1", "GID_0": "IDN", "COUNTRY": "Indonesia", "GID_1": "IDN.11_1", "NAME_1": "JawaTimur", "GID_2": "IDN.11.22_1", "NAME_2": "Malang", "GID_3": "IDN.11.22.5_1", "NAME_3": "Dau", "NAME_4": "Kucur", "VARNAME_4": "NA", "TYPE_4": "Desa", "ENGTYPE_4": "Village", "CC_4": "3507300001", "padi_mean": 0.13532393903992343, "jagung_mean": 0.23814503833127337, "cabai_mean": 0.33830984255859903, "tomat_mean": 0.16872967976387968, "kentang_mean": 0.84150266561562914, "wortel_mean": 0.48145565307082938, "tebu_mean": 0.0 }, "geometry": { "type": "MultiPolygon", "coordinates": [ [ [ [ 112.4741, -7.9423 ], [ 112.4849, -7.9339 ], [ 112.5126, -7.9225 ], [ 112.5222, -7.9267 ], [ 112.5289, -7.9345 ], [ 112.5213, -7.9362 ], [ 112.5232, -7.9392 ], [ 112.5288, -7.9394 ], [ 112.533, -7.9375 ], [ 112.5295, -7.9417 ], [ 112.54, -7.9458 ], [ 112.5354, -7.9476 ], [ 112.532, -7.9466 ], [ 112.5337, -7.9486 ], [ 112.5387, -7.9485 ], [ 112.5445, -7.9544 ], [ 112.5587, -7.9558 ], [ 112.5666, -7.9607 ], [ 112.5721, -7.9609 ], [ 112.5698, -7.9641 ], [ 112.565, -7.9639 ], [ 112.5605, -7.9667 ], [ 112.563, -7.9746 ], [ 112.5538, -7.9747 ], [ 112.5407, -7.968 ], [ 112.5337, -7.9693 ], [ 112.5319, -7.9677 ], [ 112.5264, -7.968 ], [ 112.5275, -7.9719 ], [ 112.5199, -7.9727 ], [ 112.5177, -7.9786 ], [ 112.5176, -7.9808 ], [ 112.5209, -7.9822 ], [ 112.5203, -7.9841 ], [ 112.5226, -7.9854 ], [ 112.521, -7.9865 ], [ 112.523, -7.9912 ], [ 112.5139, -7.9877 ], [ 112.5137, -7.9897 ], [ 112.5186, -7.9943 ], [ 112.5236, -7.9963 ], [ 112.5204, -7.9957 ], [ 112.5209, -7.9991 ], [ 112.516, -7.9982 ], [ 112.5135, -7.9954 ], [ 112.5128, -7.9974 ], [ 112.5109, -7.9972 ], [ 112.509, -7.9914 ], [ 112.5042, -7.993 ], [ 112.5026, -7.992 ], [ 112.5003, -7.9836 ], [ 112.4943, -7.9772 ], [ 112.4892, -7.9752 ], [ 112.4806, -7.9756 ], [ 112.478, -7.9736 ], [ 112.479, -7.9712 ], [ 112.4745, -7.9581 ], [ 112.4678, -7.9569 ], [ 112.4644, -7.9535 ], [ 112.466, -7.9479 ], [ 112.47, -7.9464 ], [ 112.4741, -7.9423 ] ] ] ] } },
{ "type": "Feature", "properties": { "fid": 44, "GID_4": "IDN.11.22.5.5_1", "GID_0": "IDN", "COUNTRY": "Indonesia", "GID_1": "IDN.11_1", "NAME_1": "JawaTimur", "GID_2": "IDN.11.22_1", "NAME_2": "Malang", "GID_3": "IDN.11.22.5_1", "NAME_3": "Dau", "NAME_4": "Landungsari", "VARNAME_4": "NA", "TYPE_4": "Desa", "ENGTYPE_4": "Village", "CC_4": "3507300007", "padi_mean": 0.39108640825668634, "jagung_mean": 0.39108640825668634, "cabai_mean": 0.5, "tomat_mean": 0.5, "kentang_mean": 0.5, "wortel_mean": 0.69108641476781862, "tebu_mean": 0.1910864147678186 }, "geometry": { "type": "MultiPolygon", "coordinates": [ [ [ [ 112.5853, -7.9379 ], [ 112.5708, -7.9358 ], [ 112.5737, -7.9309 ], [ 112.5786, -7.9283 ], [ 112.5809, -7.9246 ], [ 112.5875, -7.9258 ], [ 112.5921, -7.9285 ], [ 112.5939, -7.9262 ], [ 112.5932, -7.9232 ], [ 112.5956, -7.9226 ], [ 112.5999, -7.9261 ], [ 112.5992, -7.9303 ], [ 112.5974, -7.9303 ], [ 112.5983, -7.9369 ], [ 112.59, -7.9362 ], [ 112.5853, -7.9366 ], [ 112.5853, -7.9379 ] ] ] ] } },
{ "type": "Feature", "properties": { "fid": 45, "GID_4": "IDN.11.22.5.6_1", "GID_0": "IDN", "COUNTRY": "Indonesia", "GID_1": "IDN.11_1", "NAME_1": "JawaTimur", "GID_2": "IDN.11.22_1", "NAME_2": "Malang", "GID_3": "IDN.11.22.5_1", "NAME_3": "Dau", "NAME_4": "Mulyoagung", "VARNAME_4": "NA", "TYPE_4": "Desa", "ENGTYPE_4": "Village", "CC_4": "3507300009", "padi_mean": 0.35854825024813664, "jagung_mean": 0.35854825024813664, "cabai_mean": 0.5, "tomat_mean": 0.5, "kentang_mean": 0.5, "wortel_mean": 0.59060589321421386, "tebu_mean": 0.15854825514308107 }, "geometry": { "type": "MultiPolygon", "coordinates": [ [ [ [ 112.579, -7.9189 ], [ 112.5805, -7.9169 ], [ 112.5799, -7.9116 ], [ 112.5852, -7.9096 ], [ 112.5938, -7.9193 ], [ 112.5939, -7.9262 ], [ 112.5921, -7.9285 ], [ 112.5875, -7.9258 ], [ 112.5809, -7.9246 ], [ 112.5786, -7.9283 ], [ 112.5737, -7.9309 ], [ 112.5708, -7.9358 ], [ 112.5646, -7.9345 ], [ 112.5668, -7.931 ], [ 112.5761, -7.9264 ], [ 112.579, -7.9189 ] ] ] ] } },
{ "type": "Feature", "properties": { "fid": 46, "GID_4": "IDN.11.22.5.7_1", "GID_0": "IDN", "COUNTRY": "Indonesia", "GID_1": "IDN.11_1", "NAME_1": "JawaTimur", "GID_2": "IDN.11.22_1", "NAME_2": "Malang", "GID_3": "IDN.11.22.5_1", "NAME_3": "Dau", "NAME_4": "PetungSewu", "VARNAME_4": "NA", "TYPE_4": "Desa", "ENGTYPE_4": "Village", "CC_4": "3507300004", "padi_mean": 0.20000000298023227, "jagung_mean": 0.20000000298023227, "cabai_mean": 0.5, "tomat_mean": 0.47111336637091145, "kentang_mean": 0.54814438986008585, "wortel_mean": 0.5, "tebu_mean": 0.0 }, "geometry": { "type": "MultiPolygon", "coordinates": [ [ [ [ 112.5628, -7.9458 ], [ 112.5605, -7.9523 ], [ 112.5565, -7.9555 ], [ 112.5445, -7.9544 ], [ 112.5387, -7.9485 ], [ 112.5337, -7.9486 ], [ 112.532, -7.9466 ], [ 112.5354, -7.9476 ], [ 112.5389, -7.9464 ], [ 112.54, -7.9458 ], [ 112.537, -7.9441 ], [ 112.543, -7.9443 ], [ 112.5471, -7.9412 ], [ 112.5538, -7.9427 ], [ 112.5546, -7.9399 ], [ 112.5628, -7.9458 ] ] ] ] } },
{ "type": "Feature", "properties": { "fid": 47, "GID_4": "IDN.11.22.5.8_1", "GID_0": "IDN", "COUNTRY": "Indonesia", "GID_1": "IDN.11_1", "NAME_1": "JawaTimur", "GID_2": "IDN.11.22_1", "NAME_2": "Malang", "GID_3": "IDN.11.22.5_1", "NAME_3": "Dau", "NAME_4": "Selorejo", "VARNAME_4": "NA", "TYPE_4": "Desa", "ENGTYPE_4": "Village", "CC_4": "3507300005", "padi_mean": 0.20000000298023221, "jagung_mean": 0.20000000298023221, "cabai_mean": 0.5, "tomat_mean": 0.29889109044561485, "kentang_mean": 0.83518151925370443, "wortel_mean": 0.5, "tebu_mean": 0.0 }, "geometry": { "type": "MultiPolygon", "coordinates": [ [ [ [ 112.5289, -7.9345 ], [ 112.5376, -7.9297 ], [ 112.5464, -7.9332 ], [ 112.545, -7.9368 ], [ 112.5518, -7.9384 ], [ 112.5556, -7.9375 ], [ 112.5555, -7.9386 ], [ 112.5538, -7.9427 ], [ 112.5471, -7.9412 ], [ 112.543, -7.9443 ], [ 112.5395, -7.9447 ], [ 112.5295, -7.9417 ], [ 112.533, -7.9375 ], [ 112.5278, -7.9394 ], [ 112.5232, -7.9392 ], [ 112.5214, -7.9372 ], [ 112.5236, -7.935 ], [ 112.5289, -7.9345 ] ] ] ] } },
{ "type": "Feature", "properties": { "fid": 48, "GID_4": "IDN.11.22.5.9_1", "GID_0": "IDN", "COUNTRY": "Indonesia", "GID_1": "IDN.11_1", "NAME_1": "JawaTimur", "GID_2": "IDN.11.22_1", "NAME_2": "Malang", "GID_3": "IDN.11.22.5_1", "NAME_3": "Dau", "NAME_4": "Sumbersekar", "VARNAME_4": "NA", "TYPE_4": "Desa", "ENGTYPE_4": "Village", "CC_4": "3507300010", "padi_mean": 0.20000000298023227, "jagung_mean": 0.20000000298023227, "cabai_mean": 0.5, "tomat_mean": 0.5, "kentang_mean": 0.5, "wortel_mean": 0.5, "tebu_mean": 0.0 }, "geometry": { "type": "MultiPolygon", "coordinates": [ [ [ [ 112.5647, -7.9138 ], [ 112.5673, -7.9126 ], [ 112.5729, -7.9137 ], [ 112.5787, -7.9178 ], [ 112.5786, -7.9221 ], [ 112.5746, -7.9276 ], [ 112.557, -7.9238 ], [ 112.5483, -7.925 ], [ 112.5443, -7.9233 ], [ 112.5481, -7.9229 ], [ 112.5491, -7.9194 ], [ 112.5508, -7.9205 ], [ 112.5569, -7.9162 ], [ 112.5606, -7.9161 ], [ 112.5607, -7.9147 ], [ 112.5647, -7.9138 ] ] ] ] } },
{ "type": "Feature", "properties": { "fid": 49, "GID_4": "IDN.11.22.5.10_1", "GID_0": "IDN", "COUNTRY": "Indonesia", "GID_1": "IDN.11_1", "NAME_1": "JawaTimur", "GID_2": "IDN.11.22_1", "NAME_2": "Malang", "GID_3": "IDN.11.22.5_1", "NAME_3": "Dau", "NAME_4": "Tegalweru", "VARNAME_4": "NA", "TYPE_4": "Desa", "ENGTYPE_4": "Village", "CC_4": "3507300006", "padi_mean": 0.2249782850035934, "jagung_mean": 0.2249782850035934, "cabai_mean": 0.5, "tomat_mean": 0.5, "kentang_mean": 0.5, "wortel_mean": 0.52497828326404583, "tebu_mean": 0.024978283264045865 }, "geometry": { "type": "MultiPolygon", "coordinates": [ [ [ [ 112.5707, -7.9358 ], [ 112.5691, -7.9388 ], [ 112.58, -7.9432 ], [ 112.5866, -7.9479 ], [ 112.5896, -7.9468 ], [ 112.5926, -7.948 ], [ 112.5918, -7.95 ], [ 112.5717, -7.949 ], [ 112.5628, -7.9458 ], [ 112.5546, -7.9399 ], [ 112.5567, -7.9333 ], [ 112.5633, -7.9322 ], [ 112.5652, -7.933 ], [ 112.5646, -7.9345 ], [ 112.5707, -7.9358 ] ] ] ] } },
{ "type": "Feature", "properties": { "fid": 50, "GID_4": "IDN.11.22.11.1_1", "GID_0": "IDN", "COUNTRY": "Indonesia", "GID_1": "IDN.11_1", "NAME_1": "JawaTimur", "GID_2": "IDN.11.22_1", "NAME_2": "Malang", "GID_3": "IDN.11.22.11_1", "NAME_3": "Karangploso", "NAME_4": "Ampeldento", "VARNAME_4": "NA", "TYPE_4": "Desa", "ENGTYPE_4": "Village", "CC_4": "3507290005", "padi_mean": 0.5, "jagung_mean": 0.5, "cabai_mean": 0.5, "tomat_mean": 0.5, "kentang_mean": 0.5, "wortel_mean": 0.33884713135494399, "tebu_mean": 0.30000001192092896 }, "geometry": { "type": "MultiPolygon", "coordinates": [ [ [ [ 112.5914, -7.9081 ], [ 112.5943, -7.9054 ], [ 112.5941, -7.9029 ], [ 112.5974, -7.9019 ], [ 112.6054, -7.9135 ], [ 112.6094, -7.9146 ], [ 112.6085, -7.9161 ], [ 112.6107, -7.9174 ], [ 112.6111, -7.9198 ], [ 112.6007, -7.9146 ], [ 112.5998, -7.9125 ], [ 112.5957, -7.9122 ], [ 112.5914, -7.9081 ] ] ] ] } },
{ "type": "Feature", "properties": { "fid": 51, "GID_4": "IDN.11.22.11.2_1", "GID_0": "IDN", "COUNTRY": "Indonesia", "GID_1": "IDN.11_1", "NAME_1": "JawaTimur", "GID_2": "IDN.11.22_1", "NAME_2": "Malang", "GID_3": "IDN.11.22.11_1", "NAME_3": "Karangploso", "NAME_4": "Bocek", "VARNAME_4": "NA", "TYPE_4": "Desa", "ENGTYPE_4": "Village", "CC_4": "3507290007", "padi_mean": 0.26070781035550006, "jagung_mean": 0.24195552044592739, "cabai_mean": 0.48124771148758172, "tomat_mean": 0.47187156583421824, "kentang_mean": 0.54688072407535437, "wortel_mean": 0.45952813042674767, "tebu_mean": 0.060707810390657292 }, "geometry": { "type": "MultiPolygon", "coordinates": [ [ [ [ 112.5931, -7.8877 ], [ 112.5869, -7.8819 ], [ 112.5841, -7.8656 ], [ 112.5881, -7.8644 ], [ 112.5884, -7.8591 ], [ 112.591, -7.8577 ], [ 112.5894, -7.8475 ], [ 112.5926, -7.8296 ], [ 112.5979, -7.8224 ], [ 112.5998, -7.8218 ], [ 112.6006, -7.8275 ], [ 112.5959, -7.8368 ], [ 112.5959, -7.85 ], [ 112.599, -7.8508 ], [ 112.6027, -7.863 ], [ 112.6039, -7.8735 ], [ 112.601, -7.8752 ], [ 112.6018, -7.8776 ], [ 112.6004, -7.88 ], [ 112.5957, -7.8794 ], [ 112.5973, -7.8864 ], [ 112.5931, -7.8877 ] ] ] ] } },
{ "type": "Feature", "properties": { "fid": 52, "GID_4": "IDN.11.22.11.3_1", "GID_0": "IDN", "COUNTRY": "Indonesia", "GID_1": "IDN.11_1", "NAME_1": "JawaTimur", "GID_2": "IDN.11.22_1", "NAME_2": "Malang", "GID_3": "IDN.11.22.11_1", "NAME_3": "Karangploso", "NAME_4": "Donowarih", "VARNAME_4": "NA", "TYPE_4": "Desa", "ENGTYPE_4": "Village", "CC_4": "3507290008", "padi_mean": 0.21253541181915206, "jagung_mean": 0.10243772331767291, "cabai_mean": 0.42078640676102597, "tomat_mean": 0.31650101222371546, "kentang_mean": 0.77524421715223946, "wortel_mean": 0.4867490722591683, "tebu_mean": 0.019876393585789798 }, "geometry": { "type": "MultiPolygon", "coordinates": [ [ [ [ 112.5697, -7.8061 ], [ 112.5771, -7.7919 ], [ 112.5861, -7.7845 ], [ 112.5949, -7.7917 ], [ 112.5933, -7.8014 ], [ 112.5952, -7.8084 ], [ 112.6021, -7.8207 ], [ 112.6005, -7.8233 ], [ 112.5998, -7.8218 ], [ 112.5979, -7.8224 ], [ 112.5926, -7.8296 ], [ 112.5894, -7.8475 ], [ 112.591, -7.8577 ], [ 112.5884, -7.8591 ], [ 112.5881, -7.8644 ], [ 112.5841, -7.8656 ], [ 112.5869, -7.8819 ], [ 112.5931, -7.8877 ], [ 112.5888, -7.892 ], [ 112.5919, -7.8965 ], [ 112.59, -7.8982 ], [ 112.582, -7.8898 ], [ 112.5756, -7.8773 ], [ 112.5773, -7.8691 ], [ 112.5767, -7.8629 ], [ 112.5784, -7.861 ], [ 112.5725, -7.8479 ], [ 112.5735, -7.8449 ], [ 112.5807, -7.8367 ], [ 112.571, -7.8278 ], [ 112.573, -7.8174 ], [ 112.5716, -7.8131 ], [ 112.5766, -7.8088 ], [ 112.572, -7.8052 ], [ 112.5697, -7.8061 ] ] ] ] } },
{ "type": "Feature", "properties": { "fid": 53, "GID_4": "IDN.11.22.11.4_1", "GID_0": "IDN", "COUNTRY": "Indonesia", "GID_1": "IDN.11_1", "NAME_1": "JawaTimur", "GID_2": "IDN.11.22_1", "NAME_2": "Malang", "GID_3": "IDN.11.22.11_1", "NAME_3": "Karangploso", "NAME_4": "Girimoyo", "VARNAME_4": "NA", "TYPE_4": "Desa", "ENGTYPE_4": "Village", "CC_4": "3507290006", "padi_mean": 0.5, "jagung_mean": 0.5, "cabai_mean": 0.5, "tomat_mean": 0.5, "kentang_mean": 0.5, "wortel_mean": 0.30000001192092901, "tebu_mean": 0.30000001192092901 }, "geometry": { "type": "MultiPolygon", "coordinates": [ [ [ [ 112.5941, -7.9029 ], [ 112.59, -7.8982 ], [ 112.5919, -7.8965 ], [ 112.5888, -7.892 ], [ 112.594, -7.887 ], [ 112.5973, -7.8864 ], [ 112.5957, -7.8794 ], [ 112.6004, -7.88 ], [ 112.6018, -7.8776 ], [ 112.6035, -7.8849 ], [ 112.5987, -7.8908 ], [ 112.6019, -7.8947 ], [ 112.5974, -7.9019 ], [ 112.5941, -7.9029 ] ] ] ] } },
{ "type": "Feature", "properties": { "fid": 54, "GID_4": "IDN.11.22.11.5_1", "GID_0": "IDN", "COUNTRY": "Indonesia", "GID_1": "IDN.11_1", "NAME_1": "JawaTimur", "GID_2": "IDN.11.22_1", "NAME_2": "Malang", "GID_3": "IDN.11.22.11_1", "NAME_3": "Karangploso", "NAME_4": "Kepuharjo", "VARNAME_4": "NA", "TYPE_4": "Desa", "ENGTYPE_4": "Village", "CC_4": "3507290002", "padi_mean": 0.5, "jagung_mean": 0.5, "cabai_mean": 0.5, "tomat_mean": 0.5, "kentang_mean": 0.5, "wortel_mean": 0.45456080669363835, "tebu_mean": 0.30000001192092896 }, "geometry": { "type": "MultiPolygon", "coordinates": [ [ [ [ 112.6303, -7.9113 ], [ 112.6276, -7.9115 ], [ 112.6175, -7.9199 ], [ 112.6114, -7.9199 ], [ 112.6107, -7.9174 ], [ 112.6085, -7.9161 ], [ 112.6102, -7.9146 ], [ 112.6133, -7.9155 ], [ 112.6168, -7.9139 ], [ 112.6151, -7.9127 ], [ 112.6181, -7.9087 ], [ 112.6166, -7.9061 ], [ 112.6189, -7.9028 ], [ 112.6225, -7.9042 ], [ 112.6248, -7.9027 ], [ 112.6276, -7.9087 ], [ 112.6305, -7.9095 ], [ 112.6303, -7.9113 ] ] ] ] } },
{ "type": "Feature", "properties": { "fid": 55, "GID_4": "IDN.11.22.11.6_1", "GID_0": "IDN", "COUNTRY": "Indonesia", "GID_1": "IDN.11_1", "NAME_1": "JawaTimur", "GID_2": "IDN.11.22_1", "NAME_2": "Malang", "GID_3": "IDN.11.22.11_1", "NAME_3": "Karangploso", "NAME_4": "Ngenep", "VARNAME_4": "NA", "TYPE_4": "Desa", "ENGTYPE_4": "Village", "CC_4": "3507290003", "padi_mean": 0.34044651586409247, "jagung_mean": 0.33266615503888164, "cabai_mean": 0.49221963975447131, "tomat_mean": 0.48832945905202485, "kentang_mean": 0.51945090177318598, "wortel_mean": 0.43909769682928218, "tebu_mean": 0.14044651985991405 }, "geometry": { "type": "MultiPolygon", "coordinates": [ [ [ [ 112.6018, -7.8776 ], [ 112.601, -7.8752 ], [ 112.6039, -7.8735 ], [ 112.6027, -7.863 ], [ 112.599, -7.8508 ], [ 112.5959, -7.85 ], [ 112.5954, -7.8424 ], [ 112.5965, -7.8341 ], [ 112.5987, -7.8328 ], [ 112.6006, -7.8275 ], [ 112.6002, -7.8223 ], [ 112.6022, -7.8207 ], [ 112.604, -7.8291 ], [ 112.6119, -7.8433 ], [ 112.6157, -7.8561 ], [ 112.6162, -7.8734 ], [ 112.6235, -7.8811 ], [ 112.6237, -7.8852 ], [ 112.6283, -7.8944 ], [ 112.628, -7.9005 ], [ 112.6333, -7.9069 ], [ 112.6322, -7.9097 ], [ 112.631, -7.9092 ], [ 112.6317, -7.9101 ], [ 112.6305, -7.9107 ], [ 112.6276, -7.9087 ], [ 112.6248, -7.9027 ], [ 112.6225, -7.9042 ], [ 112.6189, -7.9028 ], [ 112.6162, -7.9064 ], [ 112.6132, -7.9049 ], [ 112.6114, -7.9013 ], [ 112.6116, -7.8936 ], [ 112.6068, -7.8907 ], [ 112.6083, -7.8863 ], [ 112.6073, -7.8855 ], [ 112.6048, -7.888 ], [ 112.6018, -7.8776 ] ] ] ] } },
{ "type": "Feature", "properties": { "fid": 56, "GID_4": "IDN.11.22.11.7_1", "GID_0": "IDN", "COUNTRY": "Indonesia", "GID_1": "IDN.11_1", "NAME_1": "JawaTimur", "GID_2": "IDN.11.22_1", "NAME_2": "Malang", "GID_3": "IDN.11.22.11_1", "NAME_3": "Karangploso", "NAME_4": "Ngijo", "VARNAME_4": "NA", "TYPE_4": "Desa", "ENGTYPE_4": "Village", "CC_4": "3507290004", "padi_mean": 0.5, "jagung_mean": 0.5, "cabai_mean": 0.5, "tomat_mean": 0.5, "kentang_mean": 0.5, "wortel_mean": 0.30000001192092896, "tebu_mean": 0.30000001192092896 }, "geometry": { "type": "MultiPolygon", "coordinates": [ [ [ [ 112.6095, -7.9149 ], [ 112.6054, -7.9135 ], [ 112.5974, -7.9019 ], [ 112.6019, -7.8947 ], [ 112.5988, -7.8904 ], [ 112.6035, -7.8849 ], [ 112.6048, -7.888 ], [ 112.6073, -7.8855 ], [ 112.6087, -7.8868 ], [ 112.6064, -7.8896 ], [ 112.6116, -7.8936 ], [ 112.6118, -7.9026 ], [ 112.6181, -7.9083 ], [ 112.6151, -7.9127 ], [ 112.6168, -7.9139 ], [ 112.6159, -7.9148 ], [ 112.6095, -7.9149 ] ] ] ] } },
{ "type": "Feature", "properties": { "fid": 57, "GID_4": "IDN.11.22.11.8_1", "GID_0": "IDN", "COUNTRY": "Indonesia", "GID_1": "IDN.11_1", "NAME_1": "JawaTimur", "GID_2": "IDN.11.22_1", "NAME_2": "Malang", "GID_3": "IDN.11.22.11_1", "NAME_3": "Karangploso", "NAME_4": "Tawangargo", "VARNAME_4": "NA", "TYPE_4": "Desa", "ENGTYPE_4": "Village", "CC_4": "3507290009", "padi_mean": 0.20000000298023224, "jagung_mean": 0.14736952974730508, "cabai_mean": 0.5, "tomat_mean": 0.42105429211124706, "kentang_mean": 0.63157618112168001, "wortel_mean": 0.5, "tebu_mean": 0.0 }, "geometry": { "type": "MultiPolygon", "coordinates": [ [ [ [ 112.5636, -7.8317 ], [ 112.5646, -7.8287 ], [ 112.5632, -7.8137 ], [ 112.5652, -7.81 ], [ 112.572, -7.8052 ], [ 112.5766, -7.8088 ], [ 112.5716, -7.8131 ], [ 112.573, -7.8174 ], [ 112.571, -7.8278 ], [ 112.5807, -7.8367 ], [ 112.5735, -7.8449 ], [ 112.5725, -7.8479 ], [ 112.5784, -7.861 ], [ 112.5767, -7.8629 ], [ 112.5773, -7.8691 ], [ 112.5753, -7.8754 ], [ 112.5774, -7.8825 ], [ 112.5818, -7.889 ], [ 112.5809, -7.8903 ], [ 112.5724, -7.8911 ], [ 112.5644, -7.8809 ], [ 112.5654, -7.8483 ], [ 112.5641, -7.8436 ], [ 112.5657, -7.8351 ], [ 112.5636, -7.8317 ] ] ] ] } },
{ "type": "Feature", "properties": { "fid": 58, "GID_4": "IDN.11.22.11.9_1", "GID_0": "IDN", "COUNTRY": "Indonesia", "GID_1": "IDN.11_1", "NAME_1": "JawaTimur", "GID_2": "IDN.11.22_1", "NAME_2": "Malang", "GID_3": "IDN.11.22.11_1", "NAME_3": "Karangploso", "NAME_4": "Tegalgondo", "VARNAME_4": "NA", "TYPE_4": "Desa", "ENGTYPE_4": "Village", "CC_4": "3507290001", "padi_mean": 0.5, "jagung_mean": 0.5, "cabai_mean": 0.5, "tomat_mean": 0.5, "kentang_mean": 0.5, "wortel_mean": 0.56372818692535043, "tebu_mean": 0.3000000119209289 }, "geometry": { "type": "MultiPolygon", "coordinates": [ [ [ [ 112.5852, -7.9097 ], [ 112.5914, -7.9081 ], [ 112.5957, -7.9122 ], [ 112.5998, -7.9125 ], [ 112.6007, -7.9146 ], [ 112.6085, -7.9178 ], [ 112.6107, -7.9197 ], [ 112.6112, -7.9229 ], [ 112.6095, -7.9239 ], [ 112.6025, -7.9216 ], [ 112.6003, -7.9241 ], [ 112.5992, -7.9219 ], [ 112.5972, -7.9229 ], [ 112.5962, -7.9202 ], [ 112.5914, -7.9178 ], [ 112.5915, -7.916 ], [ 112.5896, -7.916 ], [ 112.5852, -7.9097 ] ] ] ] } },
{ "type": "Feature", "properties": { "fid": 59, "GID_4": "IDN.11.22.15.12_1", "GID_0": "IDN", "COUNTRY": "Indonesia", "GID_1": "IDN.11_1", "NAME_1": "JawaTimur", "GID_2": "IDN.11.22_1", "NAME_2": "Malang", "GID_3": "IDN.11.22.15_1", "NAME_3": "Lawang", "NAME_4": "Wonorejo", "VARNAME_4": "NA", "TYPE_4": "Desa", "ENGTYPE_4": "Village", "CC_4": "3507270012", "padi_mean": 0.26958583771004768, "jagung_mean": 0.25683157450187694, "cabai_mean": 0.47210400230908312, "tomat_mean": 0.46572687022986448, "kentang_mean": 0.53188565754529349, "wortel_mean": 0.44957164984262182, "tebu_mean": 0.0 }, "geometry": { "type": "MultiPolygon", "coordinates": [ [ [ [ 112.6855, -7.8299 ], [ 112.6831, -7.8286 ], [ 112.6782, -7.8298 ], [ 112.6725, -7.8279 ], [ 112.6542, -7.8184 ], [ 112.647, -7.8177 ], [ 112.6337, -7.8103 ], [ 112.6286, -7.8095 ], [ 112.6265, -7.8054 ], [ 112.6145, -7.7939 ], [ 112.6142, -7.7905 ], [ 112.6167, -7.7876 ], [ 112.6208, -7.7873 ], [ 112.6264, -7.791 ], [ 112.6382, -7.7907 ], [ 112.6416, -7.7952 ], [ 112.6564, -7.7975 ], [ 112.6546, -7.8017 ], [ 112.6565, -7.8056 ], [ 112.6607, -7.8046 ], [ 112.6801, -7.8113 ], [ 112.6797, -7.817 ], [ 112.6854, -7.8222 ], [ 112.6855, -7.8299 ] ] ] ] } },
{ "type": "Feature", "properties": { "fid": 60, "GID_4": "IDN.11.22.23.2_1", "GID_0": "IDN", "COUNTRY": "Indonesia", "GID_1": "IDN.11_1", "NAME_1": "JawaTimur", "GID_2": "IDN.11.22_1", "NAME_2": "Malang", "GID_3": "IDN.11.22.23_1", "NAME_3": "Pujon", "NAME_4": "Madiredo", "VARNAME_4": "NA", "TYPE_4": "Desa", "ENGTYPE_4": "Village", "CC_4": "3507310009", "padi_mean": 0.20000000298023218, "jagung_mean": 0.008882549485368969, "cabai_mean": 0.5, "tomat_mean": 0.20983327597631554, "kentang_mean": 0.99016672651549265, "wortel_mean": 0.5, "tebu_mean": 0.0 }, "geometry": { "type": "MultiPolygon", "coordinates": [ [ [ [ 112.4525, -7.8378 ], [ 112.4515, -7.8371 ], [ 112.4529, -7.8367 ], [ 112.4545, -7.8325 ], [ 112.4521, -7.8159 ], [ 112.4539, -7.8158 ], [ 112.4547, -7.8131 ], [ 112.4557, -7.8139 ], [ 112.4578, -7.8104 ], [ 112.4594, -7.8103 ], [ 112.4632, -7.8169 ], [ 112.4655, -7.8132 ], [ 112.4677, -7.8138 ], [ 112.4684, -7.8118 ], [ 112.4729, -7.8107 ], [ 112.4745, -7.8076 ], [ 112.4765, -7.8079 ], [ 112.4737, -7.8149 ], [ 112.4722, -7.8265 ], [ 112.4683, -7.8306 ], [ 112.466, -7.8299 ], [ 112.4619, -7.8323 ], [ 112.4597, -7.8356 ], [ 112.457, -7.8349 ], [ 112.4525, -7.8378 ] ] ] ] } },
{ "type": "Feature", "properties": { "fid": 61, "GID_4": "IDN.11.22.23.4_1", "GID_0": "IDN", "COUNTRY": "Indonesia", "GID_1": "IDN.11_1", "NAME_1": "JawaTimur", "GID_2": "IDN.11.22_1", "NAME_2": "Malang", "GID_3": "IDN.11.22.23_1", "NAME_3": "Pujon", "NAME_4": "Ngroto", "VARNAME_4": "NA", "TYPE_4": "Desa", "ENGTYPE_4": "Village", "CC_4": "3507310006", "padi_mean": 0.20000000298023221, "jagung_mean": 0.18989346733167961, "cabai_mean": 0.5, "tomat_mean": 0.31456043059907407, "kentang_mean": 0.88543956669087998, "wortel_mean": 0.5, "tebu_mean": 0.0 }, "geometry": { "type": "MultiPolygon", "coordinates": [ [ [ [ 112.4525, -7.8378 ], [ 112.457, -7.8349 ], [ 112.4597, -7.8356 ], [ 112.466, -7.8299 ], [ 112.4684, -7.8306 ], [ 112.4683, -7.8366 ], [ 112.4724, -7.8379 ], [ 112.4681, -7.8376 ], [ 112.4669, -7.847 ], [ 112.4644, -7.8525 ], [ 112.4533, -7.8467 ], [ 112.4483, -7.8487 ], [ 112.4466, -7.8452 ], [ 112.4525, -7.8378 ] ] ] ] } },
{ "type": "Feature", "properties": { "fid": 62, "GID_4": "IDN.11.22.23.5_1", "GID_0": "IDN", "COUNTRY": "Indonesia", "GID_1": "IDN.11_1", "NAME_1": "JawaTimur", "GID_2": "IDN.11.22_1", "NAME_2": "Malang", "GID_3": "IDN.11.22.23_1", "NAME_3": "Pujon", "NAME_4": "Pandesari", "VARNAME_4": "NA", "TYPE_4": "Desa", "ENGTYPE_4": "Village", "CC_4": "3507310004", "padi_mean": 0.069776819594375761, "jagung_mean": 0.16364756498872765, "cabai_mean": 0.17444204638655034, "tomat_mean": 0.074800153267028574, "kentang_mean": 0.90394956363339707, "wortel_mean": 0.42803639134781629, "tebu_mean": 0.0 }, "geometry": { "type": "MultiPolygon", "coordinates": [ [ [ [ 112.4809, -7.8916 ], [ 112.4753, -7.9043 ], [ 112.4761, -7.9152 ], [ 112.4737, -7.9318 ], [ 112.4741, -7.9423 ], [ 112.47, -7.9464 ], [ 112.466, -7.9479 ], [ 112.4582, -7.9334 ], [ 112.4508, -7.9266 ], [ 112.4525, -7.9204 ], [ 112.451, -7.9166 ], [ 112.4581, -7.9056 ], [ 112.46, -7.8988 ], [ 112.4582, -7.8806 ], [ 112.459, -7.875 ], [ 112.4564, -7.8676 ], [ 112.4571, -7.8649 ], [ 112.4606, -7.8648 ], [ 112.4638, -7.8702 ], [ 112.4664, -7.8701 ], [ 112.4677, -7.8674 ], [ 112.4696, -7.8673 ], [ 112.4715, -7.8622 ], [ 112.4717, -7.8535 ], [ 112.4754, -7.8547 ], [ 112.4758, -7.8525 ], [ 112.4781, -7.8525 ], [ 112.4768, -7.8517 ], [ 112.4772, -7.849 ], [ 112.4787, -7.849 ], [ 112.481, -7.842 ], [ 112.48, -7.8363 ], [ 112.4851, -7.8366 ], [ 112.4872, -7.8347 ], [ 112.4861, -7.8325 ], [ 112.4933, -7.8315 ], [ 112.4962, -7.8378 ], [ 112.4929, -7.8458 ], [ 112.4951, -7.8543 ], [ 112.4904, -7.8596 ], [ 112.4868, -7.8583 ], [ 112.4888, -7.861 ], [ 112.4876, -7.8713 ], [ 112.4896, -7.8762 ], [ 112.4881, -7.8816 ], [ 112.4809, -7.8916 ] ] ] ] } },
{ "type": "Feature", "properties": { "fid": 63, "GID_4": "IDN.11.22.23.6_1", "GID_0": "IDN", "COUNTRY": "Indonesia", "GID_1": "IDN.11_1", "NAME_1": "JawaTimur", "GID_2": "IDN.11.22_1", "NAME_2": "Malang", "GID_3": "IDN.11.22.23_1", "NAME_3": "Pujon", "NAME_4": "PujonKidul", "VARNAME_4": "NA", "TYPE_4": "Desa", "ENGTYPE_4": "Village", "CC_4": "3507310003", "padi_mean": 0.20000000298023224, "jagung_mean": 0.20000000298023224, "cabai_mean": 0.5, "tomat_mean": 0.31022843349961421, "kentang_mean": 0.88977156400551261, "wortel_mean": 0.5, "tebu_mean": 0.0 }, "geometry": { "type": "MultiPolygon", "coordinates": [ [ [ [ 112.4486, -7.8509 ], [ 112.4483, -7.8487 ], [ 112.4512, -7.8465 ], [ 112.4563, -7.8477 ], [ 112.4579, -7.8498 ], [ 112.4644, -7.8525 ], [ 112.466, -7.8481 ], [ 112.4672, -7.8483 ], [ 112.4661, -7.8518 ], [ 112.4694, -7.8528 ], [ 112.468, -7.8579 ], [ 112.4704, -7.8626 ], [ 112.4696, -7.8673 ], [ 112.4677, -7.8674 ], [ 112.4664, -7.8701 ], [ 112.4638, -7.8702 ], [ 112.4606, -7.8648 ], [ 112.4564, -7.8647 ], [ 112.4542, -7.8588 ], [ 112.4521, -7.8583 ], [ 112.452, -7.854 ], [ 112.4486, -7.8509 ] ] ] ] } },
{ "type": "Feature", "properties": { "fid": 64, "GID_4": "IDN.11.22.23.7_1", "GID_0": "IDN", "COUNTRY": "Indonesia", "GID_1": "IDN.11_1", "NAME_1": "JawaTimur", "GID_2": "IDN.11.22_1", "NAME_2": "Malang", "GID_3": "IDN.11.22.23_1", "NAME_3": "Pujon", "NAME_4": "PujonLor", "VARNAME_4": "NA", "TYPE_4": "Desa", "ENGTYPE_4": "Village", "CC_4": "3507310005", "padi_mean": 0.20000000298023224, "jagung_mean": 0.20000000298023224, "cabai_mean": 0.5, "tomat_mean": 0.20000000298023224, "kentang_mean": 1.0, "wortel_mean": 0.5, "tebu_mean": 0.0 }, "geometry": { "type": "MultiPolygon", "coordinates": [ [ [ [ 112.4665, -7.8481 ], [ 112.4681, -7.8376 ], [ 112.4748, -7.8385 ], [ 112.48, -7.8363 ], [ 112.481, -7.842 ], [ 112.4787, -7.849 ], [ 112.4772, -7.849 ], [ 112.4768, -7.8517 ], [ 112.4781, -7.8525 ], [ 112.4758, -7.8525 ], [ 112.4754, -7.8547 ], [ 112.4717, -7.8535 ], [ 112.4712, -7.8624 ], [ 112.4698, -7.8627 ], [ 112.468, -7.8579 ], [ 112.4694, -7.8528 ], [ 112.4661, -7.8518 ], [ 112.4665, -7.8481 ] ] ] ] } },
{ "type": "Feature", "properties": { "fid": 65, "GID_4": "IDN.11.22.23.8_1", "GID_0": "IDN", "COUNTRY": "Indonesia", "GID_1": "IDN.11_1", "NAME_1": "JawaTimur", "GID_2": "IDN.11.22_1", "NAME_2": "Malang", "GID_3": "IDN.11.22.23_1", "NAME_3": "Pujon", "NAME_4": "Sukomulyo", "VARNAME_4": "NA", "TYPE_4": "Desa", "ENGTYPE_4": "Village", "CC_4": "3507310002", "padi_mean": 0.11237467817598337, "jagung_mean": 0.11237467817598337, "cabai_mean": 0.28093669125367549, "tomat_mean": 0.36484773787168961, "kentang_mean": 0.831437978549742, "wortel_mean": 0.41237468172434649, "tebu_mean": 0.0 }, "geometry": { "type": "MultiPolygon", "coordinates": [ [ [ [ 112.451, -7.9166 ], [ 112.4461, -7.911 ], [ 112.4467, -7.8986 ], [ 112.4448, -7.8935 ], [ 112.4448, -7.8813 ], [ 112.4424, -7.8703 ], [ 112.4331, -7.8669 ], [ 112.4333, -7.8635 ], [ 112.4274, -7.8618 ], [ 112.4263, -7.8588 ], [ 112.4225, -7.8565 ], [ 112.4269, -7.8453 ], [ 112.4311, -7.8477 ], [ 112.4337, -7.8439 ], [ 112.4407, -7.8488 ], [ 112.4486, -7.8509 ], [ 112.452, -7.854 ], [ 112.4521, -7.8583 ], [ 112.4542, -7.8588 ], [ 112.4571, -7.8649 ], [ 112.46, -7.8988 ], [ 112.4581, -7.9056 ], [ 112.451, -7.9166 ] ] ] ] } },
{ "type": "Feature", "properties": { "fid": 66, "GID_4": "IDN.11.22.23.9_1", "GID_0": "IDN", "COUNTRY": "Indonesia", "GID_1": "IDN.11_1", "NAME_1": "JawaTimur", "GID_2": "IDN.11.22_1", "NAME_2": "Malang", "GID_3": "IDN.11.22.23_1", "NAME_3": "Pujon", "NAME_4": "Tawangsari", "VARNAME_4": "NA", "TYPE_4": "Desa", "ENGTYPE_4": "Village", "CC_4": "3507310008", "padi_mean": 0.20000000298023227, "jagung_mean": 0.0014201167519538654, "cabai_mean": 0.5, "tomat_mean": 0.2021301780552596, "kentang_mean": 0.99786982481916575, "wortel_mean": 0.5, "tebu_mean": 0.0 }, "geometry": { "type": "MultiPolygon", "coordinates": [ [ [ [ 112.452, -7.8162 ], [ 112.4545, -7.8325 ], [ 112.4522, -7.837 ], [ 112.4515, -7.8325 ], [ 112.432, -7.8235 ], [ 112.4327, -7.819 ], [ 112.4295, -7.8172 ], [ 112.4283, -7.8144 ], [ 112.4264, -7.8013 ], [ 112.429, -7.8017 ], [ 112.4303, -7.804 ], [ 112.436, -7.8003 ], [ 112.4404, -7.8017 ], [ 112.4422, -7.7988 ], [ 112.4568, -7.8042 ], [ 112.4534, -7.806 ], [ 112.4481, -7.8127 ], [ 112.452, -7.8162 ] ] ] ] } },
{ "type": "Feature", "properties": { "fid": 67, "GID_4": "IDN.11.22.23.10_1", "GID_0": "IDN", "COUNTRY": "Indonesia", "GID_1": "IDN.11_1", "NAME_1": "JawaTimur", "GID_2": "IDN.11.22_1", "NAME_2": "Malang", "GID_3": "IDN.11.22.23_1", "NAME_3": "Pujon", "NAME_4": "Wiyurejo", "VARNAME_4": "NA", "TYPE_4": "Desa", "ENGTYPE_4": "Village", "CC_4": "3507310010", "padi_mean": 0.066666667660077408, "jagung_mean": 0.0, "cabai_mean": 0.16666666666666666, "tomat_mean": 0.066666667660077408, "kentang_mean": 1.0, "wortel_mean": 0.53333334128061927, "tebu_mean": 0.0 }, "geometry": { "type": "MultiPolygon", "coordinates": [ [ [ [ 112.4781, -7.7689 ], [ 112.4838, -7.7759 ], [ 112.4839, -7.782 ], [ 112.4878, -7.7885 ], [ 112.4898, -7.7969 ], [ 112.4873, -7.8033 ], [ 112.4917, -7.8071 ], [ 112.4951, -7.8141 ], [ 112.4925, -7.8233 ], [ 112.495, -7.834 ], [ 112.4933, -7.8315 ], [ 112.4876, -7.8318 ], [ 112.4858, -7.833 ], [ 112.487, -7.8352 ], [ 112.4851, -7.8366 ], [ 112.4814, -7.8354 ], [ 112.4748, -7.8385 ], [ 112.4683, -7.8366 ], [ 112.4685, -7.8299 ], [ 112.4727, -7.8257 ], [ 112.4737, -7.8149 ], [ 112.4765, -7.8079 ], [ 112.4745, -7.8076 ], [ 112.4729, -7.8107 ], [ 112.4684, -7.8118 ], [ 112.4677, -7.8138 ], [ 112.4655, -7.8132 ], [ 112.4632, -7.8169 ], [ 112.4594, -7.8103 ], [ 112.4578, -7.8104 ], [ 112.4557, -7.8139 ], [ 112.4547, -7.8131 ], [ 112.4539, -7.8158 ], [ 112.4516, -7.8162 ], [ 112.4481, -7.8127 ], [ 112.4534, -7.806 ], [ 112.4568, -7.8042 ], [ 112.4422, -7.7988 ], [ 112.4404, -7.8017 ], [ 112.436, -7.8003 ], [ 112.4303, -7.804 ], [ 112.429, -7.8017 ], [ 112.4264, -7.8013 ], [ 112.4258, -7.8086 ], [ 112.4182, -7.8082 ], [ 112.4167, -7.8111 ], [ 112.4149, -7.8083 ], [ 112.4122, -7.8089 ], [ 112.4186, -7.8223 ], [ 112.4191, -7.8256 ], [ 112.4176, -7.8273 ], [ 112.4196, -7.8305 ], [ 112.4189, -7.8332 ], [ 112.4222, -7.8345 ], [ 112.421, -7.8373 ], [ 112.4219, -7.8404 ], [ 112.4267, -7.8455 ], [ 112.4225, -7.8565 ], [ 112.4174, -7.8581 ], [ 112.4154, -7.8685 ], [ 112.4116, -7.8672 ], [ 112.4107, -7.8688 ], [ 112.4085, -7.8681 ], [ 112.4054, -7.87 ], [ 112.406, -7.8733 ], [ 112.4041, -7.8741 ], [ 112.4054, -7.8769 ], [ 112.3962, -7.8769 ], [ 112.3938, -7.8663 ], [ 112.3838, -7.8724 ], [ 112.3822, -7.8706 ], [ 112.3947, -7.8625 ], [ 112.3962, -7.8544 ], [ 112.4, -7.856 ], [ 112.4039, -7.8488 ], [ 112.3997, -7.8478 ], [ 112.3987, -7.8441 ], [ 112.3998, -7.8389 ], [ 112.3962, -7.8375 ], [ 112.3949, -7.8338 ], [ 112.3912, -7.8331 ], [ 112.3941, -7.831 ], [ 112.3915, -7.8304 ], [ 112.3921, -7.8273 ], [ 112.394, -7.8254 ], [ 112.3962, -7.8274 ], [ 112.3973, -7.8234 ], [ 112.402, -7.8261 ], [ 112.4036, -7.8248 ], [ 112.4072, -7.8268 ], [ 112.4083, -7.8231 ], [ 112.4044, -7.818 ], [ 112.4003, -7.8177 ], [ 112.3995, -7.8128 ], [ 112.3967, -7.811 ], [ 112.3959, -7.8077 ], [ 112.394, -7.8084 ], [ 112.3921, -7.8062 ], [ 112.3891, -7.8072 ], [ 112.3847, -7.8036 ], [ 112.3869, -7.8001 ], [ 112.3891, -7.7994 ], [ 112.3899, -7.7963 ], [ 112.3859, -7.7874 ], [ 112.3809, -7.7868 ], [ 112.3803, -7.7849 ], [ 112.3851, -7.7849 ], [ 112.389, -7.7829 ], [ 112.3962, -7.7854 ], [ 112.4008, -7.7842 ], [ 112.4181, -7.7743 ], [ 112.4222, -7.7669 ], [ 112.4304, -7.7715 ], [ 112.4359, -7.767 ], [ 112.4428, -7.7765 ], [ 112.4542, -7.7792 ], [ 112.4558, -7.7791 ], [ 112.4589, -7.7752 ], [ 112.4608, -7.7702 ], [ 112.4647, -7.7681 ], [ 112.4746, -7.7671 ], [ 112.4781, -7.7689 ] ] ] ] } },
{ "type": "Feature", "properties": { "fid": 68, "GID_4": "IDN.11.22.24.6_1", "GID_0": "IDN", "COUNTRY": "Indonesia", "GID_1": "IDN.11_1", "NAME_1": "JawaTimur", "GID_2": "IDN.11.22_1", "NAME_2": "Malang", "GID_3": "IDN.11.22.24_1", "NAME_3": "Singosari", "NAME_4": "Gunungrejo", "VARNAME_4": "NA", "TYPE_4": "Desa", "ENGTYPE_4": "Village", "CC_4": "3507280013", "padi_mean": 0.21860187762797431, "jagung_mean": 0.13925169448084243, "cabai_mean": 0.28993734736164756, "tomat_mean": 0.25026225283205694, "kentang_mean": 0.69837545491180508, "wortel_mean": 0.51061528848801352, "tebu_mean": 0.012633609594250037 }, "geometry": { "type": "MultiPolygon", "coordinates": [ [ [ [ 112.5836, -7.7808 ], [ 112.5829, -7.7729 ], [ 112.5883, -7.7655 ], [ 112.6023, -7.7692 ], [ 112.6164, -7.7877 ], [ 112.6142, -7.7905 ], [ 112.6145, -7.7939 ], [ 112.6265, -7.8054 ], [ 112.6286, -7.8095 ], [ 112.6337, -7.8103 ], [ 112.6389, -7.8133 ], [ 112.6342, -7.817 ], [ 112.6314, -7.8154 ], [ 112.6299, -7.8119 ], [ 112.6224, -7.8156 ], [ 112.6147, -7.816 ], [ 112.6326, -7.8391 ], [ 112.6351, -7.8405 ], [ 112.6395, -7.8506 ], [ 112.6471, -7.8596 ], [ 112.6503, -7.8684 ], [ 112.6535, -7.871 ], [ 112.6545, -7.8733 ], [ 112.6527, -7.8761 ], [ 112.6585, -7.8817 ], [ 112.6557, -7.8853 ], [ 112.6558, -7.8892 ], [ 112.6497, -7.8835 ], [ 112.6464, -7.8754 ], [ 112.6408, -7.8686 ], [ 112.638, -7.8621 ], [ 112.6323, -7.8588 ], [ 112.621, -7.8369 ], [ 112.6103, -7.8238 ], [ 112.6051, -7.8241 ], [ 112.6062, -7.8302 ], [ 112.6118, -7.8414 ], [ 112.6142, -7.8418 ], [ 112.6146, -7.8463 ], [ 112.6212, -7.863 ], [ 112.6239, -7.8645 ], [ 112.6198, -7.8651 ], [ 112.6195, -7.8666 ], [ 112.6219, -7.8802 ], [ 112.6162, -7.8734 ], [ 112.6157, -7.8561 ], [ 112.6119, -7.8433 ], [ 112.6053, -7.8322 ], [ 112.6024, -7.8209 ], [ 112.5952, -7.8084 ], [ 112.5933, -7.8014 ], [ 112.5949, -7.7917 ], [ 112.5863, -7.7848 ], [ 112.5836, -7.7808 ] ] ] ] } },
{ "type": "Feature", "properties": { "fid": 69, "GID_4": "IDN.11.22.24.7_1", "GID_0": "IDN", "COUNTRY": "Indonesia", "GID_1": "IDN.11_1", "NAME_1": "JawaTimur", "GID_2": "IDN.11.22_1", "NAME_2": "Malang", "GID_3": "IDN.11.22.24_1", "NAME_3": "Singosari", "NAME_4": "Klampok", "VARNAME_4": "NA", "TYPE_4": "Desa", "ENGTYPE_4": "Village", "CC_4": "3507280012", "padi_mean": 0.37350060454600376, "jagung_mean": 0.35451905239888321, "cabai_mean": 0.48101844926711523, "tomat_mean": 0.47152767248643701, "kentang_mean": 0.54745387966068348, "wortel_mean": 0.56964203787463574, "tebu_mean": 0.069642037874635757 }, "geometry": { "type": "MultiPolygon", "coordinates": [ [ [ [ 112.6556, -7.889 ], [ 112.6569, -7.8911 ], [ 112.6543, -7.8918 ], [ 112.6518, -7.896 ], [ 112.643, -7.889 ], [ 112.6422, -7.882 ], [ 112.638, -7.8798 ], [ 112.6304, -7.8719 ], [ 112.628, -7.8743 ], [ 112.6256, -7.8721 ], [ 112.6247, -7.867 ], [ 112.6262, -7.8664 ], [ 112.6212, -7.863 ], [ 112.6146, -7.8463 ], [ 112.6142, -7.8418 ], [ 112.6118, -7.8414 ], [ 112.6062, -7.8302 ], [ 112.6051, -7.8241 ], [ 112.6103, -7.8238 ], [ 112.621, -7.8369 ], [ 112.6323, -7.8588 ], [ 112.638, -7.8621 ], [ 112.6408, -7.8686 ], [ 112.6464, -7.8754 ], [ 112.6497, -7.8835 ], [ 112.6556, -7.889 ] ] ] ] } },
{ "type": "Feature", "properties": { "fid": 70, "GID_4": "IDN.11.23.5.8_1", "GID_0": "IDN", "COUNTRY": "Indonesia", "GID_1": "IDN.11_1", "NAME_1": "JawaTimur", "GID_2": "IDN.11.23_1", "NAME_2": "Mojokerto", "GID_3": "IDN.11.23.5_1", "NAME_3": "Gondang", "NAME_4": "Hutan", "VARNAME_4": "NA", "TYPE_4": "Desa", "ENGTYPE_4": "Village", "CC_4": "3516020999", "padi_mean": 0.0, "jagung_mean": 0.0, "cabai_mean": 0.0, "tomat_mean": 0.07844778219390372, "kentang_mean": 1.0, "wortel_mean": 0.56591420710115869, "tebu_mean": 0.0 }, "geometry": { "type": "MultiPolygon", "coordinates": [ [ [ [ 112.472590025880763, -7.74720125621955 ], [ 112.478321602082076, -7.747449308461466 ], [ 112.478627617602655, -7.74755449952675 ], [ 112.486209989601235, -7.744931408673187 ], [ 112.48706526917276, -7.743403487064852 ], [ 112.492190084093423, -7.738922715355836 ], [ 112.495341345158664, -7.73767714812672 ], [ 112.4967773353289, -7.733024297713025 ], [ 112.50049229931173, -7.727823734829429 ], [ 112.50565811148131, -7.724060598327984 ], [ 112.510758450296422, -7.721475495092929 ], [ 112.5149, -7.7323 ], [ 112.5147, -7.7419 ], [ 112.5134, -7.7512 ], [ 112.5074, -7.755 ], [ 112.5026, -7.756 ], [ 112.5002, -7.7628 ], [ 112.4966, -7.7625 ], [ 112.4786, -7.7688 ], [ 112.4742, -7.7671 ], [ 112.4689, -7.7683 ], [ 112.4684, -7.7623 ], [ 112.4715, -7.7533 ], [ 112.4666, -7.751 ], [ 112.465675351559824, -7.74789970817116 ], [ 112.472590025880763, -7.74720125621955 ] ] ] ] } },
{ "type": "Feature", "properties": { "fid": 71, "GID_4": "IDN.11.23.6.7_1", "GID_0": "IDN", "COUNTRY": "Indonesia", "GID_1": "IDN.11_1", "NAME_1": "JawaTimur", "GID_2": "IDN.11.23_1", "NAME_2": "Mojokerto", "GID_3": "IDN.11.23.6_1", "NAME_3": "Jatirejo", "NAME_4": "Hutan", "VARNAME_4": "NA", "TYPE_4": "Desa", "ENGTYPE_4": "Village", "CC_4": "3516010999", "padi_mean": 0.0, "jagung_mean": 0.0, "cabai_mean": 0.0, "tomat_mean": 0.0, "kentang_mean": 1.0, "wortel_mean": 0.53701050824829422, "tebu_mean": 0.0 }, "geometry": { "type": "MultiPolygon", "coordinates": [ [ [ [ 112.450253242887328, -7.753438251336286 ], [ 112.451318003539285, -7.75259057800157 ], [ 112.455218003539272, -7.750490578001569 ], [ 112.462690025880761, -7.748201256219549 ], [ 112.465675351559824, -7.74789970817116 ], [ 112.4666, -7.751 ], [ 112.4715, -7.7535 ], [ 112.4684, -7.7623 ], [ 112.4689, -7.7683 ], [ 112.4653, -7.7679 ], [ 112.4608, -7.7702 ], [ 112.4558, -7.7791 ], [ 112.45, -7.7705 ], [ 112.4509, -7.7673 ], [ 112.4477, -7.7649 ], [ 112.4468, -7.7591 ], [ 112.448250956512098, -7.751458295702989 ], [ 112.450253242887328, -7.753438251336286 ] ] ] ] } },
{ "type": "Feature", "properties": { "fid": 72, "GID_4": "IDN.11.23.13.6_1", "GID_0": "IDN", "COUNTRY": "Indonesia", "GID_1": "IDN.11_1", "NAME_1": "JawaTimur", "GID_2": "IDN.11.23_1", "NAME_2": "Mojokerto", "GID_3": "IDN.11.23.13_1", "NAME_3": "Pacet", "NAME_4": "Hutan", "VARNAME_4": "NA", "TYPE_4": "Desa", "ENGTYPE_4": "Village", "CC_4": "3516030999", "padi_mean": 0.0, "jagung_mean": 0.0, "cabai_mean": 0.0, "tomat_mean": 0.10000000149011612, "kentang_mean": 0.75, "wortel_mean": 0.40000000596046448, "tebu_mean": 0.0 }, "geometry": { "type": "MultiPolygon", "coordinates": [ [ [ [ 112.512958111481311, -7.720360598327984 ], [ 112.513616028546394, -7.720139741073552 ], [ 112.514177297284775, -7.719037517553439 ], [ 112.514323328077865, -7.718390056660306 ], [ 112.515588320827291, -7.716266539535846 ], [ 112.516196183058483, -7.715072815384815 ], [ 112.51642194227783, -7.714867156475067 ], [ 112.517538525132267, -7.712992771967044 ], [ 112.522269445600202, -7.708859182040022 ], [ 112.528049287499286, -7.706397149997088 ], [ 112.530849287499294, -7.705697149997089 ], [ 112.535895094100098, -7.705100951565335 ], [ 112.54092830951457, -7.705795472561602 ], [ 112.550528309514561, -7.708395472561602 ], [ 112.556520902716784, -7.711271363782783 ], [ 112.57772842712474, -7.714301010126777 ], [ 112.578780443162273, -7.714647976920984 ], [ 112.5792, -7.7222 ], [ 112.5745, -7.7339 ], [ 112.549, -7.7304 ], [ 112.5401, -7.7258 ], [ 112.5342, -7.7252 ], [ 112.5321, -7.7272 ], [ 112.5292, -7.7369 ], [ 112.522, -7.7382 ], [ 112.5147, -7.7419 ], [ 112.5149, -7.7323 ], [ 112.510769814293596, -7.721469735258745 ], [ 112.512958111481311, -7.720360598327984 ] ] ] ] } },
{ "type": "Feature", "properties": { "fid": 73, "GID_4": "IDN.11.23.17.3_1", "GID_0": "IDN", "COUNTRY": "Indonesia", "GID_1": "IDN.11_1", "NAME_1": "JawaTimur", "GID_2": "IDN.11.23_1", "NAME_2": "Mojokerto", "GID_3": "IDN.11.23.17_1", "NAME_3": "Trawas", "NAME_4": "Hutan", "VARNAME_4": "NA", "TYPE_4": "Desa", "ENGTYPE_4": "Village", "CC_4": "3516040999", "padi_mean": 0.0, "jagung_mean": 0.0, "cabai_mean": 0.0, "tomat_mean": 0.0, "kentang_mean": 0.5, "wortel_mean": 0.5, "tebu_mean": 0.0 }, "geometry": { "type": "MultiPolygon", "coordinates": [ [ [ [ 112.584405168762487, -7.71650307507555 ], [ 112.586897138724851, -7.718485221827156 ], [ 112.5853, -7.7214 ], [ 112.5749, -7.7327 ], [ 112.5792, -7.7222 ], [ 112.578780443162273, -7.714647976920984 ], [ 112.584405168762487, -7.71650307507555 ] ] ] ] } },
{ "type": "Feature", "properties": { "fid": 74, "GID_4": "IDN.11.28.14.7_1", "GID_0": "IDN", "COUNTRY": "Indonesia", "GID_1": "IDN.11_1", "NAME_1": "JawaTimur", "GID_2": "IDN.11.28_1", "NAME_2": "Pasuruan", "GID_3": "IDN.11.28.14_1", "NAME_3": "Prigen", "NAME_4": "Ledug", "VARNAME_4": "NA", "TYPE_4": "Desa", "ENGTYPE_4": "Village", "CC_4": "3514100007", "padi_mean": 0.0, "jagung_mean": 0.0, "cabai_mean": 0.0, "tomat_mean": 0.0, "kentang_mean": 0.5, "wortel_mean": 0.5, "tebu_mean": 0.0 }, "geometry": { "type": "MultiPolygon", "coordinates": [ [ [ [ 112.613410055285442, -7.75256970620962 ], [ 112.618206660429081, -7.757076545294595 ], [ 112.618803924126496, -7.757860189152904 ], [ 112.6112, -7.7588 ], [ 112.612254884180146, -7.752048741247053 ], [ 112.613410055285442, -7.75256970620962 ] ] ] ] } },
{ "type": "Feature", "properties": { "fid": 75, "GID_4": "IDN.11.28.14.8_1", "GID_0": "IDN", "COUNTRY": "Indonesia", "GID_1": "IDN.11_1", "NAME_1": "JawaTimur", "GID_2": "IDN.11.28_1", "NAME_2": "Pasuruan", "GID_3": "IDN.11.28.14_1", "NAME_3": "Prigen", "NAME_4": "LumbangRejo", "VARNAME_4": "NA", "TYPE_4": "Desa", "ENGTYPE_4": "Village", "CC_4": "3514100010", "padi_mean": null, "jagung_mean": null, "cabai_mean": null, "tomat_mean": null, "kentang_mean": null, "wortel_mean": null, "tebu_mean": null }, "geometry": { "type": "MultiPolygon", "coordinates": [ [ [ [ 112.589907357434413, -7.720879590670649 ], [ 112.590513324283592, -7.72187800814477 ], [ 112.5886, -7.7236 ], [ 112.5835, -7.7239 ], [ 112.586766271180622, -7.718381128005159 ], [ 112.589907357434413, -7.720879590670649 ] ] ] ] } },
{ "type": "Feature", "properties": { "fid": 76, "GID_4": "IDN.11.28.14.9_1", "GID_0": "IDN", "COUNTRY": "Indonesia", "GID_1": "IDN.11_1", "NAME_1": "JawaTimur", "GID_2": "IDN.11.28_1", "NAME_2": "Pasuruan", "GID_3": "IDN.11.28.14_1", "NAME_3": "Prigen", "NAME_4": "Pecalukan", "VARNAME_4": "NA", "TYPE_4": "Desa", "ENGTYPE_4": "Village", "CC_4": "3514100008", "padi_mean": 0.0, "jagung_mean": 0.0, "cabai_mean": 0.0, "tomat_mean": 0.0, "kentang_mean": 0.5, "wortel_mean": 0.5, "tebu_mean": 0.0 }, "geometry": { "type": "MultiPolygon", "coordinates": [ [ [ [ 112.593555088113661, -7.726889751219876 ], [ 112.599855088113657, -7.743189751219876 ], [ 112.600865858257507, -7.748134295711251 ], [ 112.607410258389535, -7.749863887174715 ], [ 112.612642489099755, -7.752223545292539 ], [ 112.612, -7.7577 ], [ 112.5976, -7.7622 ], [ 112.5915, -7.7659 ], [ 112.5883, -7.7655 ], [ 112.588, -7.7667 ], [ 112.5815, -7.7591 ], [ 112.5802, -7.7484 ], [ 112.5749, -7.7327 ], [ 112.5834, -7.7237 ], [ 112.5886, -7.7236 ], [ 112.590513324283592, -7.72187800814477 ], [ 112.593555088113661, -7.726889751219876 ] ] ] ] } },
{ "type": "Feature", "properties": { "fid": 77, "GID_4": "IDN.11.28.15.13_1", "GID_0": "IDN", "COUNTRY": "Indonesia", "GID_1": "IDN.11_1", "NAME_1": "JawaTimur", "GID_2": "IDN.11.28_1", "NAME_2": "Pasuruan", "GID_3": "IDN.11.28.15_1", "NAME_3": "Purwodadi", "NAME_4": "TambakSari", "VARNAME_4": "NA", "TYPE_4": "Desa", "ENGTYPE_4": "Village", "CC_4": "3514010010", "padi_mean": 0.11811208742497202, "jagung_mean": 0.11811208742497202, "cabai_mean": 0.15784461476442987, "tomat_mean": 0.15784461476442987, "kentang_mean": 0.5, "wortel_mean": 0.46335050810148481, "tebu_mean": 0.0 }, "geometry": { "type": "MultiPolygon", "coordinates": [ [ [ [ 112.626876835313226, -7.76845230666741 ], [ 112.630041057472852, -7.76956295242202 ], [ 112.632438654001135, -7.771285684582232 ], [ 112.635590909748572, -7.77087091408915 ], [ 112.642578217146649, -7.77118510275157 ], [ 112.649030055680811, -7.773886020876942 ], [ 112.652000202588184, -7.776641848845462 ], [ 112.659198712692472, -7.77782581432314 ], [ 112.6587, -7.7785 ], [ 112.667304556738983, -7.780893748867237 ], [ 112.671300720959763, -7.783925781632075 ], [ 112.673649726676715, -7.787376380204822 ], [ 112.67637371312621, -7.788018304979087 ], [ 112.679003228089215, -7.788980653238741 ], [ 112.6798, -7.7918 ], [ 112.686097672310495, -7.791577073546532 ], [ 112.691518236435925, -7.793560888252226 ], [ 112.6923, -7.7976 ], [ 112.6756, -7.7986 ], [ 112.6617, -7.7945 ], [ 112.6545, -7.7969 ], [ 112.6416, -7.7952 ], [ 112.6382, -7.7907 ], [ 112.6306, -7.7917 ], [ 112.6234, -7.7898 ], [ 112.6208, -7.7873 ], [ 112.6164, -7.7877 ], [ 112.6023, -7.7692 ], [ 112.5913, -7.7656 ], [ 112.6061, -7.7591 ], [ 112.61876926346757, -7.75781471240184 ], [ 112.626876835313226, -7.76845230666741 ] ] ] ] } },
{ "type": "Feature", "properties": { "fid": 78, "GID_4": "IDN.11.14.1.1_1", "GID_0": "IDN", "COUNTRY": "Indonesia", "GID_1": "IDN.11_1", "NAME_1": "JawaTimur", "GID_2": "IDN.11.14_1", "NAME_2": "KotaMalang", "GID_3": "IDN.11.14.1_1", "NAME_3": "Blimbing", "NAME_4": "Arjosari", "VARNAME_4": "NA", "TYPE_4": "Kelurahan", "ENGTYPE_4": "UrbanCommunity", "CC_4": "3573040010", "padi_mean": 0.5, "jagung_mean": 0.5, "cabai_mean": 0.5, "tomat_mean": 0.5, "kentang_mean": 0.5, "wortel_mean": 0.80000001192092896, "tebu_mean": 0.5 }, "geometry": { "type": "MultiPolygon", "coordinates": [ [ [ [ 112.6508, -7.9253 ], [ 112.6623, -7.93 ], [ 112.6642, -7.9357 ], [ 112.6584, -7.9362 ], [ 112.6511, -7.9329 ], [ 112.6522, -7.9298 ], [ 112.6491, -7.9284 ], [ 112.6508, -7.9253 ] ] ] ] } },
{ "type": "Feature", "properties": { "fid": 79, "GID_4": "IDN.11.14.1.2_1", "GID_0": "IDN", "COUNTRY": "Indonesia", "GID_1": "IDN.11_1", "NAME_1": "JawaTimur", "GID_2": "IDN.11.14_1", "NAME_2": "KotaMalang", "GID_3": "IDN.11.14.1_1", "NAME_3": "Blimbing", "NAME_4": "Balearjosari", "VARNAME_4": "NA", "TYPE_4": "Kelurahan", "ENGTYPE_4": "UrbanCommunity", "CC_4": "3573040011", "padi_mean": 0.5, "jagung_mean": 0.5, "cabai_mean": 0.5, "tomat_mean": 0.5, "kentang_mean": 0.5, "wortel_mean": 0.80000001192092907, "tebu_mean": 0.49639020674151935 }, "geometry": { "type": "MultiPolygon", "coordinates": [ [ [ [ 112.6625, -7.9303 ], [ 112.6516, -7.9253 ], [ 112.6444, -7.9254 ], [ 112.6413, -7.9229 ], [ 112.6392, -7.9237 ], [ 112.6392, -7.9222 ], [ 112.64, -7.9204 ], [ 112.6429, -7.9194 ], [ 112.646, -7.9138 ], [ 112.6459, -7.9164 ], [ 112.65, -7.9182 ], [ 112.6497, -7.9197 ], [ 112.6628, -7.927 ], [ 112.6625, -7.9303 ] ] ] ] } },
{ "type": "Feature", "properties": { "fid": 80, "GID_4": "IDN.11.14.1.3_1", "GID_0": "IDN", "COUNTRY": "Indonesia", "GID_1": "IDN.11_1", "NAME_1": "JawaTimur", "GID_2": "IDN.11.14_1", "NAME_2": "KotaMalang", "GID_3": "IDN.11.14.1_1", "NAME_3": "Blimbing", "NAME_4": "Blimbing", "VARNAME_4": "NA", "TYPE_4": "Kelurahan", "ENGTYPE_4": "UrbanCommunity", "CC_4": "3573040007", "padi_mean": 0.5, "jagung_mean": 0.5, "cabai_mean": 0.5, "tomat_mean": 0.5, "kentang_mean": 0.5, "wortel_mean": 0.80000001192092896, "tebu_mean": 0.5 }, "geometry": { "type": "MultiPolygon", "coordinates": [ [ [ [ 112.6515, -7.9433 ], [ 112.6527, -7.944 ], [ 112.6521, -7.9474 ], [ 112.6485, -7.9509 ], [ 112.6462, -7.9504 ], [ 112.6442, -7.9463 ], [ 112.6377, -7.9434 ], [ 112.6405, -7.9386 ], [ 112.6515, -7.9433 ] ] ] ] } },
{ "type": "Feature", "properties": { "fid": 81, "GID_4": "IDN.11.14.1.4_1", "GID_0": "IDN", "COUNTRY": "Indonesia", "GID_1": "IDN.11_1", "NAME_1": "JawaTimur", "GID_2": "IDN.11.14_1", "NAME_2": "KotaMalang", "GID_3": "IDN.11.14.1_1", "NAME_3": "Blimbing", "NAME_4": "Bunulrejo", "VARNAME_4": "NA", "TYPE_4": "Kelurahan", "ENGTYPE_4": "UrbanCommunity", "CC_4": "3573040004", "padi_mean": 0.5, "jagung_mean": 0.5, "cabai_mean": 0.5, "tomat_mean": 0.5, "kentang_mean": 0.5, "wortel_mean": 0.50058990584344387, "tebu_mean": 0.5 }, "geometry": { "type": "MultiPolygon", "coordinates": [ [ [ [ 112.6486, -7.974 ], [ 112.6443, -7.972 ], [ 112.6416, -7.9683 ], [ 112.6381, -7.9674 ], [ 112.6395, -7.9627 ], [ 112.6367, -7.9607 ], [ 112.6376, -7.9579 ], [ 112.6415, -7.9594 ], [ 112.641, -7.9607 ], [ 112.645, -7.9656 ], [ 112.6473, -7.9609 ], [ 112.6466, -7.9589 ], [ 112.6511, -7.9613 ], [ 112.6491, -7.9657 ], [ 112.6544, -7.9686 ], [ 112.6548, -7.9704 ], [ 112.6515, -7.9743 ], [ 112.6486, -7.974 ] ] ] ] } },
{ "type": "Feature", "properties": { "fid": 82, "GID_4": "IDN.11.14.1.5_1", "GID_0": "IDN", "COUNTRY": "Indonesia", "GID_1": "IDN.11_1", "NAME_1": "JawaTimur", "GID_2": "IDN.11.14_1", "NAME_2": "KotaMalang", "GID_3": "IDN.11.14.1_1", "NAME_3": "Blimbing", "NAME_4": "Jodipan", "VARNAME_4": "NA", "TYPE_4": "Kelurahan", "ENGTYPE_4": "UrbanCommunity", "CC_4": "3573040001", "padi_mean": 0.5, "jagung_mean": 0.5, "cabai_mean": 0.5, "tomat_mean": 0.5, "kentang_mean": 0.5, "wortel_mean": 0.5, "tebu_mean": 0.5 }, "geometry": { "type": "MultiPolygon", "coordinates": [ [ [ [ 112.637, -7.9826 ], [ 112.6397, -7.9837 ], [ 112.6418, -7.9906 ], [ 112.6431, -7.9896 ], [ 112.6467, -7.9908 ], [ 112.6456, -7.9934 ], [ 112.6354, -7.9872 ], [ 112.637, -7.9826 ] ] ] ] } },
{ "type": "Feature", "properties": { "fid": 83, "GID_4": "IDN.11.14.1.6_1", "GID_0": "IDN", "COUNTRY": "Indonesia", "GID_1": "IDN.11_1", "NAME_1": "JawaTimur", "GID_2": "IDN.11.14_1", "NAME_2": "KotaMalang", "GID_3": "IDN.11.14.1_1", "NAME_3": "Blimbing", "NAME_4": "Kesatrian", "VARNAME_4": "NA", "TYPE_4": "Kelurahan", "ENGTYPE_4": "UrbanCommunity", "CC_4": "3573040003", "padi_mean": 0.5, "jagung_mean": 0.5, "cabai_mean": 0.5, "tomat_mean": 0.5, "kentang_mean": 0.5, "wortel_mean": 0.5, "tebu_mean": 0.5 }, "geometry": { "type": "MultiPolygon", "coordinates": [ [ [ [ 112.6381, -7.9674 ], [ 112.6416, -7.9683 ], [ 112.6443, -7.972 ], [ 112.6486, -7.974 ], [ 112.6453, -7.9785 ], [ 112.649, -7.9792 ], [ 112.6468, -7.9837 ], [ 112.6429, -7.9818 ], [ 112.6399, -7.9852 ], [ 112.6397, -7.9837 ], [ 112.637, -7.9826 ], [ 112.6383, -7.9782 ], [ 112.6381, -7.9674 ] ] ] ] } },
{ "type": "Feature", "properties": { "fid": 84, "GID_4": "IDN.11.14.1.7_1", "GID_0": "IDN", "COUNTRY": "Indonesia", "GID_1": "IDN.11_1", "NAME_1": "JawaTimur", "GID_2": "IDN.11.14_1", "NAME_2": "KotaMalang", "GID_3": "IDN.11.14.1_1", "NAME_3": "Blimbing", "NAME_4": "Pandanwangi", "VARNAME_4": "NA", "TYPE_4": "Kelurahan", "ENGTYPE_4": "UrbanCommunity", "CC_4": "3573040006", "padi_mean": 0.5, "jagung_mean": 0.5, "cabai_mean": 0.5, "tomat_mean": 0.5, "kentang_mean": 0.5, "wortel_mean": 0.72764661318781543, "tebu_mean": 0.5 }, "geometry": { "type": "MultiPolygon", "coordinates": [ [ [ [ 112.6586, -7.9362 ], [ 112.6649, -7.9363 ], [ 112.6653, -7.9431 ], [ 112.6686, -7.9461 ], [ 112.6668, -7.9489 ], [ 112.666, -7.9461 ], [ 112.6636, -7.9481 ], [ 112.6635, -7.9587 ], [ 112.6592, -7.9615 ], [ 112.6591, -7.9638 ], [ 112.6544, -7.9686 ], [ 112.6491, -7.9657 ], [ 112.6545, -7.9549 ], [ 112.6499, -7.9523 ], [ 112.6526, -7.9454 ], [ 112.6519, -7.9416 ], [ 112.6566, -7.9429 ], [ 112.6586, -7.9362 ] ] ] ] } },
{ "type": "Feature", "properties": { "fid": 85, "GID_4": "IDN.11.14.1.8_1", "GID_0": "IDN", "COUNTRY": "Indonesia", "GID_1": "IDN.11_1", "NAME_1": "JawaTimur", "GID_2": "IDN.11.14_1", "NAME_2": "KotaMalang", "GID_3": "IDN.11.14.1_1", "NAME_3": "Blimbing", "NAME_4": "Polehan", "VARNAME_4": "NA", "TYPE_4": "Kelurahan", "ENGTYPE_4": "UrbanCommunity", "CC_4": "3573040002", "padi_mean": 0.5, "jagung_mean": 0.5, "cabai_mean": 0.5, "tomat_mean": 0.5, "kentang_mean": 0.5, "wortel_mean": 0.5, "tebu_mean": 0.5 }, "geometry": { "type": "MultiPolygon", "coordinates": [ [ [ [ 112.6486, -7.974 ], [ 112.6511, -7.9745 ], [ 112.651, -7.9795 ], [ 112.6488, -7.9846 ], [ 112.6495, -7.9873 ], [ 112.6467, -7.9908 ], [ 112.6431, -7.9896 ], [ 112.6418, -7.9906 ], [ 112.6401, -7.985 ], [ 112.6429, -7.9818 ], [ 112.6468, -7.9837 ], [ 112.649, -7.9792 ], [ 112.6453, -7.9785 ], [ 112.6486, -7.974 ] ] ] ] } },
{ "type": "Feature", "properties": { "fid": 86, "GID_4": "IDN.11.14.1.9_1", "GID_0": "IDN", "COUNTRY": "Indonesia", "GID_1": "IDN.11_1", "NAME_1": "JawaTimur", "GID_2": "IDN.11.14_1", "NAME_2": "KotaMalang", "GID_3": "IDN.11.14.1_1", "NAME_3": "Blimbing", "NAME_4": "Polowijen", "VARNAME_4": "NA", "TYPE_4": "Kelurahan", "ENGTYPE_4": "UrbanCommunity", "CC_4": "3573040009", "padi_mean": 0.5, "jagung_mean": 0.5, "cabai_mean": 0.5, "tomat_mean": 0.5, "kentang_mean": 0.5, "wortel_mean": 0.80000001192092896, "tebu_mean": 0.5 }, "geometry": { "type": "MultiPolygon", "coordinates": [ [ [ [ 112.6508, -7.9253 ], [ 112.6491, -7.9284 ], [ 112.6522, -7.9298 ], [ 112.6511, -7.9329 ], [ 112.6586, -7.9362 ], [ 112.6571, -7.9391 ], [ 112.6511, -7.9364 ], [ 112.6517, -7.9351 ], [ 112.6487, -7.9335 ], [ 112.649, -7.9323 ], [ 112.6441, -7.9305 ], [ 112.6437, -7.9315 ], [ 112.6369, -7.9258 ], [ 112.6383, -7.9233 ], [ 112.6413, -7.9229 ], [ 112.6444, -7.9254 ], [ 112.6508, -7.9253 ] ] ] ] } },
{ "type": "Feature", "properties": { "fid": 87, "GID_4": "IDN.11.14.1.10_1", "GID_0": "IDN", "COUNTRY": "Indonesia", "GID_1": "IDN.11_1", "NAME_1": "JawaTimur", "GID_2": "IDN.11.14_1", "NAME_2": "KotaMalang", "GID_3": "IDN.11.14.1_1", "NAME_3": "Blimbing", "NAME_4": "Purwantoro", "VARNAME_4": "NA", "TYPE_4": "Kelurahan", "ENGTYPE_4": "UrbanCommunity", "CC_4": "3573040005", "padi_mean": 0.5, "jagung_mean": 0.5, "cabai_mean": 0.5, "tomat_mean": 0.5, "kentang_mean": 0.5, "wortel_mean": 0.73452396623685112, "tebu_mean": 0.5 }, "geometry": { "type": "MultiPolygon", "coordinates": [ [ [ [ 112.6377, -7.9434 ], [ 112.6455, -7.9473 ], [ 112.6462, -7.9504 ], [ 112.6485, -7.9509 ], [ 112.6493, -7.9493 ], [ 112.6514, -7.9504 ], [ 112.6499, -7.9523 ], [ 112.6545, -7.9549 ], [ 112.6519, -7.9617 ], [ 112.6466, -7.9589 ], [ 112.6473, -7.9609 ], [ 112.6452, -7.9656 ], [ 112.641, -7.9607 ], [ 112.6415, -7.9594 ], [ 112.6376, -7.9579 ], [ 112.6387, -7.9531 ], [ 112.6382, -7.9463 ], [ 112.6367, -7.945 ], [ 112.6377, -7.9434 ] ] ] ] } },
{ "type": "Feature", "properties": { "fid": 88, "GID_4": "IDN.11.14.1.11_1", "GID_0": "IDN", "COUNTRY": "Indonesia", "GID_1": "IDN.11_1", "NAME_1": "JawaTimur", "GID_2": "IDN.11.14_1", "NAME_2": "KotaMalang", "GID_3": "IDN.11.14.1_1", "NAME_3": "Blimbing", "NAME_4": "Purwodadi", "VARNAME_4": "NA", "TYPE_4": "Kelurahan", "ENGTYPE_4": "UrbanCommunity", "CC_4": "3573040008", "padi_mean": 0.5, "jagung_mean": 0.5, "cabai_mean": 0.5, "tomat_mean": 0.5, "kentang_mean": 0.5, "wortel_mean": 0.80000001192092896, "tebu_mean": 0.5 }, "geometry": { "type": "MultiPolygon", "coordinates": [ [ [ [ 112.6515, -7.9433 ], [ 112.6412, -7.9393 ], [ 112.6426, -7.9337 ], [ 112.6377, -7.9303 ], [ 112.6385, -7.9287 ], [ 112.6438, -7.9316 ], [ 112.6441, -7.9305 ], [ 112.6483, -7.9319 ], [ 112.6517, -7.9351 ], [ 112.6511, -7.9364 ], [ 112.6581, -7.9395 ], [ 112.6566, -7.9429 ], [ 112.6529, -7.9413 ], [ 112.6515, -7.9433 ] ] ] ] } },
{ "type": "Feature", "properties": { "fid": 89, "GID_4": "IDN.11.14.2.1_1", "GID_0": "IDN", "COUNTRY": "Indonesia", "GID_1": "IDN.11_1", "NAME_1": "JawaTimur", "GID_2": "IDN.11.14_1", "NAME_2": "KotaMalang", "GID_3": "IDN.11.14.2_1", "NAME_3": "Kedungkandang", "NAME_4": "Arjowinangun", "VARNAME_4": "NA", "TYPE_4": "Kelurahan", "ENGTYPE_4": "UrbanCommunity", "CC_4": "3573010001", "padi_mean": 0.5, "jagung_mean": 0.5, "cabai_mean": 0.5, "tomat_mean": 0.5, "kentang_mean": 0.5, "wortel_mean": 0.80000001192092907, "tebu_mean": 0.5 }, "geometry": { "type": "MultiPolygon", "coordinates": [ [ [ [ 112.629, -8.0318 ], [ 112.6424, -8.0322 ], [ 112.6422, -8.036 ], [ 112.6464, -8.0369 ], [ 112.6454, -8.0483 ], [ 112.6423, -8.0499 ], [ 112.6317, -8.0459 ], [ 112.631, -8.0353 ], [ 112.629, -8.0318 ] ] ] ] } },
{ "type": "Feature", "properties": { "fid": 90, "GID_4": "IDN.11.14.2.2_1", "GID_0": "IDN", "COUNTRY": "Indonesia", "GID_1": "IDN.11_1", "NAME_1": "JawaTimur", "GID_2": "IDN.11.14_1", "NAME_2": "KotaMalang", "GID_3": "IDN.11.14.2_1", "NAME_3": "Kedungkandang", "NAME_4": "Bumiayu", "VARNAME_4": "NA", "TYPE_4": "Kelurahan", "ENGTYPE_4": "UrbanCommunity", "CC_4": "3573010004", "padi_mean": 0.5, "jagung_mean": 0.5, "cabai_mean": 0.5, "tomat_mean": 0.5, "kentang_mean": 0.5, "wortel_mean": 0.80000001192092896, "tebu_mean": 0.5 }, "geometry": { "type": "MultiPolygon", "coordinates": [ [ [ [ 112.6424, -8.0322 ], [ 112.629, -8.0318 ], [ 112.6333, -8.0207 ], [ 112.6313, -8.0171 ], [ 112.6307, -8.0046 ], [ 112.6368, -8.0013 ], [ 112.6437, -8.0043 ], [ 112.6434, -8.0088 ], [ 112.6388, -8.0059 ], [ 112.6381, -8.0078 ], [ 112.6384, -8.0105 ], [ 112.6432, -8.0119 ], [ 112.6424, -8.0322 ] ] ] ] } },
{ "type": "Feature", "properties": { "fid": 91, "GID_4": "IDN.11.14.2.3_1", "GID_0": "IDN", "COUNTRY": "Indonesia", "GID_1": "IDN.11_1", "NAME_1": "JawaTimur", "GID_2": "IDN.11.14_1", "NAME_2": "KotaMalang", "GID_3": "IDN.11.14.2_1", "NAME_3": "Kedungkandang", "NAME_4": "Buring", "VARNAME_4": "NA", "TYPE_4": "Kelurahan", "ENGTYPE_4": "UrbanCommunity", "CC_4": "3573010005", "padi_mean": 0.5, "jagung_mean": 0.5, "cabai_mean": 0.5, "tomat_mean": 0.5, "kentang_mean": 0.5, "wortel_mean": 0.68129886483803415, "tebu_mean": 0.41051775482183428 }, "geometry": { "type": "MultiPolygon", "coordinates": [ [ [ [ 112.643, -8.0181 ], [ 112.6432, -8.0119 ], [ 112.6384, -8.0105 ], [ 112.6381, -8.0078 ], [ 112.6388, -8.0059 ], [ 112.6434, -8.0088 ], [ 112.6437, -8.0043 ], [ 112.6368, -8.0013 ], [ 112.6369, -7.9968 ], [ 112.6403, -7.9979 ], [ 112.6454, -7.9944 ], [ 112.6484, -7.998 ], [ 112.6612, -8.0052 ], [ 112.672, -8.0089 ], [ 112.6728, -8.0114 ], [ 112.6722, -8.0245 ], [ 112.6672, -8.0195 ], [ 112.6578, -8.0145 ], [ 112.6452, -8.0112 ], [ 112.6449, -8.0183 ], [ 112.643, -8.0181 ] ] ] ] } },
{ "type": "Feature", "properties": { "fid": 92, "GID_4": "IDN.11.14.2.4_1", "GID_0": "IDN", "COUNTRY": "Indonesia", "GID_1": "IDN.11_1", "NAME_1": "JawaTimur", "GID_2": "IDN.11.14_1", "NAME_2": "KotaMalang", "GID_3": "IDN.11.14.2_1", "NAME_3": "Kedungkandang", "NAME_4": "Cemorokandang", "VARNAME_4": "NA", "TYPE_4": "Kelurahan", "ENGTYPE_4": "UrbanCommunity", "CC_4": "3573010012", "padi_mean": 0.5, "jagung_mean": 0.5, "cabai_mean": 0.5, "tomat_mean": 0.5, "kentang_mean": 0.5, "wortel_mean": 0.74121542150894171, "tebu_mean": 0.44121540958801275 }, "geometry": { "type": "MultiPolygon", "coordinates": [ [ [ [ 112.679, -8.0068 ], [ 112.6764, -8.0063 ], [ 112.6783, -7.9889 ], [ 112.6742, -7.9881 ], [ 112.673, -7.9779 ], [ 112.6803, -7.977 ], [ 112.6843, -7.9748 ], [ 112.6897, -7.9754 ], [ 112.6888, -7.9807 ], [ 112.6948, -7.9827 ], [ 112.6942, -7.9867 ], [ 112.6843, -8.0049 ], [ 112.6793, -8.0054 ], [ 112.679, -8.0068 ] ] ] ] } },
{ "type": "Feature", "properties": { "fid": 93, "GID_4": "IDN.11.14.2.5_1", "GID_0": "IDN", "COUNTRY": "Indonesia", "GID_1": "IDN.11_1", "NAME_1": "JawaTimur", "GID_2": "IDN.11.14_1", "NAME_2": "KotaMalang", "GID_3": "IDN.11.14.2_1", "NAME_3": "Kedungkandang", "NAME_4": "Kedungkandang", "VARNAME_4": "NA", "TYPE_4": "Kelurahan", "ENGTYPE_4": "UrbanCommunity", "CC_4": "3573010008", "padi_mean": 0.5, "jagung_mean": 0.5, "cabai_mean": 0.5, "tomat_mean": 0.5, "kentang_mean": 0.5, "wortel_mean": 0.55018224147821015, "tebu_mean": 0.45149615555861622 }, "geometry": { "type": "MultiPolygon", "coordinates": [ [ [ [ 112.6456, -7.9934 ], [ 112.6495, -7.9873 ], [ 112.649, -7.9841 ], [ 112.6516, -7.9846 ], [ 112.6507, -7.9864 ], [ 112.6528, -7.988 ], [ 112.6546, -7.987 ], [ 112.6566, -7.989 ], [ 112.6646, -8.0008 ], [ 112.6716, -8.005 ], [ 112.672, -8.0089 ], [ 112.6625, -8.0058 ], [ 112.6484, -7.998 ], [ 112.6456, -7.9934 ] ] ] ] } },
{ "type": "Feature", "properties": { "fid": 94, "GID_4": "IDN.11.14.2.6_1", "GID_0": "IDN", "COUNTRY": "Indonesia", "GID_1": "IDN.11_1", "NAME_1": "JawaTimur", "GID_2": "IDN.11.14_1", "NAME_2": "KotaMalang", "GID_3": "IDN.11.14.2_1", "NAME_3": "Kedungkandang", "NAME_4": "Kotalama", "VARNAME_4": "NA", "TYPE_4": "Kelurahan", "ENGTYPE_4": "UrbanCommunity", "CC_4": "3573010007", "padi_mean": 0.5, "jagung_mean": 0.5, "cabai_mean": 0.5, "tomat_mean": 0.5, "kentang_mean": 0.5, "wortel_mean": 0.5, "tebu_mean": 0.5 }, "geometry": { "type": "MultiPolygon", "coordinates": [ [ [ [ 112.6354, -7.9872 ], [ 112.6456, -7.9934 ], [ 112.6437, -7.9966 ], [ 112.6368, -7.9975 ], [ 112.636, -7.995 ], [ 112.6377, -7.9944 ], [ 112.6332, -7.9939 ], [ 112.6354, -7.9872 ] ] ] ] } },
{ "type": "Feature", "properties": { "fid": 95, "GID_4": "IDN.11.14.2.7_1", "GID_0": "IDN", "COUNTRY": "Indonesia", "GID_1": "IDN.11_1", "NAME_1": "JawaTimur", "GID_2": "IDN.11.14_1", "NAME_2": "KotaMalang", "GID_3": "IDN.11.14.2_1", "NAME_3": "Kedungkandang", "NAME_4": "Lesanpuro", "VARNAME_4": "NA", "TYPE_4": "Kelurahan", "ENGTYPE_4": "UrbanCommunity", "CC_4": "3573010011", "padi_mean": 0.5, "jagung_mean": 0.5, "cabai_mean": 0.5, "tomat_mean": 0.5, "kentang_mean": 0.5, "wortel_mean": 0.51770800109490911, "tebu_mean": 0.41225303261871438 }, "geometry": { "type": "MultiPolygon", "coordinates": [ [ [ [ 112.6764, -8.0063 ], [ 112.6792, -8.0069 ], [ 112.6789, -8.0103 ], [ 112.672, -8.0089 ], [ 112.6716, -8.005 ], [ 112.6646, -8.0008 ], [ 112.6566, -7.989 ], [ 112.6546, -7.987 ], [ 112.6528, -7.988 ], [ 112.6507, -7.9864 ], [ 112.6533, -7.981 ], [ 112.6594, -7.9792 ], [ 112.6641, -7.973 ], [ 112.666, -7.974 ], [ 112.6612, -7.9793 ], [ 112.6624, -7.9809 ], [ 112.6612, -7.9824 ], [ 112.664, -7.9845 ], [ 112.6691, -7.9932 ], [ 112.6748, -7.9976 ], [ 112.6718, -8.0049 ], [ 112.6764, -8.0063 ] ] ] ] } },
{ "type": "Feature", "properties": { "fid": 96, "GID_4": "IDN.11.14.2.8_1", "GID_0": "IDN", "COUNTRY": "Indonesia", "GID_1": "IDN.11_1", "NAME_1": "JawaTimur", "GID_2": "IDN.11.14_1", "NAME_2": "KotaMalang", "GID_3": "IDN.11.14.2_1", "NAME_3": "Kedungkandang", "NAME_4": "Madyopuro", "VARNAME_4": "NA", "TYPE_4": "Kelurahan", "ENGTYPE_4": "UrbanCommunity", "CC_4": "3573010010", "padi_mean": 0.5, "jagung_mean": 0.5, "cabai_mean": 0.5, "tomat_mean": 0.5, "kentang_mean": 0.5, "wortel_mean": 0.71183082631446948, "tebu_mean": 0.46493264747156521 }, "geometry": { "type": "MultiPolygon", "coordinates": [ [ [ [ 112.6785, -7.9767 ], [ 112.6733, -7.9777 ], [ 112.6723, -7.9797 ], [ 112.6737, -7.9809 ], [ 112.6742, -7.9881 ], [ 112.6783, -7.9889 ], [ 112.6759, -8.0063 ], [ 112.6718, -8.0049 ], [ 112.6748, -7.9976 ], [ 112.6691, -7.9932 ], [ 112.6609, -7.98 ], [ 112.666, -7.974 ], [ 112.6641, -7.973 ], [ 112.665, -7.9712 ], [ 112.6681, -7.9692 ], [ 112.6764, -7.9724 ], [ 112.6755, -7.9746 ], [ 112.6785, -7.9767 ] ] ] ] } },
{ "type": "Feature", "properties": { "fid": 97, "GID_4": "IDN.11.14.2.9_1", "GID_0": "IDN", "COUNTRY": "Indonesia", "GID_1": "IDN.11_1", "NAME_1": "JawaTimur", "GID_2": "IDN.11.14_1", "NAME_2": "KotaMalang", "GID_3": "IDN.11.14.2_1", "NAME_3": "Kedungkandang", "NAME_4": "Mergosono", "VARNAME_4": "NA", "TYPE_4": "Kelurahan", "ENGTYPE_4": "UrbanCommunity", "CC_4": "3573010006", "padi_mean": 0.5, "jagung_mean": 0.5, "cabai_mean": 0.5, "tomat_mean": 0.5, "kentang_mean": 0.5, "wortel_mean": 0.62906519169110375, "tebu_mean": 0.5 }, "geometry": { "type": "MultiPolygon", "coordinates": [ [ [ [ 112.6368, -8.0013 ], [ 112.6327, -8.0045 ], [ 112.6302, -8.0037 ], [ 112.6332, -7.9939 ], [ 112.6377, -7.9946 ], [ 112.636, -7.995 ], [ 112.6378, -7.9999 ], [ 112.6368, -8.0013 ] ] ] ] } },
{ "type": "Feature", "properties": { "fid": 98, "GID_4": "IDN.11.14.2.10_1", "GID_0": "IDN", "COUNTRY": "Indonesia", "GID_1": "IDN.11_1", "NAME_1": "JawaTimur", "GID_2": "IDN.11.14_1", "NAME_2": "KotaMalang", "GID_3": "IDN.11.14.2_1", "NAME_3": "Kedungkandang", "NAME_4": "Sawojajar", "VARNAME_4": "NA", "TYPE_4": "Kelurahan", "ENGTYPE_4": "UrbanCommunity", "CC_4": "3573010009", "padi_mean": 0.5, "jagung_mean": 0.5, "cabai_mean": 0.5, "tomat_mean": 0.5, "kentang_mean": 0.5, "wortel_mean": 0.5, "tebu_mean": 0.5 }, "geometry": { "type": "MultiPolygon", "coordinates": [ [ [ [ 112.6511, -7.9745 ], [ 112.6572, -7.965 ], [ 112.6635, -7.9682 ], [ 112.6627, -7.9708 ], [ 112.665, -7.9712 ], [ 112.6594, -7.9792 ], [ 112.6533, -7.981 ], [ 112.6516, -7.9846 ], [ 112.6495, -7.9836 ], [ 112.6511, -7.9745 ] ] ] ] } },
{ "type": "Feature", "properties": { "fid": 99, "GID_4": "IDN.11.14.2.11_1", "GID_0": "IDN", "COUNTRY": "Indonesia", "GID_1": "IDN.11_1", "NAME_1": "JawaTimur", "GID_2": "IDN.11.14_1", "NAME_2": "KotaMalang", "GID_3": "IDN.11.14.2_1", "NAME_3": "Kedungkandang", "NAME_4": "Tlogowaru", "VARNAME_4": "NA", "TYPE_4": "Kelurahan", "ENGTYPE_4": "UrbanCommunity", "CC_4": "3573010002", "padi_mean": 0.5, "jagung_mean": 0.5, "cabai_mean": 0.5, "tomat_mean": 0.5, "kentang_mean": 0.5, "wortel_mean": 0.72360197984224395, "tebu_mean": 0.42360196792131494 }, "geometry": { "type": "MultiPolygon", "coordinates": [ [ [ [ 112.6454, -8.0483 ], [ 112.6464, -8.0369 ], [ 112.6422, -8.036 ], [ 112.6423, -8.0324 ], [ 112.646, -8.0339 ], [ 112.6462, -8.0327 ], [ 112.6521, -8.0345 ], [ 112.6577, -8.0342 ], [ 112.6729, -8.0254 ], [ 112.6754, -8.0277 ], [ 112.6728, -8.0319 ], [ 112.6679, -8.035 ], [ 112.6655, -8.0409 ], [ 112.6626, -8.0399 ], [ 112.6598, -8.042 ], [ 112.6566, -8.0501 ], [ 112.6488, -8.0479 ], [ 112.6455, -8.0513 ], [ 112.6454, -8.0483 ] ] ] ] } },
{ "type": "Feature", "properties": { "fid": 100, "GID_4": "IDN.11.14.2.12_1", "GID_0": "IDN", "COUNTRY": "Indonesia", "GID_1": "IDN.11_1", "NAME_1": "JawaTimur", "GID_2": "IDN.11.14_1", "NAME_2": "KotaMalang", "GID_3": "IDN.11.14.2_1", "NAME_3": "Kedungkandang", "NAME_4": "Wonokoyo", "VARNAME_4": "NA", "TYPE_4": "Kelurahan", "ENGTYPE_4": "UrbanCommunity", "CC_4": "3573010003", "padi_mean": 0.5, "jagung_mean": 0.5, "cabai_mean": 0.5, "tomat_mean": 0.5, "kentang_mean": 0.5, "wortel_mean": 0.76647019973062136, "tebu_mean": 0.4664701878096924 }, "geometry": { "type": "MultiPolygon", "coordinates": [ [ [ [ 112.6423, -8.0324 ], [ 112.643, -8.0181 ], [ 112.6449, -8.0183 ], [ 112.6452, -8.0112 ], [ 112.6578, -8.0145 ], [ 112.6672, -8.0195 ], [ 112.6729, -8.0254 ], [ 112.6577, -8.0342 ], [ 112.6521, -8.0345 ], [ 112.6462, -8.0327 ], [ 112.646, -8.0339 ], [ 112.6423, -8.0324 ] ] ] ] } },
{ "type": "Feature", "properties": { "fid": 101, "GID_4": "IDN.11.14.3.1_1", "GID_0": "IDN", "COUNTRY": "Indonesia", "GID_1": "IDN.11_1", "NAME_1": "JawaTimur", "GID_2": "IDN.11.14_1", "NAME_2": "KotaMalang", "GID_3": "IDN.11.14.3_1", "NAME_3": "Klojen", "NAME_4": "Bareng", "VARNAME_4": "NA", "TYPE_4": "Kelurahan", "ENGTYPE_4": "UrbanCommunity", "CC_4": "3573030005", "padi_mean": 0.5, "jagung_mean": 0.5, "cabai_mean": 0.5, "tomat_mean": 0.5, "kentang_mean": 0.5, "wortel_mean": 0.79918407374872613, "tebu_mean": 0.5 }, "geometry": { "type": "MultiPolygon", "coordinates": [ [ [ [ 112.6128, -7.9734 ], [ 112.6204, -7.9759 ], [ 112.6255, -7.9807 ], [ 112.6224, -7.9834 ], [ 112.614, -7.9836 ], [ 112.6128, -7.9734 ] ] ] ] } },
{ "type": "Feature", "properties": { "fid": 102, "GID_4": "IDN.11.14.3.2_1", "GID_0": "IDN", "COUNTRY": "Indonesia", "GID_1": "IDN.11_1", "NAME_1": "JawaTimur", "GID_2": "IDN.11.14_1", "NAME_2": "KotaMalang", "GID_3": "IDN.11.14.3_1", "NAME_3": "Klojen", "NAME_4": "Gadingkasri", "VARNAME_4": "NA", "TYPE_4": "Kelurahan", "ENGTYPE_4": "UrbanCommunity", "CC_4": "3573030006", "padi_mean": 0.5, "jagung_mean": 0.5, "cabai_mean": 0.5, "tomat_mean": 0.5, "kentang_mean": 0.5, "wortel_mean": 0.80000001192092896, "tebu_mean": 0.5 }, "geometry": { "type": "MultiPolygon", "coordinates": [ [ [ [ 112.6218, -7.9768 ], [ 112.6128, -7.9734 ], [ 112.6128, -7.964 ], [ 112.6195, -7.967 ], [ 112.6178, -7.9691 ], [ 112.6233, -7.9732 ], [ 112.6218, -7.9768 ] ] ] ] } },
{ "type": "Feature", "properties": { "fid": 103, "GID_4": "IDN.11.14.3.3_1", "GID_0": "IDN", "COUNTRY": "Indonesia", "GID_1": "IDN.11_1", "NAME_1": "JawaTimur", "GID_2": "IDN.11.14_1", "NAME_2": "KotaMalang", "GID_3": "IDN.11.14.3_1", "NAME_3": "Klojen", "NAME_4": "Kasin", "VARNAME_4": "NA", "TYPE_4": "Kelurahan", "ENGTYPE_4": "UrbanCommunity", "CC_4": "3573030001", "padi_mean": 0.5, "jagung_mean": 0.5, "cabai_mean": 0.5, "tomat_mean": 0.5, "kentang_mean": 0.5, "wortel_mean": 0.62417944320261043, "tebu_mean": 0.5 }, "geometry": { "type": "MultiPolygon", "coordinates": [ [ [ [ 112.6231, -7.9835 ], [ 112.6307, -7.9853 ], [ 112.6252, -7.9991 ], [ 112.6228, -7.9982 ], [ 112.624, -7.9962 ], [ 112.622, -7.9888 ], [ 112.6231, -7.9835 ] ] ] ] } },
{ "type": "Feature", "properties": { "fid": 104, "GID_4": "IDN.11.14.3.4_1", "GID_0": "IDN", "COUNTRY": "Indonesia", "GID_1": "IDN.11_1", "NAME_1": "JawaTimur", "GID_2": "IDN.11.14_1", "NAME_2": "KotaMalang", "GID_3": "IDN.11.14.3_1", "NAME_3": "Klojen", "NAME_4": "Kauman", "VARNAME_4": "NA", "TYPE_4": "Kelurahan", "ENGTYPE_4": "UrbanCommunity", "CC_4": "3573030004", "padi_mean": 0.5, "jagung_mean": 0.5, "cabai_mean": 0.5, "tomat_mean": 0.5, "kentang_mean": 0.5, "wortel_mean": 0.57125538739171999, "tebu_mean": 0.5 }, "geometry": { "type": "MultiPolygon", "coordinates": [ [ [ [ 112.6224, -7.9834 ], [ 112.6259, -7.98 ], [ 112.6218, -7.9768 ], [ 112.6233, -7.9732 ], [ 112.6275, -7.9766 ], [ 112.6332, -7.9771 ], [ 112.6304, -7.9804 ], [ 112.6307, -7.9853 ], [ 112.6224, -7.9834 ] ] ] ] } },
{ "type": "Feature", "properties": { "fid": 105, "GID_4": "IDN.11.14.3.5_1", "GID_0": "IDN", "COUNTRY": "Indonesia", "GID_1": "IDN.11_1", "NAME_1": "JawaTimur", "GID_2": "IDN.11.14_1", "NAME_2": "KotaMalang", "GID_3": "IDN.11.14.3_1", "NAME_3": "Klojen", "NAME_4": "KidulDalem", "VARNAME_4": "NA", "TYPE_4": "Kelurahan", "ENGTYPE_4": "UrbanCommunity", "CC_4": "3573030003", "padi_mean": 0.5, "jagung_mean": 0.5, "cabai_mean": 0.5, "tomat_mean": 0.5, "kentang_mean": 0.5, "wortel_mean": 0.5, "tebu_mean": 0.5 }, "geometry": { "type": "MultiPolygon", "coordinates": [ [ [ [ 112.637, -7.9826 ], [ 112.6345, -7.9818 ], [ 112.6337, -7.9845 ], [ 112.6296, -7.9832 ], [ 112.6338, -7.9765 ], [ 112.6384, -7.9778 ], [ 112.637, -7.9826 ] ] ] ] } },
{ "type": "Feature", "properties": { "fid": 106, "GID_4": "IDN.11.14.3.6_1", "GID_0": "IDN", "COUNTRY": "Indonesia", "GID_1": "IDN.11_1", "NAME_1": "JawaTimur", "GID_2": "IDN.11.14_1", "NAME_2": "KotaMalang", "GID_3": "IDN.11.14.3_1", "NAME_3": "Klojen", "NAME_4": "Klojen", "VARNAME_4": "NA", "TYPE_4": "Kelurahan", "ENGTYPE_4": "UrbanCommunity", "CC_4": "3573030008", "padi_mean": 0.5, "jagung_mean": 0.5, "cabai_mean": 0.5, "tomat_mean": 0.5, "kentang_mean": 0.5, "wortel_mean": 0.5, "tebu_mean": 0.5 }, "geometry": { "type": "MultiPolygon", "coordinates": [ [ [ [ 112.6381, -7.9693 ], [ 112.6384, -7.9778 ], [ 112.6292, -7.9765 ], [ 112.6332, -7.9672 ], [ 112.6381, -7.9693 ] ] ] ] } },
{ "type": "Feature", "properties": { "fid": 107, "GID_4": "IDN.11.14.3.7_1", "GID_0": "IDN", "COUNTRY": "Indonesia", "GID_1": "IDN.11_1", "NAME_1": "JawaTimur", "GID_2": "IDN.11.14_1", "NAME_2": "KotaMalang", "GID_3": "IDN.11.14.3_1", "NAME_3": "Klojen", "NAME_4": "OroOroDowo", "VARNAME_4": "NA", "TYPE_4": "Kelurahan", "ENGTYPE_4": "UrbanCommunity", "CC_4": "3573030007", "padi_mean": 0.5, "jagung_mean": 0.5, "cabai_mean": 0.5, "tomat_mean": 0.5, "kentang_mean": 0.5, "wortel_mean": 0.63835752368567256, "tebu_mean": 0.5 }, "geometry": { "type": "MultiPolygon", "coordinates": [ [ [ [ 112.6233, -7.9732 ], [ 112.6178, -7.9691 ], [ 112.6212, -7.9639 ], [ 112.627, -7.9624 ], [ 112.6307, -7.9683 ], [ 112.6292, -7.9765 ], [ 112.6233, -7.9732 ] ] ] ] } },
{ "type": "Feature", "properties": { "fid": 108, "GID_4": "IDN.11.14.3.8_1", "GID_0": "IDN", "COUNTRY": "Indonesia", "GID_1": "IDN.11_1", "NAME_1": "JawaTimur", "GID_2": "IDN.11.14_1", "NAME_2": "KotaMalang", "GID_3": "IDN.11.14.3_1", "NAME_3": "Klojen", "NAME_4": "Penanggungan", "VARNAME_4": "NA", "TYPE_4": "Kelurahan", "ENGTYPE_4": "UrbanCommunity", "CC_4": "3573030011", "padi_mean": 0.5, "jagung_mean": 0.5, "cabai_mean": 0.5, "tomat_mean": 0.5, "kentang_mean": 0.5, "wortel_mean": 0.78697715377440269, "tebu_mean": 0.36777648754556003 }, "geometry": { "type": "MultiPolygon", "coordinates": [ [ [ [ 112.6262, -7.9622 ], [ 112.6217, -7.9636 ], [ 112.6215, -7.96 ], [ 112.6157, -7.9561 ], [ 112.6166, -7.9503 ], [ 112.6245, -7.9563 ], [ 112.6262, -7.9622 ] ] ] ] } },
{ "type": "Feature", "properties": { "fid": 109, "GID_4": "IDN.11.14.3.9_1", "GID_0": "IDN", "COUNTRY": "Indonesia", "GID_1": "IDN.11_1", "NAME_1": "JawaTimur", "GID_2": "IDN.11.14_1", "NAME_2": "KotaMalang", "GID_3": "IDN.11.14.3_1", "NAME_3": "Klojen", "NAME_4": "RampalCelaket", "VARNAME_4": "NA", "TYPE_4": "Kelurahan", "ENGTYPE_4": "UrbanCommunity", "CC_4": "3573030009", "padi_mean": 0.5, "jagung_mean": 0.5, "cabai_mean": 0.5, "tomat_mean": 0.5, "kentang_mean": 0.5, "wortel_mean": 0.5, "tebu_mean": 0.5 }, "geometry": { "type": "MultiPolygon", "coordinates": [ [ [ [ 112.6367, -7.9607 ], [ 112.6395, -7.9625 ], [ 112.6381, -7.9641 ], [ 112.6394, -7.9651 ], [ 112.6381, -7.9693 ], [ 112.6362, -7.9694 ], [ 112.6332, -7.9672 ], [ 112.634, -7.966 ], [ 112.629, -7.9634 ], [ 112.6299, -7.9619 ], [ 112.6348, -7.9646 ], [ 112.6367, -7.9607 ] ] ] ] } },
{ "type": "Feature", "properties": { "fid": 110, "GID_4": "IDN.11.14.3.10_1", "GID_0": "IDN", "COUNTRY": "Indonesia", "GID_1": "IDN.11_1", "NAME_1": "JawaTimur", "GID_2": "IDN.11.14_1", "NAME_2": "KotaMalang", "GID_3": "IDN.11.14.3_1", "NAME_3": "Klojen", "NAME_4": "Samaan", "VARNAME_4": "NA", "TYPE_4": "Kelurahan", "ENGTYPE_4": "UrbanCommunity", "CC_4": "3573030010", "padi_mean": 0.5, "jagung_mean": 0.5, "cabai_mean": 0.5, "tomat_mean": 0.5, "kentang_mean": 0.5, "wortel_mean": 0.5175456972608059, "tebu_mean": 0.4982874149199274 }, "geometry": { "type": "MultiPolygon", "coordinates": [ [ [ [ 112.6332, -7.9672 ], [ 112.6304, -7.973 ], [ 112.6307, -7.9683 ], [ 112.626, -7.9618 ], [ 112.6245, -7.9563 ], [ 112.6313, -7.9608 ], [ 112.629, -7.9634 ], [ 112.634, -7.966 ], [ 112.6332, -7.9672 ] ] ] ] } },
{ "type": "Feature", "properties": { "fid": 111, "GID_4": "IDN.11.14.3.11_1", "GID_0": "IDN", "COUNTRY": "Indonesia", "GID_1": "IDN.11_1", "NAME_1": "JawaTimur", "GID_2": "IDN.11.14_1", "NAME_2": "KotaMalang", "GID_3": "IDN.11.14.3_1", "NAME_3": "Klojen", "NAME_4": "Sukoharjo", "VARNAME_4": "NA", "TYPE_4": "Kelurahan", "ENGTYPE_4": "UrbanCommunity", "CC_4": "3573030002", "padi_mean": 0.5, "jagung_mean": 0.5, "cabai_mean": 0.5, "tomat_mean": 0.5, "kentang_mean": 0.5, "wortel_mean": 0.5, "tebu_mean": 0.5 }, "geometry": { "type": "MultiPolygon", "coordinates": [ [ [ [ 112.6368, -7.983 ], [ 112.6333, -7.9936 ], [ 112.6286, -7.9911 ], [ 112.6311, -7.9837 ], [ 112.6337, -7.9845 ], [ 112.6346, -7.9818 ], [ 112.6368, -7.983 ] ] ] ] } },
{ "type": "Feature", "properties": { "fid": 112, "GID_4": "IDN.11.14.4.4_1", "GID_0": "IDN", "COUNTRY": "Indonesia", "GID_1": "IDN.11_1", "NAME_1": "JawaTimur", "GID_2": "IDN.11.14_1", "NAME_2": "KotaMalang", "GID_3": "IDN.11.14.4_1", "NAME_3": "Lowokwaru", "NAME_4": "Lowokwaru", "VARNAME_4": "NA", "TYPE_4": "Kelurahan", "ENGTYPE_4": "UrbanCommunity", "CC_4": "3573050006", "padi_mean": 0.5, "jagung_mean": 0.5, "cabai_mean": 0.5, "tomat_mean": 0.5, "kentang_mean": 0.5, "wortel_mean": 0.70417167848292928, "tebu_mean": 0.49963243944795716 }, "geometry": { "type": "MultiPolygon", "coordinates": [ [ [ [ 112.6376, -7.9579 ], [ 112.6348, -7.9646 ], [ 112.6302, -7.9621 ], [ 112.6313, -7.9608 ], [ 112.6256, -7.9577 ], [ 112.6245, -7.9555 ], [ 112.6258, -7.9561 ], [ 112.6272, -7.952 ], [ 112.6307, -7.9514 ], [ 112.6357, -7.9536 ], [ 112.6387, -7.9531 ], [ 112.6376, -7.9579 ] ] ] ] } },
{ "type": "Feature", "properties": { "fid": 113, "GID_4": "IDN.11.14.4.10_1", "GID_0": "IDN", "COUNTRY": "Indonesia", "GID_1": "IDN.11_1", "NAME_1": "JawaTimur", "GID_2": "IDN.11.14_1", "NAME_2": "KotaMalang", "GID_3": "IDN.11.14.4_1", "NAME_3": "Lowokwaru", "NAME_4": "Tulusrejo", "VARNAME_4": "NA", "TYPE_4": "Kelurahan", "ENGTYPE_4": "UrbanCommunity", "CC_4": "3573050007", "padi_mean": 0.5, "jagung_mean": 0.5, "cabai_mean": 0.5, "tomat_mean": 0.5, "kentang_mean": 0.5, "wortel_mean": 0.80000001192092884, "tebu_mean": 0.46753346330772799 }, "geometry": { "type": "MultiPolygon", "coordinates": [ [ [ [ 112.6377, -7.9472 ], [ 112.638, -7.9525 ], [ 112.6357, -7.9536 ], [ 112.6321, -7.9518 ], [ 112.6322, -7.9494 ], [ 112.6258, -7.9465 ], [ 112.6242, -7.9479 ], [ 112.62, -7.945 ], [ 112.6268, -7.9407 ], [ 112.6377, -7.9472 ] ] ] ] } },
{ "type": "Feature", "properties": { "fid": 114, "GID_4": "IDN.11.14.4.12_1", "GID_0": "IDN", "COUNTRY": "Indonesia", "GID_1": "IDN.11_1", "NAME_1": "JawaTimur", "GID_2": "IDN.11.14_1", "NAME_2": "KotaMalang", "GID_3": "IDN.11.14.4_1", "NAME_3": "Lowokwaru", "NAME_4": "Tunjungsekar", "VARNAME_4": "NA", "TYPE_4": "Kelurahan", "ENGTYPE_4": "UrbanCommunity", "CC_4": "3573050009", "padi_mean": 0.5, "jagung_mean": 0.5, "cabai_mean": 0.5, "tomat_mean": 0.5, "kentang_mean": 0.5, "wortel_mean": 0.80000001192092896, "tebu_mean": 0.47216251276128157 }, "geometry": { "type": "MultiPolygon", "coordinates": [ [ [ [ 112.6381, -7.9239 ], [ 112.6369, -7.9258 ], [ 112.6396, -7.9282 ], [ 112.6375, -7.9301 ], [ 112.6427, -7.934 ], [ 112.6419, -7.9361 ], [ 112.6359, -7.9377 ], [ 112.6337, -7.9364 ], [ 112.6324, -7.9314 ], [ 112.6213, -7.9279 ], [ 112.6219, -7.9265 ], [ 112.6183, -7.9253 ], [ 112.6181, -7.9238 ], [ 112.6201, -7.9226 ], [ 112.6236, -7.9252 ], [ 112.6313, -7.9261 ], [ 112.6327, -7.9254 ], [ 112.6314, -7.9238 ], [ 112.632, -7.9207 ], [ 112.6381, -7.9239 ] ] ] ] } },
{ "type": "Feature", "properties": { "fid": 115, "GID_4": "IDN.11.14.5.1_1", "GID_0": "IDN", "COUNTRY": "Indonesia", "GID_1": "IDN.11_1", "NAME_1": "JawaTimur", "GID_2": "IDN.11.14_1", "NAME_2": "KotaMalang", "GID_3": "IDN.11.14.5_1", "NAME_3": "Sukun", "NAME_4": "BakalanKrajan", "VARNAME_4": "NA", "TYPE_4": "Kelurahan", "ENGTYPE_4": "UrbanCommunity", "CC_4": "3573020006", "padi_mean": 0.5, "jagung_mean": 0.5, "cabai_mean": 0.5, "tomat_mean": 0.5, "kentang_mean": 0.5, "wortel_mean": 0.80000001192092907, "tebu_mean": 0.5 }, "geometry": { "type": "MultiPolygon", "coordinates": [ [ [ [ 112.6032, -7.9973 ], [ 112.605, -8.002 ], [ 112.6151, -8.007 ], [ 112.616, -8.01 ], [ 112.6133, -8.0152 ], [ 112.6094, -8.0167 ], [ 112.6084, -8.0191 ], [ 112.6062, -8.0108 ], [ 112.601, -8.0064 ], [ 112.597, -8.0062 ], [ 112.6008, -7.994 ], [ 112.6032, -7.9973 ] ] ] ] } },
{ "type": "Feature", "properties": { "fid": 116, "GID_4": "IDN.11.14.5.2_1", "GID_0": "IDN", "COUNTRY": "Indonesia", "GID_1": "IDN.11_1", "NAME_1": "JawaTimur", "GID_2": "IDN.11.14_1", "NAME_2": "KotaMalang", "GID_3": "IDN.11.14.5_1", "NAME_3": "Sukun", "NAME_4": "Bandulan", "VARNAME_4": "NA", "TYPE_4": "Kelurahan", "ENGTYPE_4": "UrbanCommunity", "CC_4": "3573020008", "padi_mean": 0.5, "jagung_mean": 0.5, "cabai_mean": 0.5, "tomat_mean": 0.5, "kentang_mean": 0.5, "wortel_mean": 0.80000001192092896, "tebu_mean": 0.5 }, "geometry": { "type": "MultiPolygon", "coordinates": [ [ [ [ 112.6117, -7.9962 ], [ 112.6048, -7.9935 ], [ 112.6061, -7.9879 ], [ 112.6033, -7.9876 ], [ 112.6038, -7.9848 ], [ 112.5989, -7.9826 ], [ 112.5984, -7.9796 ], [ 112.5894, -7.9752 ], [ 112.591, -7.9731 ], [ 112.6088, -7.9775 ], [ 112.6118, -7.9837 ], [ 112.6095, -7.9891 ], [ 112.6117, -7.9917 ], [ 112.6117, -7.9962 ] ] ] ] } },
{ "type": "Feature", "properties": { "fid": 117, "GID_4": "IDN.11.14.5.3_1", "GID_0": "IDN", "COUNTRY": "Indonesia", "GID_1": "IDN.11_1", "NAME_1": "JawaTimur", "GID_2": "IDN.11.14_1", "NAME_2": "KotaMalang", "GID_3": "IDN.11.14.5_1", "NAME_3": "Sukun", "NAME_4": "Bandungrejosari", "VARNAME_4": "NA", "TYPE_4": "Kelurahan", "ENGTYPE_4": "UrbanCommunity", "CC_4": "3573020005", "padi_mean": 0.5, "jagung_mean": 0.5, "cabai_mean": 0.5, "tomat_mean": 0.5, "kentang_mean": 0.5, "wortel_mean": 0.79808726837363986, "tebu_mean": 0.5 }, "geometry": { "type": "MultiPolygon", "coordinates": [ [ [ [ 112.6231, -7.9989 ], [ 112.6254, -7.9982 ], [ 112.6271, -8.0018 ], [ 112.6263, -8.0073 ], [ 112.6233, -8.0092 ], [ 112.6224, -8.0138 ], [ 112.6182, -8.0142 ], [ 112.6185, -8.0113 ], [ 112.615, -8.0088 ], [ 112.6152, -8.0071 ], [ 112.6061, -8.0029 ], [ 112.6032, -7.9973 ], [ 112.6048, -7.9935 ], [ 112.61, -7.9964 ], [ 112.6146, -7.9961 ], [ 112.6196, -8.0011 ], [ 112.6227, -8.0019 ], [ 112.6231, -7.9989 ] ] ] ] } },
{ "type": "Feature", "properties": { "fid": 118, "GID_4": "IDN.11.14.5.4_1", "GID_0": "IDN", "COUNTRY": "Indonesia", "GID_1": "IDN.11_1", "NAME_1": "JawaTimur", "GID_2": "IDN.11.14_1", "NAME_2": "KotaMalang", "GID_3": "IDN.11.14.5_1", "NAME_3": "Sukun", "NAME_4": "Ciptomulyo", "VARNAME_4": "NA", "TYPE_4": "Kelurahan", "ENGTYPE_4": "UrbanCommunity", "CC_4": "3573020003", "padi_mean": 0.5, "jagung_mean": 0.5, "cabai_mean": 0.5, "tomat_mean": 0.5, "kentang_mean": 0.5, "wortel_mean": 0.60611243378257063, "tebu_mean": 0.5 }, "geometry": { "type": "MultiPolygon", "coordinates": [ [ [ [ 112.6333, -7.9936 ], [ 112.6297, -8.0063 ], [ 112.6262, -8.0075 ], [ 112.6272, -8.0021 ], [ 112.6257, -7.9963 ], [ 112.6286, -7.9911 ], [ 112.6333, -7.9936 ] ] ] ] } },
{ "type": "Feature", "properties": { "fid": 119, "GID_4": "IDN.11.14.5.5_1", "GID_0": "IDN", "COUNTRY": "Indonesia", "GID_1": "IDN.11_1", "NAME_1": "JawaTimur", "GID_2": "IDN.11.14_1", "NAME_2": "KotaMalang", "GID_3": "IDN.11.14.5_1", "NAME_3": "Sukun", "NAME_4": "Gadang", "VARNAME_4": "NA", "TYPE_4": "Kelurahan", "ENGTYPE_4": "UrbanCommunity", "CC_4": "3573020002", "padi_mean": 0.5, "jagung_mean": 0.5, "cabai_mean": 0.5, "tomat_mean": 0.5, "kentang_mean": 0.5, "wortel_mean": 0.80000001192092896, "tebu_mean": 0.5 }, "geometry": { "type": "MultiPolygon", "coordinates": [ [ [ [ 112.6312, -8.0043 ], [ 112.6313, -8.0171 ], [ 112.6333, -8.0207 ], [ 112.6296, -8.0282 ], [ 112.627, -8.0274 ], [ 112.6273, -8.0229 ], [ 112.6237, -8.022 ], [ 112.6221, -8.0127 ], [ 112.6246, -8.0073 ], [ 112.6297, -8.0063 ], [ 112.6302, -8.0037 ], [ 112.6312, -8.0043 ] ] ] ] } },
{ "type": "Feature", "properties": { "fid": 120, "GID_4": "IDN.11.14.5.7_1", "GID_0": "IDN", "COUNTRY": "Indonesia", "GID_1": "IDN.11_1", "NAME_1": "JawaTimur", "GID_2": "IDN.11.14_1", "NAME_2": "KotaMalang", "GID_3": "IDN.11.14.5_1", "NAME_3": "Sukun", "NAME_4": "Kebonsari", "VARNAME_4": "NA", "TYPE_4": "Kelurahan", "ENGTYPE_4": "UrbanCommunity", "CC_4": "3573020001", "padi_mean": 0.5, "jagung_mean": 0.5, "cabai_mean": 0.5, "tomat_mean": 0.5, "kentang_mean": 0.5, "wortel_mean": 0.80000001192092884, "tebu_mean": 0.5 }, "geometry": { "type": "MultiPolygon", "coordinates": [ [ [ [ 112.629, -8.0318 ], [ 112.629, -8.0333 ], [ 112.6268, -8.0326 ], [ 112.6209, -8.0274 ], [ 112.6176, -8.0266 ], [ 112.6189, -8.0234 ], [ 112.6134, -8.0209 ], [ 112.6179, -8.0167 ], [ 112.6178, -8.0141 ], [ 112.6224, -8.0138 ], [ 112.6237, -8.022 ], [ 112.6273, -8.0229 ], [ 112.627, -8.0274 ], [ 112.6296, -8.0282 ], [ 112.629, -8.0318 ] ] ] ] } },
{ "type": "Feature", "properties": { "fid": 121, "GID_4": "IDN.11.14.5.8_1", "GID_0": "IDN", "COUNTRY": "Indonesia", "GID_1": "IDN.11_1", "NAME_1": "JawaTimur", "GID_2": "IDN.11.14_1", "NAME_2": "KotaMalang", "GID_3": "IDN.11.14.5_1", "NAME_3": "Sukun", "NAME_4": "Mulyorejo", "VARNAME_4": "NA", "TYPE_4": "Kelurahan", "ENGTYPE_4": "UrbanCommunity", "CC_4": "3573020007", "padi_mean": 0.46732948335979352, "jagung_mean": 0.46732948335979352, "cabai_mean": 0.5, "tomat_mean": 0.5, "kentang_mean": 0.5, "wortel_mean": 0.7455491503129974, "tebu_mean": 0.4455491383920685 }, "geometry": { "type": "MultiPolygon", "coordinates": [ [ [ [ 112.6032, -7.9973 ], [ 112.6009, -7.9954 ], [ 112.6002, -7.9915 ], [ 112.5985, -7.9961 ], [ 112.5891, -7.9924 ], [ 112.591, -7.9859 ], [ 112.5885, -7.9853 ], [ 112.5829, -7.9873 ], [ 112.5782, -7.9848 ], [ 112.5818, -7.9801 ], [ 112.5857, -7.9828 ], [ 112.5904, -7.9826 ], [ 112.5921, -7.9849 ], [ 112.598, -7.9846 ], [ 112.5989, -7.9826 ], [ 112.6014, -7.9836 ], [ 112.6038, -7.9849 ], [ 112.6033, -7.9876 ], [ 112.6061, -7.988 ], [ 112.6032, -7.9973 ] ] ] ] } },
{ "type": "Feature", "properties": { "fid": 122, "GID_4": "IDN.11.14.5.9_1", "GID_0": "IDN", "COUNTRY": "Indonesia", "GID_1": "IDN.11_1", "NAME_1": "JawaTimur", "GID_2": "IDN.11.14_1", "NAME_2": "KotaMalang", "GID_3": "IDN.11.14.5_1", "NAME_3": "Sukun", "NAME_4": "PisangCandi", "VARNAME_4": "NA", "TYPE_4": "Kelurahan", "ENGTYPE_4": "UrbanCommunity", "CC_4": "3573020010", "padi_mean": 0.5, "jagung_mean": 0.5, "cabai_mean": 0.5, "tomat_mean": 0.5, "kentang_mean": 0.5, "wortel_mean": 0.80000001192092896, "tebu_mean": 0.5 }, "geometry": { "type": "MultiPolygon", "coordinates": [ [ [ [ 112.6128, -7.9734 ], [ 112.6123, -7.9777 ], [ 112.6144, -7.9819 ], [ 112.614, -7.9836 ], [ 112.6115, -7.9843 ], [ 112.6088, -7.9775 ], [ 112.5988, -7.9747 ], [ 112.5998, -7.9721 ], [ 112.6028, -7.9717 ], [ 112.603, -7.9702 ], [ 112.5997, -7.9648 ], [ 112.6003, -7.9634 ], [ 112.6053, -7.9636 ], [ 112.6066, -7.9664 ], [ 112.6103, -7.9677 ], [ 112.6097, -7.9695 ], [ 112.6131, -7.972 ], [ 112.6128, -7.9734 ] ] ] ] } },
{ "type": "Feature", "properties": { "fid": 123, "GID_4": "IDN.11.14.5.10_1", "GID_0": "IDN", "COUNTRY": "Indonesia", "GID_1": "IDN.11_1", "NAME_1": "JawaTimur", "GID_2": "IDN.11.14_1", "NAME_2": "KotaMalang", "GID_3": "IDN.11.14.5_1", "NAME_3": "Sukun", "NAME_4": "Sukun", "VARNAME_4": "NA", "TYPE_4": "Kelurahan", "ENGTYPE_4": "UrbanCommunity", "CC_4": "3573020004", "padi_mean": 0.5, "jagung_mean": 0.5, "cabai_mean": 0.5, "tomat_mean": 0.5, "kentang_mean": 0.5, "wortel_mean": 0.80000001192092907, "tebu_mean": 0.5 }, "geometry": { "type": "MultiPolygon", "coordinates": [ [ [ [ 112.6221, -7.985 ], [ 112.624, -7.9962 ], [ 112.6227, -8.0019 ], [ 112.619, -8.0009 ], [ 112.6191, -7.9992 ], [ 112.6146, -7.9961 ], [ 112.6159, -7.9958 ], [ 112.6159, -7.9883 ], [ 112.6188, -7.9882 ], [ 112.6185, -7.9859 ], [ 112.6221, -7.985 ] ] ] ] } },
{ "type": "Feature", "properties": { "fid": 124, "GID_4": "IDN.11.14.5.11_1", "GID_0": "IDN", "COUNTRY": "Indonesia", "GID_1": "IDN.11_1", "NAME_1": "JawaTimur", "GID_2": "IDN.11.14_1", "NAME_2": "KotaMalang", "GID_3": "IDN.11.14.5_1", "NAME_3": "Sukun", "NAME_4": "Tanjungrejo", "VARNAME_4": "NA", "TYPE_4": "Kelurahan", "ENGTYPE_4": "UrbanCommunity", "CC_4": "3573020009", "padi_mean": 0.5, "jagung_mean": 0.5, "cabai_mean": 0.5, "tomat_mean": 0.5, "kentang_mean": 0.5, "wortel_mean": 0.80000001192092907, "tebu_mean": 0.5 }, "geometry": { "type": "MultiPolygon", "coordinates": [ [ [ [ 112.614, -7.9836 ], [ 112.6231, -7.9835 ], [ 112.6208, -7.9861 ], [ 112.6185, -7.9859 ], [ 112.6188, -7.9882 ], [ 112.6159, -7.9883 ], [ 112.6159, -7.9958 ], [ 112.6136, -7.9969 ], [ 112.6115, -7.996 ], [ 112.6117, -7.9917 ], [ 112.6095, -7.9891 ], [ 112.6111, -7.9867 ], [ 112.6105, -7.9846 ], [ 112.614, -7.9836 ] ] ] ] } },
{ "type": "Feature", "properties": { "fid": 125, "GID_4": "IDN.11.22.3.2_1", "GID_0": "IDN", "COUNTRY": "Indonesia", "GID_1": "IDN.11_1", "NAME_1": "JawaTimur", "GID_2": "IDN.11.22_1", "NAME_2": "Malang", "GID_3": "IDN.11.22.3_1", "NAME_3": "Bululawang", "NAME_4": "Bululawang", "VARNAME_4": "NA", "TYPE_4": "Desa", "ENGTYPE_4": "Village", "CC_4": "3507130013", "padi_mean": 0.5, "jagung_mean": 0.5, "cabai_mean": 0.5, "tomat_mean": 0.5, "kentang_mean": 0.5, "wortel_mean": 0.80000001192092884, "tebu_mean": 0.5 }, "geometry": { "type": "MultiPolygon", "coordinates": [ [ [ [ 112.6528, -8.0833 ], [ 112.6492, -8.0835 ], [ 112.6465, -8.0816 ], [ 112.6405, -8.0853 ], [ 112.6375, -8.0844 ], [ 112.6414, -8.0717 ], [ 112.6383, -8.0674 ], [ 112.6448, -8.0678 ], [ 112.6452, -8.0664 ], [ 112.6512, -8.0694 ], [ 112.6487, -8.0748 ], [ 112.6511, -8.0754 ], [ 112.6506, -8.0772 ], [ 112.6542, -8.078 ], [ 112.6528, -8.0833 ] ] ] ] } },
{ "type": "Feature", "properties": { "fid": 126, "GID_4": "IDN.11.22.3.11_1", "GID_0": "IDN", "COUNTRY": "Indonesia", "GID_1": "IDN.11_1", "NAME_1": "JawaTimur", "GID_2": "IDN.11.22_1", "NAME_2": "Malang", "GID_3": "IDN.11.22.3_1", "NAME_3": "Bululawang", "NAME_4": "Sempalwadak", "VARNAME_4": "NA", "TYPE_4": "Desa", "ENGTYPE_4": "Village", "CC_4": "3507130014", "padi_mean": 0.5, "jagung_mean": 0.5, "cabai_mean": 0.5, "tomat_mean": 0.5, "kentang_mean": 0.5, "wortel_mean": 0.80000001192092896, "tebu_mean": 0.5 }, "geometry": { "type": "MultiPolygon", "coordinates": [ [ [ [ 112.6491, -8.0683 ], [ 112.6452, -8.0664 ], [ 112.6448, -8.0678 ], [ 112.6419, -8.0674 ], [ 112.6422, -8.0644 ], [ 112.6354, -8.0636 ], [ 112.636, -8.0608 ], [ 112.638, -8.0607 ], [ 112.6424, -8.0539 ], [ 112.6426, -8.0618 ], [ 112.6537, -8.0651 ], [ 112.6502, -8.0655 ], [ 112.6491, -8.0683 ] ] ] ] } },
{ "type": "Feature", "properties": { "fid": 127, "GID_4": "IDN.11.22.3.14_1", "GID_0": "IDN", "COUNTRY": "Indonesia", "GID_1": "IDN.11_1", "NAME_1": "JawaTimur", "GID_2": "IDN.11.22_1", "NAME_2": "Malang", "GID_3": "IDN.11.22.3_1", "NAME_3": "Bululawang", "NAME_4": "Wandanpuro", "VARNAME_4": "NA", "TYPE_4": "Desa", "ENGTYPE_4": "Village", "CC_4": "3507130012", "padi_mean": 0.5, "jagung_mean": 0.5, "cabai_mean": 0.5, "tomat_mean": 0.5, "kentang_mean": 0.5, "wortel_mean": 0.80000001192092907, "tebu_mean": 0.5 }, "geometry": { "type": "MultiPolygon", "coordinates": [ [ [ [ 112.6419, -8.0674 ], [ 112.6383, -8.0674 ], [ 112.6414, -8.0717 ], [ 112.6377, -8.0835 ], [ 112.626, -8.0829 ], [ 112.6283, -8.081 ], [ 112.629, -8.0701 ], [ 112.6311, -8.0674 ], [ 112.6354, -8.0636 ], [ 112.6422, -8.0644 ], [ 112.6419, -8.0674 ] ] ] ] } },
{ "type": "Feature", "properties": { "fid": 128, "GID_4": "IDN.11.22.9.3_1", "GID_0": "IDN", "COUNTRY": "Indonesia", "GID_1": "IDN.11_1", "NAME_1": "JawaTimur", "GID_2": "IDN.11.22_1", "NAME_2": "Malang", "GID_3": "IDN.11.22.9_1", "NAME_3": "Jabung", "NAME_4": "GunungJati", "VARNAME_4": "NA", "TYPE_4": "Desa", "ENGTYPE_4": "Village", "CC_4": "3507260015", "padi_mean": 0.5, "jagung_mean": 0.5, "cabai_mean": 0.5, "tomat_mean": 0.5, "kentang_mean": 0.5, "wortel_mean": 0.47884002276063492, "tebu_mean": 0.0 }, "geometry": { "type": "MultiPolygon", "coordinates": [ [ [ [ 112.7363, -7.9099 ], [ 112.7401, -7.9126 ], [ 112.7383, -7.9173 ], [ 112.7335, -7.9173 ], [ 112.7318, -7.9196 ], [ 112.7292, -7.9187 ], [ 112.719, -7.9282 ], [ 112.7167, -7.9226 ], [ 112.7183, -7.9203 ], [ 112.7176, -7.9186 ], [ 112.7139, -7.917 ], [ 112.7214, -7.909 ], [ 112.7199, -7.9075 ], [ 112.7211, -7.9062 ], [ 112.7258, -7.9067 ], [ 112.7363, -7.9099 ] ] ] ] } },
{ "type": "Feature", "properties": { "fid": 129, "GID_4": "IDN.11.22.15.7_1", "GID_0": "IDN", "COUNTRY": "Indonesia", "GID_1": "IDN.11_1", "NAME_1": "JawaTimur", "GID_2": "IDN.11.22_1", "NAME_2": "Malang", "GID_3": "IDN.11.22.15_1", "NAME_3": "Lawang", "NAME_4": "Sidoluhur", "VARNAME_4": "NA", "TYPE_4": "Desa", "ENGTYPE_4": "Village", "CC_4": "3507270001", "padi_mean": 0.47668852614236767, "jagung_mean": 0.47668852614236767, "cabai_mean": 0.5, "tomat_mean": 0.5, "kentang_mean": 0.5, "wortel_mean": 0.32052715049258845, "tebu_mean": 0.0029916941819794216 }, "geometry": { "type": "MultiPolygon", "coordinates": [ [ [ [ 112.759, -7.875 ], [ 112.7588, -7.8776 ], [ 112.7548, -7.8794 ], [ 112.7556, -7.8812 ], [ 112.7534, -7.8832 ], [ 112.7549, -7.8842 ], [ 112.7497, -7.8844 ], [ 112.7491, -7.8914 ], [ 112.7456, -7.8927 ], [ 112.7452, -7.8947 ], [ 112.7425, -7.8926 ], [ 112.7401, -7.8958 ], [ 112.7333, -7.8963 ], [ 112.7319, -7.9002 ], [ 112.7283, -7.8993 ], [ 112.7285, -7.8961 ], [ 112.7247, -7.896 ], [ 112.7245, -7.8948 ], [ 112.7197, -7.8936 ], [ 112.7117, -7.8961 ], [ 112.713, -7.8916 ], [ 112.7111, -7.8929 ], [ 112.706, -7.8904 ], [ 112.7092, -7.882 ], [ 112.7188, -7.8812 ], [ 112.7219, -7.8761 ], [ 112.7267, -7.8765 ], [ 112.7305, -7.8741 ], [ 112.7438, -7.8721 ], [ 112.759, -7.875 ] ] ] ] } },
{ "type": "Feature", "properties": { "fid": 130, "GID_4": "IDN.11.22.16.1_1", "GID_0": "IDN", "COUNTRY": "Indonesia", "GID_1": "IDN.11_1", "NAME_1": "JawaTimur", "GID_2": "IDN.11.22_1", "NAME_2": "Malang", "GID_3": "IDN.11.22.16_1", "NAME_3": "Ngajum", "NAME_4": "Babadan", "VARNAME_4": "NA", "TYPE_4": "Desa", "ENGTYPE_4": "Village", "CC_4": "3507190007", "padi_mean": 0.33501288818689184, "jagung_mean": 0.26066401851687421, "cabai_mean": 0.49439550398671983, "tomat_mean": 0.49434977931397001, "kentang_mean": 0.50568070380195362, "wortel_mean": 0.51333990644854555, "tebu_mean": 0.037262654678862535 }, "geometry": { "type": "MultiPolygon", "coordinates": [ [ [ [ 112.5467, -8.0603 ], [ 112.5427, -8.0491 ], [ 112.5336, -8.0413 ], [ 112.5296, -8.0316 ], [ 112.5241, -8.0289 ], [ 112.5227, -8.0255 ], [ 112.5182, -8.0235 ], [ 112.5168, -8.0205 ], [ 112.5074, -8.0136 ], [ 112.5016, -8.0036 ], [ 112.4985, -8.0036 ], [ 112.4972, -8.0021 ], [ 112.4968, -7.9982 ], [ 112.4943, -7.9956 ], [ 112.4978, -7.9959 ], [ 112.5001, -7.9997 ], [ 112.5072, -8.0023 ], [ 112.5053, -8.0044 ], [ 112.5062, -8.007 ], [ 112.5091, -8.0079 ], [ 112.5112, -8.0062 ], [ 112.5171, -8.0094 ], [ 112.5219, -8.0078 ], [ 112.533, -8.0206 ], [ 112.5428, -8.0263 ], [ 112.5405, -8.0221 ], [ 112.5409, -8.0202 ], [ 112.5426, -8.0202 ], [ 112.5597, -8.0349 ], [ 112.5611, -8.0422 ], [ 112.5517, -8.0416 ], [ 112.5544, -8.0446 ], [ 112.5555, -8.0491 ], [ 112.5576, -8.0502 ], [ 112.553, -8.0536 ], [ 112.5541, -8.059 ], [ 112.5467, -8.0603 ] ] ] ] } },
{ "type": "Feature", "properties": { "fid": 131, "GID_4": "IDN.11.22.16.4_1", "GID_0": "IDN", "COUNTRY": "Indonesia", "GID_1": "IDN.11_1", "NAME_1": "JawaTimur", "GID_2": "IDN.11.22_1", "NAME_2": "Malang", "GID_3": "IDN.11.22.16_1", "NAME_3": "Ngajum", "NAME_4": "Kesamben", "VARNAME_4": "NA", "TYPE_4": "Desa", "ENGTYPE_4": "Village", "CC_4": "3507190006", "padi_mean": 0.5, "jagung_mean": 0.5, "cabai_mean": 0.5, "tomat_mean": 0.5, "kentang_mean": 0.5, "wortel_mean": 0.80000001192092896, "tebu_mean": 0.20000000298023224 }, "geometry": { "type": "MultiPolygon", "coordinates": [ [ [ [ 112.5541, -8.0579 ], [ 112.553, -8.0536 ], [ 112.5576, -8.0502 ], [ 112.5578, -8.0539 ], [ 112.5635, -8.0602 ], [ 112.5667, -8.0604 ], [ 112.5669, -8.062 ], [ 112.5724, -8.0608 ], [ 112.5764, -8.0627 ], [ 112.5787, -8.0687 ], [ 112.5774, -8.0769 ], [ 112.5673, -8.0728 ], [ 112.5541, -8.0579 ] ] ] ] } },
{ "type": "Feature", "properties": { "fid": 132, "GID_4": "IDN.11.22.16.5_1", "GID_0": "IDN", "COUNTRY": "Indonesia", "GID_1": "IDN.11_1", "NAME_1": "JawaTimur", "GID_2": "IDN.11.22_1", "NAME_2": "Malang", "GID_3": "IDN.11.22.16_1", "NAME_3": "Ngajum", "NAME_4": "Kranggan", "VARNAME_4": "NA", "TYPE_4": "Desa", "ENGTYPE_4": "Village", "CC_4": "3507190005", "padi_mean": 0.5, "jagung_mean": 0.6002303852192663, "cabai_mean": 0.5, "tomat_mean": 0.5, "kentang_mean": 0.5, "wortel_mean": 0.80000001192092896, "tebu_mean": 0.26013823351437243 }, "geometry": { "type": "MultiPolygon", "coordinates": [ [ [ [ 112.5774, -8.0792 ], [ 112.5778, -8.0872 ], [ 112.5763, -8.0879 ], [ 112.5785, -8.0916 ], [ 112.5707, -8.0974 ], [ 112.5698, -8.0879 ], [ 112.568, -8.0857 ], [ 112.5662, -8.0861 ], [ 112.5627, -8.0814 ], [ 112.5546, -8.0782 ], [ 112.5482, -8.0725 ], [ 112.546, -8.0639 ], [ 112.5467, -8.0603 ], [ 112.5547, -8.0582 ], [ 112.5671, -8.0726 ], [ 112.5774, -8.0769 ], [ 112.5761, -8.0786 ], [ 112.5774, -8.0792 ] ] ] ] } },
{ "type": "Feature", "properties": { "fid": 133, "GID_4": "IDN.11.22.21.1_1", "GID_0": "IDN", "COUNTRY": "Indonesia", "GID_1": "IDN.11_1", "NAME_1": "JawaTimur", "GID_2": "IDN.11.22_1", "NAME_2": "Malang", "GID_3": "IDN.11.22.21_1", "NAME_3": "Pakis", "NAME_4": "Ampeldento", "VARNAME_4": "NA", "TYPE_4": "Desa", "ENGTYPE_4": "Village", "CC_4": "3507250002", "padi_mean": 0.5, "jagung_mean": 0.5, "cabai_mean": 0.5, "tomat_mean": 0.5, "kentang_mean": 0.5, "wortel_mean": 0.80000001192092896, "tebu_mean": 0.5 }, "geometry": { "type": "MultiPolygon", "coordinates": [ [ [ [ 112.6798, -7.9672 ], [ 112.6838, -7.9668 ], [ 112.6824, -7.9661 ], [ 112.6846, -7.9623 ], [ 112.6865, -7.9642 ], [ 112.6886, -7.9624 ], [ 112.6943, -7.9649 ], [ 112.7016, -7.964 ], [ 112.7042, -7.9651 ], [ 112.705, -7.9675 ], [ 112.6967, -7.9747 ], [ 112.6948, -7.9731 ], [ 112.6891, -7.9742 ], [ 112.6852, -7.9727 ], [ 112.6789, -7.969 ], [ 112.6798, -7.9672 ] ] ] ] } },
{ "type": "Feature", "properties": { "fid": 134, "GID_4": "IDN.11.22.21.2_1", "GID_0": "IDN", "COUNTRY": "Indonesia", "GID_1": "IDN.11_1", "NAME_1": "JawaTimur", "GID_2": "IDN.11.22_1", "NAME_2": "Malang", "GID_3": "IDN.11.22.21_1", "NAME_3": "Pakis", "NAME_4": "Asrikaton", "VARNAME_4": "NA", "TYPE_4": "Desa", "ENGTYPE_4": "Village", "CC_4": "3507250012", "padi_mean": 0.5, "jagung_mean": 0.5, "cabai_mean": 0.5, "tomat_mean": 0.5, "kentang_mean": 0.5, "wortel_mean": 0.80000001192092884, "tebu_mean": 0.49977438954899944 }, "geometry": { "type": "MultiPolygon", "coordinates": [ [ [ [ 112.6982, -7.9644 ], [ 112.6943, -7.9649 ], [ 112.6886, -7.9624 ], [ 112.6865, -7.9642 ], [ 112.6846, -7.9623 ], [ 112.6824, -7.9661 ], [ 112.6838, -7.9668 ], [ 112.6794, -7.9672 ], [ 112.6792, -7.9638 ], [ 112.6759, -7.9616 ], [ 112.6757, -7.9595 ], [ 112.6771, -7.957 ], [ 112.6835, -7.9602 ], [ 112.6842, -7.9583 ], [ 112.6868, -7.9599 ], [ 112.6897, -7.953 ], [ 112.69, -7.9507 ], [ 112.6882, -7.9509 ], [ 112.6907, -7.9468 ], [ 112.6901, -7.9453 ], [ 112.6952, -7.9382 ], [ 112.6977, -7.9365 ], [ 112.699, -7.9372 ], [ 112.7008, -7.9338 ], [ 112.7041, -7.936 ], [ 112.7048, -7.9349 ], [ 112.7087, -7.9364 ], [ 112.7011, -7.9551 ], [ 112.6978, -7.9617 ], [ 112.6955, -7.9629 ], [ 112.6982, -7.9644 ] ] ] ] } },
{ "type": "Feature", "properties": { "fid": 135, "GID_4": "IDN.11.22.21.3_1", "GID_0": "IDN", "COUNTRY": "Indonesia", "GID_1": "IDN.11_1", "NAME_1": "JawaTimur", "GID_2": "IDN.11.22_1", "NAME_2": "Malang", "GID_3": "IDN.11.22.21_1", "NAME_3": "Pakis", "NAME_4": "Banjarrejo", "VARNAME_4": "NA", "TYPE_4": "Desa", "ENGTYPE_4": "Village", "CC_4": "3507250005", "padi_mean": 0.5, "jagung_mean": 0.5, "cabai_mean": 0.5, "tomat_mean": 0.5, "kentang_mean": 0.5, "wortel_mean": 0.74768588450468476, "tebu_mean": 0.074260952233759753 }, "geometry": { "type": "MultiPolygon", "coordinates": [ [ [ [ 112.7024, -8.0054 ], [ 112.7062, -7.995 ], [ 112.7034, -7.9891 ], [ 112.7066, -7.9859 ], [ 112.7125, -7.9865 ], [ 112.7273, -7.9927 ], [ 112.7236, -7.9943 ], [ 112.724, -7.9965 ], [ 112.7206, -8.0036 ], [ 112.7181, -8.002 ], [ 112.7158, -8.0054 ], [ 112.7118, -8.0025 ], [ 112.7063, -8.0074 ], [ 112.7024, -8.0054 ] ] ] ] } },
{ "type": "Feature", "properties": { "fid": 136, "GID_4": "IDN.11.22.21.4_1", "GID_0": "IDN", "COUNTRY": "Indonesia", "GID_1": "IDN.11_1", "NAME_1": "JawaTimur", "GID_2": "IDN.11.22_1", "NAME_2": "Malang", "GID_3": "IDN.11.22.21_1", "NAME_3": "Pakis", "NAME_4": "BunutWetan", "VARNAME_4": "NA", "TYPE_4": "Desa", "ENGTYPE_4": "Village", "CC_4": "3507250011", "padi_mean": 0.5, "jagung_mean": 0.5, "cabai_mean": 0.5, "tomat_mean": 0.5, "kentang_mean": 0.5, "wortel_mean": 0.80000001192092873, "tebu_mean": 0.13168791632767779 }, "geometry": { "type": "MultiPolygon", "coordinates": [ [ [ [ 112.7207, -7.9272 ], [ 112.7292, -7.9187 ], [ 112.7334, -7.9204 ], [ 112.7318, -7.924 ], [ 112.7331, -7.9241 ], [ 112.7328, -7.9261 ], [ 112.728, -7.9381 ], [ 112.7306, -7.9421 ], [ 112.729, -7.9453 ], [ 112.727, -7.9461 ], [ 112.7272, -7.9483 ], [ 112.725, -7.9477 ], [ 112.7241, -7.9453 ], [ 112.7163, -7.9485 ], [ 112.7136, -7.948 ], [ 112.7058, -7.9648 ], [ 112.6982, -7.9644 ], [ 112.6955, -7.9629 ], [ 112.6978, -7.9617 ], [ 112.7011, -7.9551 ], [ 112.7102, -7.9336 ], [ 112.7149, -7.9382 ], [ 112.7181, -7.9382 ], [ 112.7208, -7.9327 ], [ 112.7207, -7.9272 ] ] ] ] } },
{ "type": "Feature", "properties": { "fid": 137, "GID_4": "IDN.11.22.21.5_1", "GID_0": "IDN", "COUNTRY": "Indonesia", "GID_1": "IDN.11_1", "NAME_1": "JawaTimur", "GID_2": "IDN.11.22_1", "NAME_2": "Malang", "GID_3": "IDN.11.22.21_1", "NAME_3": "Pakis", "NAME_4": "Kedungrejo", "VARNAME_4": "NA", "TYPE_4": "Desa", "ENGTYPE_4": "Village", "CC_4": "3507250004", "padi_mean": 0.5, "jagung_mean": 0.5, "cabai_mean": 0.5, "tomat_mean": 0.5, "kentang_mean": 0.5, "wortel_mean": 0.63677414728654846, "tebu_mean": 0.33677413536561951 }, "geometry": { "type": "MultiPolygon", "coordinates": [ [ [ [ 112.6843, -8.0049 ], [ 112.6917, -7.9923 ], [ 112.6948, -7.9827 ], [ 112.6985, -7.9844 ], [ 112.6993, -7.9826 ], [ 112.7066, -7.9859 ], [ 112.7034, -7.9891 ], [ 112.7062, -7.995 ], [ 112.7024, -8.0054 ], [ 112.7001, -8.0049 ], [ 112.698, -8.0075 ], [ 112.6843, -8.0049 ] ] ] ] } },
{ "type": "Feature", "properties": { "fid": 138, "GID_4": "IDN.11.22.21.6_1", "GID_0": "IDN", "COUNTRY": "Indonesia", "GID_1": "IDN.11_1", "NAME_1": "JawaTimur", "GID_2": "IDN.11.22_1", "NAME_2": "Malang", "GID_3": "IDN.11.22.21_1", "NAME_3": "Pakis", "NAME_4": "Mangliawan", "VARNAME_4": "NA", "TYPE_4": "Desa", "ENGTYPE_4": "Village", "CC_4": "3507250014", "padi_mean": 0.5, "jagung_mean": 0.5, "cabai_mean": 0.5, "tomat_mean": 0.5, "kentang_mean": 0.5, "wortel_mean": 0.71593681569312695, "tebu_mean": 0.5 }, "geometry": { "type": "MultiPolygon", "coordinates": [ [ [ [ 112.6572, -7.965 ], [ 112.6591, -7.9638 ], [ 112.6592, -7.9615 ], [ 112.6635, -7.9587 ], [ 112.6636, -7.9482 ], [ 112.6653, -7.9464 ], [ 112.6666, -7.949 ], [ 112.6671, -7.9473 ], [ 112.6732, -7.9463 ], [ 112.6798, -7.9488 ], [ 112.6762, -7.9562 ], [ 112.6773, -7.9567 ], [ 112.6757, -7.9619 ], [ 112.6679, -7.9592 ], [ 112.6667, -7.9641 ], [ 112.6681, -7.9692 ], [ 112.6665, -7.9709 ], [ 112.663, -7.9712 ], [ 112.6635, -7.9682 ], [ 112.6572, -7.965 ] ] ] ] } },
{ "type": "Feature", "properties": { "fid": 139, "GID_4": "IDN.11.22.21.7_1", "GID_0": "IDN", "COUNTRY": "Indonesia", "GID_1": "IDN.11_1", "NAME_1": "JawaTimur", "GID_2": "IDN.11.22_1", "NAME_2": "Malang", "GID_3": "IDN.11.22.21_1", "NAME_3": "Pakis", "NAME_4": "Pakisjajar", "VARNAME_4": "NA", "TYPE_4": "Desa", "ENGTYPE_4": "Village", "CC_4": "3507250010", "padi_mean": 0.5, "jagung_mean": 0.5, "cabai_mean": 0.5, "tomat_mean": 0.5, "kentang_mean": 0.5, "wortel_mean": 0.80000001192092896, "tebu_mean": 0.0 }, "geometry": { "type": "MultiPolygon", "coordinates": [ [ [ [ 112.7329, -7.9489 ], [ 112.7318, -7.9527 ], [ 112.7404, -7.955 ], [ 112.7397, -7.9589 ], [ 112.7383, -7.9582 ], [ 112.7378, -7.9605 ], [ 112.7361, -7.9596 ], [ 112.735, -7.9621 ], [ 112.7381, -7.9627 ], [ 112.7397, -7.9678 ], [ 112.7293, -7.9648 ], [ 112.7302, -7.963 ], [ 112.729, -7.9613 ], [ 112.7263, -7.9608 ], [ 112.7243, -7.9636 ], [ 112.7224, -7.9634 ], [ 112.7108, -7.9558 ], [ 112.7136, -7.948 ], [ 112.7163, -7.9485 ], [ 112.7241, -7.9453 ], [ 112.727, -7.9485 ], [ 112.727, -7.9461 ], [ 112.7304, -7.9428 ], [ 112.7329, -7.9489 ] ] ] ] } },
{ "type": "Feature", "properties": { "fid": 140, "GID_4": "IDN.11.22.21.8_1", "GID_0": "IDN", "COUNTRY": "Indonesia", "GID_1": "IDN.11_1", "NAME_1": "JawaTimur", "GID_2": "IDN.11.22_1", "NAME_2": "Malang", "GID_3": "IDN.11.22.21_1", "NAME_3": "Pakis", "NAME_4": "Pakiskembar", "VARNAME_4": "NA", "TYPE_4": "Desa", "ENGTYPE_4": "Village", "CC_4": "3507250009", "padi_mean": 0.5, "jagung_mean": 0.5, "cabai_mean": 0.5, "tomat_mean": 0.5, "kentang_mean": 0.5, "wortel_mean": 0.80000001192092896, "tebu_mean": 0.028344984572755187 }, "geometry": { "type": "MultiPolygon", "coordinates": [ [ [ [ 112.705, -7.9675 ], [ 112.7042, -7.9651 ], [ 112.7062, -7.9646 ], [ 112.7108, -7.9558 ], [ 112.7224, -7.9634 ], [ 112.7243, -7.9636 ], [ 112.7263, -7.9608 ], [ 112.729, -7.9613 ], [ 112.7302, -7.963 ], [ 112.7293, -7.9648 ], [ 112.7381, -7.9678 ], [ 112.7371, -7.9695 ], [ 112.73, -7.9667 ], [ 112.7255, -7.9799 ], [ 112.7219, -7.9783 ], [ 112.716, -7.9789 ], [ 112.7197, -7.969 ], [ 112.7173, -7.9649 ], [ 112.7166, -7.9664 ], [ 112.7151, -7.9652 ], [ 112.7147, -7.9675 ], [ 112.7129, -7.968 ], [ 112.7119, -7.9661 ], [ 112.7079, -7.9683 ], [ 112.705, -7.9675 ] ] ] ] } },
{ "type": "Feature", "properties": { "fid": 141, "GID_4": "IDN.11.22.21.9_1", "GID_0": "IDN", "COUNTRY": "Indonesia", "GID_1": "IDN.11_1", "NAME_1": "JawaTimur", "GID_2": "IDN.11.22_1", "NAME_2": "Malang", "GID_3": "IDN.11.22.21_1", "NAME_3": "Pakis", "NAME_4": "PucangSongo", "VARNAME_4": "NA", "TYPE_4": "Desa", "ENGTYPE_4": "Village", "CC_4": "3507250006", "padi_mean": 0.5, "jagung_mean": 0.5, "cabai_mean": 0.5, "tomat_mean": 0.5, "kentang_mean": 0.5, "wortel_mean": 0.80000001192092884, "tebu_mean": 0.049580468309206462 }, "geometry": { "type": "MultiPolygon", "coordinates": [ [ [ [ 112.7188, -7.9889 ], [ 112.7046, -7.9851 ], [ 112.7008, -7.9829 ], [ 112.701, -7.9818 ], [ 112.7025, -7.9833 ], [ 112.7066, -7.9804 ], [ 112.7109, -7.982 ], [ 112.7127, -7.9793 ], [ 112.7201, -7.9783 ], [ 112.7331, -7.9825 ], [ 112.7318, -7.989 ], [ 112.7281, -7.9915 ], [ 112.7226, -7.9881 ], [ 112.7188, -7.9889 ] ] ] ] } },
{ "type": "Feature", "properties": { "fid": 142, "GID_4": "IDN.11.22.21.10_1", "GID_0": "IDN", "COUNTRY": "Indonesia", "GID_1": "IDN.11_1", "NAME_1": "JawaTimur", "GID_2": "IDN.11.22_1", "NAME_2": "Malang", "GID_3": "IDN.11.22.21_1", "NAME_3": "Pakis", "NAME_4": "Saptorenggo", "VARNAME_4": "NA", "TYPE_4": "Desa", "ENGTYPE_4": "Village", "CC_4": "3507250013", "padi_mean": 0.5, "jagung_mean": 0.5, "cabai_mean": 0.5, "tomat_mean": 0.5, "kentang_mean": 0.5, "wortel_mean": 0.80000001192092896, "tebu_mean": 0.33535127471506893 }, "geometry": { "type": "MultiPolygon", "coordinates": [ [ [ [ 112.7139, -7.917 ], [ 112.717, -7.9174 ], [ 112.7183, -7.9203 ], [ 112.717, -7.9237 ], [ 112.719, -7.9282 ], [ 112.7207, -7.9272 ], [ 112.7208, -7.9327 ], [ 112.7181, -7.9382 ], [ 112.7144, -7.9379 ], [ 112.7104, -7.9334 ], [ 112.7087, -7.9364 ], [ 112.7048, -7.9349 ], [ 112.7041, -7.936 ], [ 112.7008, -7.9338 ], [ 112.699, -7.9372 ], [ 112.6977, -7.9365 ], [ 112.6952, -7.9382 ], [ 112.6901, -7.9453 ], [ 112.6907, -7.9468 ], [ 112.6882, -7.9509 ], [ 112.69, -7.9507 ], [ 112.6897, -7.953 ], [ 112.6868, -7.9599 ], [ 112.6842, -7.9583 ], [ 112.6835, -7.9602 ], [ 112.6771, -7.957 ], [ 112.6762, -7.9562 ], [ 112.6798, -7.9488 ], [ 112.6787, -7.946 ], [ 112.6834, -7.9463 ], [ 112.6908, -7.9369 ], [ 112.6929, -7.9332 ], [ 112.6922, -7.9274 ], [ 112.6948, -7.922 ], [ 112.6985, -7.9242 ], [ 112.7088, -7.9169 ], [ 112.7139, -7.917 ] ] ] ] } },
{ "type": "Feature", "properties": { "fid": 143, "GID_4": "IDN.11.22.21.11_1", "GID_0": "IDN", "COUNTRY": "Indonesia", "GID_1": "IDN.11_1", "NAME_1": "JawaTimur", "GID_2": "IDN.11.22_1", "NAME_2": "Malang", "GID_3": "IDN.11.22.21_1", "NAME_3": "Pakis", "NAME_4": "Sekarpuro", "VARNAME_4": "NA", "TYPE_4": "Desa", "ENGTYPE_4": "Village", "CC_4": "3507250001", "padi_mean": 0.5, "jagung_mean": 0.5, "cabai_mean": 0.5, "tomat_mean": 0.5, "kentang_mean": 0.5, "wortel_mean": 0.80000001192092896, "tebu_mean": 0.5 }, "geometry": { "type": "MultiPolygon", "coordinates": [ [ [ [ 112.6897, -7.9754 ], [ 112.6843, -7.9748 ], [ 112.6785, -7.9767 ], [ 112.6755, -7.9746 ], [ 112.6764, -7.9724 ], [ 112.6675, -7.9689 ], [ 112.6682, -7.9663 ], [ 112.6667, -7.9641 ], [ 112.6679, -7.9592 ], [ 112.6792, -7.9638 ], [ 112.6789, -7.969 ], [ 112.6886, -7.9734 ], [ 112.6897, -7.9754 ] ] ] ] } },
{ "type": "Feature", "properties": { "fid": 144, "GID_4": "IDN.11.22.21.13_1", "GID_0": "IDN", "COUNTRY": "Indonesia", "GID_1": "IDN.11_1", "NAME_1": "JawaTimur", "GID_2": "IDN.11.22_1", "NAME_2": "Malang", "GID_3": "IDN.11.22.21_1", "NAME_3": "Pakis", "NAME_4": "Sumberkradenan", "VARNAME_4": "NA", "TYPE_4": "Desa", "ENGTYPE_4": "Village", "CC_4": "3507250003", "padi_mean": 0.5, "jagung_mean": 0.5, "cabai_mean": 0.5, "tomat_mean": 0.5, "kentang_mean": 0.5, "wortel_mean": 0.80000001192092896, "tebu_mean": 0.30685334605686004 }, "geometry": { "type": "MultiPolygon", "coordinates": [ [ [ [ 112.6948, -7.9827 ], [ 112.6888, -7.9807 ], [ 112.6896, -7.9741 ], [ 112.6948, -7.9731 ], [ 112.6973, -7.9746 ], [ 112.7046, -7.9675 ], [ 112.7079, -7.9683 ], [ 112.7119, -7.9661 ], [ 112.7129, -7.968 ], [ 112.7147, -7.9675 ], [ 112.7151, -7.9652 ], [ 112.7164, -7.9664 ], [ 112.7178, -7.9653 ], [ 112.7197, -7.969 ], [ 112.716, -7.9789 ], [ 112.7124, -7.9795 ], [ 112.7109, -7.982 ], [ 112.7066, -7.9804 ], [ 112.7025, -7.9833 ], [ 112.701, -7.9818 ], [ 112.7012, -7.9832 ], [ 112.6993, -7.9826 ], [ 112.6985, -7.9844 ], [ 112.6948, -7.9827 ] ] ] ] } },
{ "type": "Feature", "properties": { "fid": 145, "GID_4": "IDN.11.22.21.15_1", "GID_0": "IDN", "COUNTRY": "Indonesia", "GID_1": "IDN.11_1", "NAME_1": "JawaTimur", "GID_2": "IDN.11.22_1", "NAME_2": "Malang", "GID_3": "IDN.11.22.21_1", "NAME_3": "Pakis", "NAME_4": "Tirtomoyo", "VARNAME_4": "NA", "TYPE_4": "Desa", "ENGTYPE_4": "Village", "CC_4": "3507250015", "padi_mean": 0.5, "jagung_mean": 0.5, "cabai_mean": 0.5, "tomat_mean": 0.5, "kentang_mean": 0.5, "wortel_mean": 0.80000001192092896, "tebu_mean": 0.5 }, "geometry": { "type": "MultiPolygon", "coordinates": [ [ [ [ 112.6642, -7.9357 ], [ 112.6625, -7.93 ], [ 112.6684, -7.93 ], [ 112.6694, -7.927 ], [ 112.6709, -7.9267 ], [ 112.6764, -7.9283 ], [ 112.68, -7.9195 ], [ 112.6829, -7.9214 ], [ 112.6876, -7.9219 ], [ 112.6885, -7.9199 ], [ 112.6949, -7.9219 ], [ 112.6922, -7.9274 ], [ 112.6927, -7.9337 ], [ 112.6833, -7.9464 ], [ 112.6805, -7.9454 ], [ 112.6785, -7.9474 ], [ 112.6684, -7.9472 ], [ 112.6674, -7.9443 ], [ 112.6653, -7.9431 ], [ 112.6642, -7.9357 ] ] ] ] } },
{ "type": "Feature", "properties": { "fid": 146, "GID_4": "IDN.11.22.20.1_1", "GID_0": "IDN", "COUNTRY": "Indonesia", "GID_1": "IDN.11_1", "NAME_1": "JawaTimur", "GID_2": "IDN.11.22_1", "NAME_2": "Malang", "GID_3": "IDN.11.22.20_1", "NAME_3": "Pakisaji", "NAME_4": "Genengan", "VARNAME_4": "NA", "TYPE_4": "Desa", "ENGTYPE_4": "Village", "CC_4": "3507220010", "padi_mean": 0.5, "jagung_mean": 0.5, "cabai_mean": 0.5, "tomat_mean": 0.5, "kentang_mean": 0.5, "wortel_mean": 0.80000001192092896, "tebu_mean": 0.5 }, "geometry": { "type": "MultiPolygon", "coordinates": [ [ [ [ 112.5919, -8.0557 ], [ 112.5963, -8.0533 ], [ 112.5965, -8.0511 ], [ 112.5996, -8.0491 ], [ 112.6003, -8.0505 ], [ 112.6015, -8.0486 ], [ 112.6033, -8.0487 ], [ 112.6016, -8.0451 ], [ 112.6029, -8.0431 ], [ 112.6078, -8.0442 ], [ 112.6081, -8.043 ], [ 112.6139, -8.0452 ], [ 112.6116, -8.051 ], [ 112.6136, -8.0517 ], [ 112.6123, -8.0548 ], [ 112.6078, -8.053 ], [ 112.6049, -8.0609 ], [ 112.5919, -8.0557 ] ] ] ] } },
{ "type": "Feature", "properties": { "fid": 147, "GID_4": "IDN.11.22.20.3_1", "GID_0": "IDN", "COUNTRY": "Indonesia", "GID_1": "IDN.11_1", "NAME_1": "JawaTimur", "GID_2": "IDN.11.22_1", "NAME_2": "Malang", "GID_3": "IDN.11.22.20_1", "NAME_3": "Pakisaji", "NAME_4": "Jatisari", "VARNAME_4": "NA", "TYPE_4": "Desa", "ENGTYPE_4": "Village", "CC_4": "3507220008", "padi_mean": 0.5, "jagung_mean": 0.41324247258096752, "cabai_mean": 0.5, "tomat_mean": 0.5, "kentang_mean": 0.5, "wortel_mean": 0.65540413145277709, "tebu_mean": 0.24099369312851399 }, "geometry": { "type": "MultiPolygon", "coordinates": [ [ [ [ 112.5598, -8.0422 ], [ 112.5612, -8.0421 ], [ 112.561, -8.0394 ], [ 112.5597, -8.0349 ], [ 112.5573, -8.0327 ], [ 112.5636, -8.0277 ], [ 112.5708, -8.0324 ], [ 112.573, -8.036 ], [ 112.5732, -8.0412 ], [ 112.5819, -8.0481 ], [ 112.584, -8.0519 ], [ 112.587, -8.0501 ], [ 112.5917, -8.0518 ], [ 112.593, -8.0469 ], [ 112.595, -8.0453 ], [ 112.598, -8.0468 ], [ 112.5963, -8.0533 ], [ 112.5916, -8.056 ], [ 112.5914, -8.0594 ], [ 112.5931, -8.0604 ], [ 112.5909, -8.0668 ], [ 112.5898, -8.068 ], [ 112.5845, -8.0668 ], [ 112.5853, -8.066 ], [ 112.5834, -8.0652 ], [ 112.5848, -8.0645 ], [ 112.5842, -8.0574 ], [ 112.575, -8.0561 ], [ 112.5686, -8.0509 ], [ 112.5664, -8.0463 ], [ 112.5598, -8.0422 ] ] ] ] } },
{ "type": "Feature", "properties": { "fid": 148, "GID_4": "IDN.11.22.20.4_1", "GID_0": "IDN", "COUNTRY": "Indonesia", "GID_1": "IDN.11_1", "NAME_1": "JawaTimur", "GID_2": "IDN.11.22_1", "NAME_2": "Malang", "GID_3": "IDN.11.22.20_1", "NAME_3": "Pakisaji", "NAME_4": "Karangduren", "VARNAME_4": "NA", "TYPE_4": "Desa", "ENGTYPE_4": "Village", "CC_4": "3507220006", "padi_mean": 0.5, "jagung_mean": 0.5, "cabai_mean": 0.5, "tomat_mean": 0.5, "kentang_mean": 0.5, "wortel_mean": 0.80000001192092896, "tebu_mean": 0.5 }, "geometry": { "type": "MultiPolygon", "coordinates": [ [ [ [ 112.6301, -8.0688 ], [ 112.6277, -8.0707 ], [ 112.6218, -8.0682 ], [ 112.6207, -8.0704 ], [ 112.6122, -8.0661 ], [ 112.6103, -8.0672 ], [ 112.6059, -8.0657 ], [ 112.6045, -8.0646 ], [ 112.606, -8.0618 ], [ 112.6048, -8.0613 ], [ 112.6078, -8.053 ], [ 112.6123, -8.0548 ], [ 112.6136, -8.0517 ], [ 112.6116, -8.051 ], [ 112.6127, -8.0479 ], [ 112.6185, -8.0492 ], [ 112.6173, -8.0554 ], [ 112.6132, -8.063 ], [ 112.6181, -8.065 ], [ 112.6192, -8.0628 ], [ 112.6207, -8.0633 ], [ 112.6231, -8.0563 ], [ 112.63, -8.0576 ], [ 112.6314, -8.0613 ], [ 112.6291, -8.0676 ], [ 112.6301, -8.0688 ] ] ] ] } },
{ "type": "Feature", "properties": { "fid": 149, "GID_4": "IDN.11.22.20.5_1", "GID_0": "IDN", "COUNTRY": "Indonesia", "GID_1": "IDN.11_1", "NAME_1": "JawaTimur", "GID_2": "IDN.11.22_1", "NAME_2": "Malang", "GID_3": "IDN.11.22.20_1", "NAME_3": "Pakisaji", "NAME_4": "Karangpandan", "VARNAME_4": "NA", "TYPE_4": "Desa", "ENGTYPE_4": "Village", "CC_4": "3507220002", "padi_mean": 0.5, "jagung_mean": 0.53911297919765289, "cabai_mean": 0.5, "tomat_mean": 0.5, "kentang_mean": 0.5, "wortel_mean": 0.80000001192092896, "tebu_mean": 0.49574897633096249 }, "geometry": { "type": "MultiPolygon", "coordinates": [ [ [ [ 112.5924, -8.0854 ], [ 112.591, -8.0847 ], [ 112.5899, -8.0869 ], [ 112.5823, -8.0816 ], [ 112.5834, -8.0795 ], [ 112.5847, -8.08 ], [ 112.5845, -8.0781 ], [ 112.5868, -8.0786 ], [ 112.5875, -8.0754 ], [ 112.5842, -8.0749 ], [ 112.5845, -8.0721 ], [ 112.5829, -8.072 ], [ 112.5831, -8.0679 ], [ 112.5845, -8.0668 ], [ 112.5898, -8.068 ], [ 112.5914, -8.0658 ], [ 112.5939, -8.0665 ], [ 112.594, -8.0721 ], [ 112.5984, -8.0743 ], [ 112.5924, -8.0854 ] ] ] ] } },
{ "type": "Feature", "properties": { "fid": 150, "GID_4": "IDN.11.22.20.6_1", "GID_0": "IDN", "COUNTRY": "Indonesia", "GID_1": "IDN.11_1", "NAME_1": "JawaTimur", "GID_2": "IDN.11.22_1", "NAME_2": "Malang", "GID_3": "IDN.11.22.20_1", "NAME_3": "Pakisaji", "NAME_4": "Kebonagung", "VARNAME_4": "NA", "TYPE_4": "Desa", "ENGTYPE_4": "Village", "CC_4": "3507220011", "padi_mean": 0.5, "jagung_mean": 0.5, "cabai_mean": 0.5, "tomat_mean": 0.5, "kentang_mean": 0.5, "wortel_mean": 0.80000001192092907, "tebu_mean": 0.5 }, "geometry": { "type": "MultiPolygon", "coordinates": [ [ [ [ 112.6134, -8.0209 ], [ 112.6189, -8.0234 ], [ 112.6176, -8.0266 ], [ 112.6221, -8.0285 ], [ 112.6225, -8.0329 ], [ 112.6189, -8.0438 ], [ 112.62, -8.045 ], [ 112.6187, -8.0494 ], [ 112.6135, -8.0481 ], [ 112.6139, -8.0452 ], [ 112.6081, -8.043 ], [ 112.6078, -8.0442 ], [ 112.6029, -8.0431 ], [ 112.6059, -8.0293 ], [ 112.6102, -8.0271 ], [ 112.6134, -8.0209 ] ] ] ] } },
{ "type": "Feature", "properties": { "fid": 151, "GID_4": "IDN.11.22.20.7_1", "GID_0": "IDN", "COUNTRY": "Indonesia", "GID_1": "IDN.11_1", "NAME_1": "JawaTimur", "GID_2": "IDN.11.22_1", "NAME_2": "Malang", "GID_3": "IDN.11.22.20_1", "NAME_3": "Pakisaji", "NAME_4": "Kendalpayak", "VARNAME_4": "NA", "TYPE_4": "Desa", "ENGTYPE_4": "Village", "CC_4": "3507220012", "padi_mean": 0.5, "jagung_mean": 0.5, "cabai_mean": 0.5, "tomat_mean": 0.5, "kentang_mean": 0.5, "wortel_mean": 0.80000001192092896, "tebu_mean": 0.5 }, "geometry": { "type": "MultiPolygon", "coordinates": [ [ [ [ 112.629, -8.0333 ], [ 112.6309, -8.035 ], [ 112.6317, -8.0437 ], [ 112.6283, -8.0534 ], [ 112.63, -8.0576 ], [ 112.6231, -8.0563 ], [ 112.6207, -8.0633 ], [ 112.6192, -8.0628 ], [ 112.6181, -8.065 ], [ 112.614, -8.0639 ], [ 112.6136, -8.0614 ], [ 112.6173, -8.0554 ], [ 112.6198, -8.0465 ], [ 112.6189, -8.0438 ], [ 112.6225, -8.0332 ], [ 112.6219, -8.0295 ], [ 112.629, -8.0333 ] ] ] ] } },
{ "type": "Feature", "properties": { "fid": 152, "GID_4": "IDN.11.22.20.8_1", "GID_0": "IDN", "COUNTRY": "Indonesia", "GID_1": "IDN.11_1", "NAME_1": "JawaTimur", "GID_2": "IDN.11.22_1", "NAME_2": "Malang", "GID_3": "IDN.11.22.20_1", "NAME_3": "Pakisaji", "NAME_4": "Pakisaji", "VARNAME_4": "NA", "TYPE_4": "Desa", "ENGTYPE_4": "Village", "CC_4": "3507220007", "padi_mean": 0.5, "jagung_mean": 0.5, "cabai_mean": 0.5, "tomat_mean": 0.5, "kentang_mean": 0.5, "wortel_mean": 0.80000001192092896, "tebu_mean": 0.5 }, "geometry": { "type": "MultiPolygon", "coordinates": [ [ [ [ 112.5919, -8.0557 ], [ 112.606, -8.0618 ], [ 112.6029, -8.0722 ], [ 112.6049, -8.0737 ], [ 112.6015, -8.0794 ], [ 112.5973, -8.0763 ], [ 112.5982, -8.074 ], [ 112.594, -8.0721 ], [ 112.5947, -8.0679 ], [ 112.5916, -8.0658 ], [ 112.5931, -8.0604 ], [ 112.5914, -8.0592 ], [ 112.5919, -8.0557 ] ] ] ] } },
{ "type": "Feature", "properties": { "fid": 153, "GID_4": "IDN.11.22.20.9_1", "GID_0": "IDN", "COUNTRY": "Indonesia", "GID_1": "IDN.11_1", "NAME_1": "JawaTimur", "GID_2": "IDN.11.22_1", "NAME_2": "Malang", "GID_3": "IDN.11.22.20_1", "NAME_3": "Pakisaji", "NAME_4": "Permanu", "VARNAME_4": "NA", "TYPE_4": "Desa", "ENGTYPE_4": "Village", "CC_4": "3507220001", "padi_mean": 0.5, "jagung_mean": 0.4997514135992831, "cabai_mean": 0.5, "tomat_mean": 0.5, "kentang_mean": 0.5, "wortel_mean": 0.79958570124895167, "tebu_mean": 0.22132798501699275 }, "geometry": { "type": "MultiPolygon", "coordinates": [ [ [ [ 112.5833, -8.0799 ], [ 112.5761, -8.0787 ], [ 112.5787, -8.0706 ], [ 112.5764, -8.0627 ], [ 112.5724, -8.0608 ], [ 112.5669, -8.062 ], [ 112.5667, -8.0604 ], [ 112.5606, -8.058 ], [ 112.5578, -8.0539 ], [ 112.5576, -8.0502 ], [ 112.5555, -8.0491 ], [ 112.5518, -8.0414 ], [ 112.5598, -8.0422 ], [ 112.5639, -8.0446 ], [ 112.575, -8.0561 ], [ 112.5844, -8.0575 ], [ 112.5848, -8.0645 ], [ 112.5834, -8.0652 ], [ 112.5853, -8.0662 ], [ 112.5831, -8.0679 ], [ 112.5829, -8.0717 ], [ 112.5845, -8.0721 ], [ 112.5842, -8.0749 ], [ 112.5875, -8.0754 ], [ 112.5868, -8.0786 ], [ 112.5845, -8.0781 ], [ 112.5847, -8.08 ], [ 112.5833, -8.0799 ] ] ] ] } },
{ "type": "Feature", "properties": { "fid": 154, "GID_4": "IDN.11.22.20.10_1", "GID_0": "IDN", "COUNTRY": "Indonesia", "GID_1": "IDN.11_1", "NAME_1": "JawaTimur", "GID_2": "IDN.11.22_1", "NAME_2": "Malang", "GID_3": "IDN.11.22.20_1", "NAME_3": "Pakisaji", "NAME_4": "Sutojayan", "VARNAME_4": "NA", "TYPE_4": "Desa", "ENGTYPE_4": "Village", "CC_4": "3507220004", "padi_mean": 0.5, "jagung_mean": 0.56483790378521492, "cabai_mean": 0.5, "tomat_mean": 0.5, "kentang_mean": 0.5, "wortel_mean": 0.80000001192092896, "tebu_mean": 0.5 }, "geometry": { "type": "MultiPolygon", "coordinates": [ [ [ [ 112.6084, -8.0866 ], [ 112.6072, -8.0863 ], [ 112.6053, -8.0898 ], [ 112.6022, -8.087 ], [ 112.601, -8.083 ], [ 112.6019, -8.0814 ], [ 112.6007, -8.0808 ], [ 112.6049, -8.0737 ], [ 112.6029, -8.0722 ], [ 112.6057, -8.0656 ], [ 112.6176, -8.068 ], [ 112.618, -8.0732 ], [ 112.6203, -8.0748 ], [ 112.6185, -8.0792 ], [ 112.6126, -8.078 ], [ 112.6112, -8.0791 ], [ 112.6084, -8.0866 ] ] ] ] } },
{ "type": "Feature", "properties": { "fid": 155, "GID_4": "IDN.11.22.20.11_1", "GID_0": "IDN", "COUNTRY": "Indonesia", "GID_1": "IDN.11_1", "NAME_1": "JawaTimur", "GID_2": "IDN.11.22_1", "NAME_2": "Malang", "GID_3": "IDN.11.22.20_1", "NAME_3": "Pakisaji", "NAME_4": "Wadung", "VARNAME_4": "NA", "TYPE_4": "Desa", "ENGTYPE_4": "Village", "CC_4": "3507220009", "padi_mean": 0.5, "jagung_mean": 0.36591870055393194, "cabai_mean": 0.5, "tomat_mean": 0.5, "kentang_mean": 0.5, "wortel_mean": 0.57653117729085213, "tebu_mean": 0.24930442150140639 }, "geometry": { "type": "MultiPolygon", "coordinates": [ [ [ [ 112.598, -8.0468 ], [ 112.595, -8.0453 ], [ 112.593, -8.0469 ], [ 112.5917, -8.0518 ], [ 112.5877, -8.0501 ], [ 112.5835, -8.0516 ], [ 112.5819, -8.0481 ], [ 112.5732, -8.0412 ], [ 112.573, -8.036 ], [ 112.5708, -8.0324 ], [ 112.5636, -8.0277 ], [ 112.5649, -8.0236 ], [ 112.5698, -8.0246 ], [ 112.5877, -8.0348 ], [ 112.5935, -8.0359 ], [ 112.594, -8.0387 ], [ 112.5981, -8.041 ], [ 112.598, -8.0468 ] ] ] ] } },
{ "type": "Feature", "properties": { "fid": 156, "GID_4": "IDN.11.22.20.12_1", "GID_0": "IDN", "COUNTRY": "Indonesia", "GID_1": "IDN.11_1", "NAME_1": "JawaTimur", "GID_2": "IDN.11.22_1", "NAME_2": "Malang", "GID_3": "IDN.11.22.20_1", "NAME_3": "Pakisaji", "NAME_4": "Wonokerso", "VARNAME_4": "NA", "TYPE_4": "Desa", "ENGTYPE_4": "Village", "CC_4": "3507220005", "padi_mean": 0.5, "jagung_mean": 0.639482973906496, "cabai_mean": 0.5, "tomat_mean": 0.5, "kentang_mean": 0.5, "wortel_mean": 0.80000001192092896, "tebu_mean": 0.5 }, "geometry": { "type": "MultiPolygon", "coordinates": [ [ [ [ 112.626, -8.0829 ], [ 112.6165, -8.0899 ], [ 112.6084, -8.0866 ], [ 112.6126, -8.078 ], [ 112.6185, -8.0792 ], [ 112.6203, -8.0748 ], [ 112.618, -8.0732 ], [ 112.6172, -8.0692 ], [ 112.6207, -8.0704 ], [ 112.6218, -8.0682 ], [ 112.6293, -8.0707 ], [ 112.6284, -8.0808 ], [ 112.626, -8.0829 ] ] ] ] } },
{ "type": "Feature", "properties": { "fid": 157, "GID_4": "IDN.11.22.22.11_1", "GID_0": "IDN", "COUNTRY": "Indonesia", "GID_1": "IDN.11_1", "NAME_1": "JawaTimur", "GID_2": "IDN.11.22_1", "NAME_2": "Malang", "GID_3": "IDN.11.22.22_1", "NAME_3": "Poncokusumo", "NAME_4": "Pajaran", "VARNAME_4": "NA", "TYPE_4": "Desa", "ENGTYPE_4": "Village", "CC_4": "3507100007", "padi_mean": 0.5, "jagung_mean": 0.5, "cabai_mean": 0.5, "tomat_mean": 0.5, "kentang_mean": 0.5, "wortel_mean": 0.7705483652330849, "tebu_mean": 0.0014408283639227614 }, "geometry": { "type": "MultiPolygon", "coordinates": [ [ [ [ 112.7212, -8.0297 ], [ 112.7215, -8.0322 ], [ 112.7235, -8.0316 ], [ 112.7267, -8.0337 ], [ 112.7283, -8.0374 ], [ 112.7244, -8.06 ], [ 112.7211, -8.061 ], [ 112.7202, -8.0523 ], [ 112.7162, -8.0508 ], [ 112.7037, -8.0399 ], [ 112.7044, -8.0371 ], [ 112.7084, -8.0341 ], [ 112.7087, -8.0313 ], [ 112.7195, -8.0312 ], [ 112.7212, -8.0297 ] ] ] ] } },
{ "type": "Feature", "properties": { "fid": 158, "GID_4": "IDN.11.22.24.2_1", "GID_0": "IDN", "COUNTRY": "Indonesia", "GID_1": "IDN.11_1", "NAME_1": "JawaTimur", "GID_2": "IDN.11.22_1", "NAME_2": "Malang", "GID_3": "IDN.11.22.24_1", "NAME_3": "Singosari", "NAME_4": "Banjararum", "VARNAME_4": "NA", "TYPE_4": "Desa", "ENGTYPE_4": "Village", "CC_4": "3507280003", "padi_mean": 0.5, "jagung_mean": 0.5, "cabai_mean": 0.5, "tomat_mean": 0.5, "kentang_mean": 0.5, "wortel_mean": 0.80000001192092896, "tebu_mean": 0.42263370792274735 }, "geometry": { "type": "MultiPolygon", "coordinates": [ [ [ [ 112.6625, -7.93 ], [ 112.6628, -7.927 ], [ 112.6497, -7.9197 ], [ 112.651, -7.9119 ], [ 112.6533, -7.9094 ], [ 112.6554, -7.9101 ], [ 112.6553, -7.9072 ], [ 112.6587, -7.9022 ], [ 112.6641, -7.9072 ], [ 112.6638, -7.9123 ], [ 112.6743, -7.9136 ], [ 112.6848, -7.9191 ], [ 112.6829, -7.9214 ], [ 112.68, -7.9195 ], [ 112.6761, -7.9285 ], [ 112.6709, -7.9267 ], [ 112.6694, -7.927 ], [ 112.6684, -7.93 ], [ 112.6625, -7.93 ] ] ] ] } },
{ "type": "Feature", "properties": { "fid": 159, "GID_4": "IDN.11.22.24.3_1", "GID_0": "IDN", "COUNTRY": "Indonesia", "GID_1": "IDN.11_1", "NAME_1": "JawaTimur", "GID_2": "IDN.11.22_1", "NAME_2": "Malang", "GID_3": "IDN.11.22.24_1", "NAME_3": "Singosari", "NAME_4": "Baturetno", "VARNAME_4": "NA", "TYPE_4": "Desa", "ENGTYPE_4": "Village", "CC_4": "3507280007", "padi_mean": 0.5, "jagung_mean": 0.5, "cabai_mean": 0.5, "tomat_mean": 0.5, "kentang_mean": 0.5, "wortel_mean": 0.71647937071016476, "tebu_mean": 0.2577372474025923 }, "geometry": { "type": "MultiPolygon", "coordinates": [ [ [ [ 112.702, -7.8777 ], [ 112.7054, -7.8717 ], [ 112.7088, -7.8723 ], [ 112.7107, -7.8702 ], [ 112.7157, -7.8744 ], [ 112.7132, -7.8789 ], [ 112.7153, -7.8793 ], [ 112.7153, -7.8816 ], [ 112.7116, -7.881 ], [ 112.7077, -7.8842 ], [ 112.7072, -7.889 ], [ 112.7043, -7.8926 ], [ 112.7057, -7.8972 ], [ 112.6971, -7.9057 ], [ 112.6931, -7.9079 ], [ 112.6901, -7.9064 ], [ 112.687, -7.9082 ], [ 112.6857, -7.9102 ], [ 112.6883, -7.9115 ], [ 112.6864, -7.9137 ], [ 112.6807, -7.9135 ], [ 112.6824, -7.9052 ], [ 112.6842, -7.9036 ], [ 112.6869, -7.9057 ], [ 112.6912, -7.9015 ], [ 112.6942, -7.8936 ], [ 112.6933, -7.8909 ], [ 112.6952, -7.8912 ], [ 112.6957, -7.8897 ], [ 112.6944, -7.8872 ], [ 112.6959, -7.8842 ], [ 112.6952, -7.882 ], [ 112.7012, -7.8806 ], [ 112.702, -7.8777 ] ] ] ] } },
{ "type": "Feature", "properties": { "fid": 160, "GID_4": "IDN.11.22.24.4_1", "GID_0": "IDN", "COUNTRY": "Indonesia", "GID_1": "IDN.11_1", "NAME_1": "JawaTimur", "GID_2": "IDN.11.22_1", "NAME_2": "Malang", "GID_3": "IDN.11.22.24_1", "NAME_3": "Singosari", "NAME_4": "Candirenggo", "VARNAME_4": "NA", "TYPE_4": "Desa", "ENGTYPE_4": "Village", "CC_4": "3507280014", "padi_mean": 0.5, "jagung_mean": 0.5, "cabai_mean": 0.5, "tomat_mean": 0.5, "kentang_mean": 0.5, "wortel_mean": 0.70803653868975491, "tebu_mean": 0.22168231995500615 }, "geometry": { "type": "MultiPolygon", "coordinates": [ [ [ [ 112.6585, -7.8642 ], [ 112.6609, -7.8676 ], [ 112.6617, -7.8667 ], [ 112.6639, -7.8684 ], [ 112.6635, -7.8704 ], [ 112.6645, -7.8697 ], [ 112.6698, -7.8735 ], [ 112.6715, -7.8786 ], [ 112.6721, -7.8836 ], [ 112.6673, -7.8911 ], [ 112.6626, -7.8884 ], [ 112.6611, -7.8904 ], [ 112.6598, -7.8888 ], [ 112.6578, -7.8915 ], [ 112.6554, -7.8899 ], [ 112.6565, -7.8879 ], [ 112.6557, -7.8853 ], [ 112.6585, -7.8817 ], [ 112.6572, -7.8792 ], [ 112.6553, -7.8799 ], [ 112.6525, -7.8752 ], [ 112.6543, -7.8725 ], [ 112.6559, -7.8737 ], [ 112.6589, -7.8708 ], [ 112.6542, -7.8676 ], [ 112.6585, -7.8642 ] ] ] ] } },
{ "type": "Feature", "properties": { "fid": 161, "GID_4": "IDN.11.22.24.5_1", "GID_0": "IDN", "COUNTRY": "Indonesia", "GID_1": "IDN.11_1", "NAME_1": "JawaTimur", "GID_2": "IDN.11.22_1", "NAME_2": "Malang", "GID_3": "IDN.11.22.24_1", "NAME_3": "Singosari", "NAME_4": "Dengkol", "VARNAME_4": "NA", "TYPE_4": "Desa", "ENGTYPE_4": "Village", "CC_4": "3507280005", "padi_mean": 0.5, "jagung_mean": 0.5, "cabai_mean": 0.5, "tomat_mean": 0.5, "kentang_mean": 0.5, "wortel_mean": 0.57592226993892992, "tebu_mean": 0.19299648163505392 }, "geometry": { "type": "MultiPolygon", "coordinates": [ [ [ [ 112.7258, -7.9067 ], [ 112.7211, -7.9062 ], [ 112.7199, -7.9075 ], [ 112.7214, -7.909 ], [ 112.7138, -7.9171 ], [ 112.7088, -7.9169 ], [ 112.6985, -7.9242 ], [ 112.6916, -7.9204 ], [ 112.6885, -7.9199 ], [ 112.6876, -7.9219 ], [ 112.6843, -7.9206 ], [ 112.6883, -7.9115 ], [ 112.6857, -7.9102 ], [ 112.687, -7.9082 ], [ 112.6901, -7.9064 ], [ 112.6931, -7.9079 ], [ 112.6988, -7.9047 ], [ 112.7027, -7.8988 ], [ 112.7057, -7.8972 ], [ 112.7043, -7.8926 ], [ 112.706, -7.8904 ], [ 112.7111, -7.8929 ], [ 112.713, -7.8916 ], [ 112.7117, -7.8961 ], [ 112.7197, -7.8936 ], [ 112.7245, -7.8948 ], [ 112.7247, -7.896 ], [ 112.7285, -7.8961 ], [ 112.7258, -7.9067 ] ] ] ] } },
{ "type": "Feature", "properties": { "fid": 162, "GID_4": "IDN.11.22.24.8_1", "GID_0": "IDN", "COUNTRY": "Indonesia", "GID_1": "IDN.11_1", "NAME_1": "JawaTimur", "GID_2": "IDN.11.22_1", "NAME_2": "Malang", "GID_3": "IDN.11.22.24_1", "NAME_3": "Singosari", "NAME_4": "Langlang", "VARNAME_4": "NA", "TYPE_4": "Desa", "ENGTYPE_4": "Village", "CC_4": "3507280001", "padi_mean": 0.45940295965457489, "jagung_mean": 0.45940295965457489, "cabai_mean": 0.5, "tomat_mean": 0.5, "kentang_mean": 0.5, "wortel_mean": 0.71518978936365318, "tebu_mean": 0.25332173321834689 }, "geometry": { "type": "MultiPolygon", "coordinates": [ [ [ [ 112.6333, -7.9075 ], [ 112.628, -7.9005 ], [ 112.6289, -7.8975 ], [ 112.6278, -7.8925 ], [ 112.6237, -7.8852 ], [ 112.6235, -7.8811 ], [ 112.6219, -7.8802 ], [ 112.6194, -7.8714 ], [ 112.6198, -7.8651 ], [ 112.6255, -7.8652 ], [ 112.6248, -7.871 ], [ 112.634, -7.8808 ], [ 112.6348, -7.8843 ], [ 112.6384, -7.8878 ], [ 112.6365, -7.8885 ], [ 112.6391, -7.8906 ], [ 112.6363, -7.8934 ], [ 112.6361, -7.8962 ], [ 112.6405, -7.901 ], [ 112.638, -7.9033 ], [ 112.6403, -7.9057 ], [ 112.6348, -7.9083 ], [ 112.6333, -7.9075 ] ] ] ] } },
{ "type": "Feature", "properties": { "fid": 163, "GID_4": "IDN.11.22.24.9_1", "GID_0": "IDN", "COUNTRY": "Indonesia", "GID_1": "IDN.11_1", "NAME_1": "JawaTimur", "GID_2": "IDN.11.22_1", "NAME_2": "Malang", "GID_3": "IDN.11.22.24_1", "NAME_3": "Singosari", "NAME_4": "Losari", "VARNAME_4": "NA", "TYPE_4": "Desa", "ENGTYPE_4": "Village", "CC_4": "3507280009", "padi_mean": 0.5, "jagung_mean": 0.5, "cabai_mean": 0.5, "tomat_mean": 0.5, "kentang_mean": 0.5, "wortel_mean": 0.80000001192092896, "tebu_mean": 0.30000001192092896 }, "geometry": { "type": "MultiPolygon", "coordinates": [ [ [ [ 112.6719, -7.8839 ], [ 112.6798, -7.8867 ], [ 112.6841, -7.8834 ], [ 112.6885, -7.8858 ], [ 112.6888, -7.8877 ], [ 112.686, -7.8935 ], [ 112.6837, -7.8944 ], [ 112.6761, -7.8918 ], [ 112.6738, -7.8944 ], [ 112.6673, -7.8917 ], [ 112.6719, -7.8839 ] ] ] ] } },
{ "type": "Feature", "properties": { "fid": 164, "GID_4": "IDN.11.22.24.10_1", "GID_0": "IDN", "COUNTRY": "Indonesia", "GID_1": "IDN.11_1", "NAME_1": "JawaTimur", "GID_2": "IDN.11.22_1", "NAME_2": "Malang", "GID_3": "IDN.11.22.24_1", "NAME_3": "Singosari", "NAME_4": "Pagentan", "VARNAME_4": "NA", "TYPE_4": "Desa", "ENGTYPE_4": "Village", "CC_4": "3507280010", "padi_mean": 0.5, "jagung_mean": 0.5, "cabai_mean": 0.5, "tomat_mean": 0.5, "kentang_mean": 0.5, "wortel_mean": 0.80000001192092884, "tebu_mean": 0.30000001192092896 }, "geometry": { "type": "MultiPolygon", "coordinates": [ [ [ [ 112.6635, -7.906 ], [ 112.6552, -7.8989 ], [ 112.6575, -7.8949 ], [ 112.6562, -7.892 ], [ 112.6598, -7.8888 ], [ 112.6611, -7.8904 ], [ 112.6626, -7.8884 ], [ 112.6707, -7.8935 ], [ 112.6635, -7.906 ] ] ] ] } },
{ "type": "Feature", "properties": { "fid": 165, "GID_4": "IDN.11.22.24.11_1", "GID_0": "IDN", "COUNTRY": "Indonesia", "GID_1": "IDN.11_1", "NAME_1": "JawaTimur", "GID_2": "IDN.11.22_1", "NAME_2": "Malang", "GID_3": "IDN.11.22.24_1", "NAME_3": "Singosari", "NAME_4": "Purwoasri", "VARNAME_4": "NA", "TYPE_4": "Desa", "ENGTYPE_4": "Village", "CC_4": "3507280011", "padi_mean": 0.5, "jagung_mean": 0.5, "cabai_mean": 0.5, "tomat_mean": 0.5, "kentang_mean": 0.5, "wortel_mean": 0.7896761813196389, "tebu_mean": 0.28967618131963885 }, "geometry": { "type": "MultiPolygon", "coordinates": [ [ [ [ 112.6592, -7.9026 ], [ 112.6553, -7.9072 ], [ 112.6554, -7.9101 ], [ 112.6533, -7.9094 ], [ 112.6538, -7.9071 ], [ 112.6521, -7.9071 ], [ 112.6514, -7.9046 ], [ 112.6485, -7.9046 ], [ 112.6365, -7.8885 ], [ 112.6384, -7.8878 ], [ 112.6348, -7.8843 ], [ 112.634, -7.8808 ], [ 112.628, -7.8743 ], [ 112.6304, -7.8719 ], [ 112.6433, -7.8833 ], [ 112.6417, -7.8856 ], [ 112.6455, -7.892 ], [ 112.6518, -7.896 ], [ 112.6543, -7.8918 ], [ 112.657, -7.8928 ], [ 112.6575, -7.8949 ], [ 112.6552, -7.8989 ], [ 112.6592, -7.9026 ] ] ] ] } },
{ "type": "Feature", "properties": { "fid": 166, "GID_4": "IDN.11.22.24.13_1", "GID_0": "IDN", "COUNTRY": "Indonesia", "GID_1": "IDN.11_1", "NAME_1": "JawaTimur", "GID_2": "IDN.11.22_1", "NAME_2": "Malang", "GID_3": "IDN.11.22.24_1", "NAME_3": "Singosari", "NAME_4": "Tamanharjo", "VARNAME_4": "NA", "TYPE_4": "Desa", "ENGTYPE_4": "Village", "CC_4": "3507280008", "padi_mean": 0.5, "jagung_mean": 0.5, "cabai_mean": 0.5, "tomat_mean": 0.5, "kentang_mean": 0.5, "wortel_mean": 0.80000001192092896, "tebu_mean": 0.30000001192092896 }, "geometry": { "type": "MultiPolygon", "coordinates": [ [ [ [ 112.6882, -7.889 ], [ 112.6891, -7.888 ], [ 112.6917, -7.8894 ], [ 112.6942, -7.8936 ], [ 112.6912, -7.9015 ], [ 112.6894, -7.902 ], [ 112.6881, -7.9052 ], [ 112.6852, -7.9051 ], [ 112.6842, -7.9036 ], [ 112.6822, -7.9054 ], [ 112.676, -7.9036 ], [ 112.6726, -7.9014 ], [ 112.6733, -7.9001 ], [ 112.6686, -7.8976 ], [ 112.6707, -7.8935 ], [ 112.6738, -7.8944 ], [ 112.6761, -7.8918 ], [ 112.6837, -7.8944 ], [ 112.686, -7.8935 ], [ 112.6882, -7.889 ] ] ] ] } },
{ "type": "Feature", "properties": { "fid": 167, "GID_4": "IDN.11.22.24.15_1", "GID_0": "IDN", "COUNTRY": "Indonesia", "GID_1": "IDN.11_1", "NAME_1": "JawaTimur", "GID_2": "IDN.11.22_1", "NAME_2": "Malang", "GID_3": "IDN.11.22.24_1", "NAME_3": "Singosari", "NAME_4": "Tunjungtirto", "VARNAME_4": "NA", "TYPE_4": "Desa", "ENGTYPE_4": "Village", "CC_4": "3507280002", "padi_mean": 0.5, "jagung_mean": 0.5, "cabai_mean": 0.5, "tomat_mean": 0.5, "kentang_mean": 0.5, "wortel_mean": 0.80000001192092907, "tebu_mean": 0.31499703338685103 }, "geometry": { "type": "MultiPolygon", "coordinates": [ [ [ [ 112.6499, -7.9181 ], [ 112.6459, -7.9164 ], [ 112.6463, -7.9147 ], [ 112.6458, -7.9138 ], [ 112.6429, -7.9194 ], [ 112.6399, -7.9205 ], [ 112.6304, -7.912 ], [ 112.6322, -7.908 ], [ 112.6348, -7.9083 ], [ 112.6403, -7.9057 ], [ 112.638, -7.9033 ], [ 112.6405, -7.901 ], [ 112.6361, -7.8962 ], [ 112.638, -7.8915 ], [ 112.6485, -7.9046 ], [ 112.6514, -7.9046 ], [ 112.6521, -7.9071 ], [ 112.6538, -7.9071 ], [ 112.65, -7.9146 ], [ 112.6499, -7.9181 ] ] ] ] } },
{ "type": "Feature", "properties": { "fid": 168, "GID_4": "IDN.11.22.24.16_1", "GID_0": "IDN", "COUNTRY": "Indonesia", "GID_1": "IDN.11_1", "NAME_1": "JawaTimur", "GID_2": "IDN.11.22_1", "NAME_2": "Malang", "GID_3": "IDN.11.22.24_1", "NAME_3": "Singosari", "NAME_4": "Watugede", "VARNAME_4": "NA", "TYPE_4": "Desa", "ENGTYPE_4": "Village", "CC_4": "3507280004", "padi_mean": 0.5, "jagung_mean": 0.5, "cabai_mean": 0.5, "tomat_mean": 0.5, "kentang_mean": 0.5, "wortel_mean": 0.80000001192092896, "tebu_mean": 0.30568334802448616 }, "geometry": { "type": "MultiPolygon", "coordinates": [ [ [ [ 112.6848, -7.9191 ], [ 112.6743, -7.9136 ], [ 112.6638, -7.9123 ], [ 112.6649, -7.9091 ], [ 112.6635, -7.906 ], [ 112.6686, -7.8976 ], [ 112.6733, -7.9001 ], [ 112.6726, -7.9014 ], [ 112.676, -7.9036 ], [ 112.6822, -7.9054 ], [ 112.6822, -7.909 ], [ 112.68, -7.9122 ], [ 112.6847, -7.9146 ], [ 112.6864, -7.9137 ], [ 112.6848, -7.9191 ] ] ] ] } },
{ "type": "Feature", "properties": { "fid": 169, "GID_4": "IDN.11.22.27.1_1", "GID_0": "IDN", "COUNTRY": "Indonesia", "GID_1": "IDN.11_1", "NAME_1": "JawaTimur", "GID_2": "IDN.11.22_1", "NAME_2": "Malang", "GID_3": "IDN.11.22.27_1", "NAME_3": "Tajinan", "NAME_4": "Gunungronggo", "VARNAME_4": "NA", "TYPE_4": "Desa", "ENGTYPE_4": "Village", "CC_4": "3507230008", "padi_mean": 0.5, "jagung_mean": 0.5, "cabai_mean": 0.5, "tomat_mean": 0.5, "kentang_mean": 0.5, "wortel_mean": 0.7996452109980613, "tebu_mean": 0.094974221489938879 }, "geometry": { "type": "MultiPolygon", "coordinates": [ [ [ [ 112.7054, -8.0412 ], [ 112.7162, -8.0508 ], [ 112.7202, -8.0523 ], [ 112.7211, -8.061 ], [ 112.7118, -8.0642 ], [ 112.7074, -8.0564 ], [ 112.6975, -8.0547 ], [ 112.6941, -8.0558 ], [ 112.6911, -8.0543 ], [ 112.6938, -8.0502 ], [ 112.6956, -8.0507 ], [ 112.6954, -8.0479 ], [ 112.6986, -8.0487 ], [ 112.7054, -8.0412 ] ] ] ] } },
{ "type": "Feature", "properties": { "fid": 170, "GID_4": "IDN.11.22.27.2_1", "GID_0": "IDN", "COUNTRY": "Indonesia", "GID_1": "IDN.11_1", "NAME_1": "JawaTimur", "GID_2": "IDN.11.22_1", "NAME_2": "Malang", "GID_3": "IDN.11.22.27_1", "NAME_3": "Tajinan", "NAME_4": "Gunungsari", "VARNAME_4": "NA", "TYPE_4": "Desa", "ENGTYPE_4": "Village", "CC_4": "3507230009", "padi_mean": 0.5, "jagung_mean": 0.5, "cabai_mean": 0.5, "tomat_mean": 0.5, "kentang_mean": 0.5, "wortel_mean": 0.57216184103999879, "tebu_mean": 0.10886473326983885 }, "geometry": { "type": "MultiPolygon", "coordinates": [ [ [ [ 112.7037, -8.0399 ], [ 112.7054, -8.0412 ], [ 112.7011, -8.0468 ], [ 112.6986, -8.0487 ], [ 112.6954, -8.0479 ], [ 112.6956, -8.0507 ], [ 112.6938, -8.0502 ], [ 112.6937, -8.0517 ], [ 112.6912, -8.0511 ], [ 112.6886, -8.0456 ], [ 112.6911, -8.0316 ], [ 112.7037, -8.0399 ] ] ] ] } },
{ "type": "Feature", "properties": { "fid": 171, "GID_4": "IDN.11.22.27.3_1", "GID_0": "IDN", "COUNTRY": "Indonesia", "GID_1": "IDN.11_1", "NAME_1": "JawaTimur", "GID_2": "IDN.11.22_1", "NAME_2": "Malang", "GID_3": "IDN.11.22.27_1", "NAME_3": "Tajinan", "NAME_4": "Jambearjo", "VARNAME_4": "NA", "TYPE_4": "Desa", "ENGTYPE_4": "Village", "CC_4": "3507230003", "padi_mean": 0.5, "jagung_mean": 0.5, "cabai_mean": 0.5, "tomat_mean": 0.5, "kentang_mean": 0.5, "wortel_mean": 0.80000001192092907, "tebu_mean": 0.43294344704756499 }, "geometry": { "type": "MultiPolygon", "coordinates": [ [ [ [ 112.6528, -8.0833 ], [ 112.6542, -8.078 ], [ 112.6506, -8.0772 ], [ 112.6511, -8.0754 ], [ 112.6487, -8.0748 ], [ 112.6512, -8.0694 ], [ 112.649, -8.0684 ], [ 112.6502, -8.0655 ], [ 112.6564, -8.0654 ], [ 112.658, -8.0686 ], [ 112.6626, -8.0703 ], [ 112.6614, -8.0729 ], [ 112.6641, -8.0746 ], [ 112.6756, -8.0769 ], [ 112.6731, -8.0839 ], [ 112.667, -8.0828 ], [ 112.6635, -8.0799 ], [ 112.661, -8.0825 ], [ 112.6571, -8.0818 ], [ 112.6528, -8.0833 ] ] ] ] } },
{ "type": "Feature", "properties": { "fid": 172, "GID_4": "IDN.11.22.27.4_1", "GID_0": "IDN", "COUNTRY": "Indonesia", "GID_1": "IDN.11_1", "NAME_1": "JawaTimur", "GID_2": "IDN.11.22_1", "NAME_2": "Malang", "GID_3": "IDN.11.22.27_1", "NAME_3": "Tajinan", "NAME_4": "Jatisari", "VARNAME_4": "NA", "TYPE_4": "Desa", "ENGTYPE_4": "Village", "CC_4": "3507230004", "padi_mean": 0.5, "jagung_mean": 0.5, "cabai_mean": 0.5, "tomat_mean": 0.5, "kentang_mean": 0.5, "wortel_mean": 0.80000001192092884, "tebu_mean": 0.29420196160635054 }, "geometry": { "type": "MultiPolygon", "coordinates": [ [ [ [ 112.6777, -8.0762 ], [ 112.6763, -8.0771 ], [ 112.6645, -8.0748 ], [ 112.6614, -8.0729 ], [ 112.6626, -8.0703 ], [ 112.6598, -8.0693 ], [ 112.6608, -8.0666 ], [ 112.6591, -8.0649 ], [ 112.6595, -8.0623 ], [ 112.6619, -8.0603 ], [ 112.6742, -8.064 ], [ 112.6755, -8.0622 ], [ 112.6786, -8.0617 ], [ 112.6811, -8.0713 ], [ 112.6777, -8.0762 ] ] ] ] } },
{ "type": "Feature", "properties": { "fid": 173, "GID_4": "IDN.11.22.27.5_1", "GID_0": "IDN", "COUNTRY": "Indonesia", "GID_1": "IDN.11_1", "NAME_1": "JawaTimur", "GID_2": "IDN.11.22_1", "NAME_2": "Malang", "GID_3": "IDN.11.22.27_1", "NAME_3": "Tajinan", "NAME_4": "Ngawonggo", "VARNAME_4": "NA", "TYPE_4": "Desa", "ENGTYPE_4": "Village", "CC_4": "3507230006", "padi_mean": 0.5, "jagung_mean": 0.5, "cabai_mean": 0.5, "tomat_mean": 0.5, "kentang_mean": 0.5, "wortel_mean": 0.80000001192092896, "tebu_mean": 0.10605022947746962 }, "geometry": { "type": "MultiPolygon", "coordinates": [ [ [ [ 112.7015, -8.0829 ], [ 112.7009, -8.0799 ], [ 112.6982, -8.0796 ], [ 112.6968, -8.0775 ], [ 112.6893, -8.0768 ], [ 112.6904, -8.0722 ], [ 112.6918, -8.0713 ], [ 112.6931, -8.0725 ], [ 112.6974, -8.0696 ], [ 112.7052, -8.0689 ], [ 112.7084, -8.0669 ], [ 112.7155, -8.0711 ], [ 112.7155, -8.0728 ], [ 112.7181, -8.0746 ], [ 112.7248, -8.0764 ], [ 112.7239, -8.0814 ], [ 112.7179, -8.0816 ], [ 112.7162, -8.0836 ], [ 112.7015, -8.0829 ] ] ] ] } },
{ "type": "Feature", "properties": { "fid": 174, "GID_4": "IDN.11.22.27.6_1", "GID_0": "IDN", "COUNTRY": "Indonesia", "GID_1": "IDN.11_1", "NAME_1": "JawaTimur", "GID_2": "IDN.11.22_1", "NAME_2": "Malang", "GID_3": "IDN.11.22.27_1", "NAME_3": "Tajinan", "NAME_4": "Pandanmulyo", "VARNAME_4": "NA", "TYPE_4": "Desa", "ENGTYPE_4": "Village", "CC_4": "3507230005", "padi_mean": 0.5, "jagung_mean": 0.5, "cabai_mean": 0.5, "tomat_mean": 0.5, "kentang_mean": 0.5, "wortel_mean": 0.80000001192092884, "tebu_mean": 0.27530461894790309 }, "geometry": { "type": "MultiPolygon", "coordinates": [ [ [ [ 112.6832, -8.0838 ], [ 112.6806, -8.0828 ], [ 112.6822, -8.077 ], [ 112.6777, -8.0762 ], [ 112.6849, -8.0667 ], [ 112.6899, -8.0672 ], [ 112.6917, -8.0645 ], [ 112.7016, -8.0683 ], [ 112.6931, -8.0725 ], [ 112.6918, -8.0713 ], [ 112.6904, -8.0723 ], [ 112.6893, -8.0768 ], [ 112.6968, -8.0775 ], [ 112.7016, -8.0811 ], [ 112.7015, -8.0829 ], [ 112.6983, -8.0821 ], [ 112.6955, -8.0859 ], [ 112.6966, -8.0877 ], [ 112.695, -8.0934 ], [ 112.6879, -8.0926 ], [ 112.6878, -8.0898 ], [ 112.6851, -8.0889 ], [ 112.6882, -8.0867 ], [ 112.688, -8.0838 ], [ 112.6832, -8.0838 ] ] ] ] } },
{ "type": "Feature", "properties": { "fid": 175, "GID_4": "IDN.11.22.27.7_1", "GID_0": "IDN", "COUNTRY": "Indonesia", "GID_1": "IDN.11_1", "NAME_1": "JawaTimur", "GID_2": "IDN.11.22_1", "NAME_2": "Malang", "GID_3": "IDN.11.22.27_1", "NAME_3": "Tajinan", "NAME_4": "Purwosekar", "VARNAME_4": "NA", "TYPE_4": "Desa", "ENGTYPE_4": "Village", "CC_4": "3507230007", "padi_mean": 0.5, "jagung_mean": 0.5, "cabai_mean": 0.5, "tomat_mean": 0.5, "kentang_mean": 0.5, "wortel_mean": 0.80000001192092884, "tebu_mean": 0.18684020993688022 }, "geometry": { "type": "MultiPolygon", "coordinates": [ [ [ [ 112.6932, -8.0551 ], [ 112.7074, -8.0564 ], [ 112.712, -8.0634 ], [ 112.7119, -8.0657 ], [ 112.7052, -8.0689 ], [ 112.6917, -8.0645 ], [ 112.6899, -8.0672 ], [ 112.6849, -8.0667 ], [ 112.6822, -8.0714 ], [ 112.6807, -8.0712 ], [ 112.6786, -8.0617 ], [ 112.6819, -8.0578 ], [ 112.6929, -8.0576 ], [ 112.6932, -8.0551 ] ] ] ] } },
{ "type": "Feature", "properties": { "fid": 176, "GID_4": "IDN.11.22.27.8_1", "GID_0": "IDN", "COUNTRY": "Indonesia", "GID_1": "IDN.11_1", "NAME_1": "JawaTimur", "GID_2": "IDN.11.22_1", "NAME_2": "Malang", "GID_3": "IDN.11.22.27_1", "NAME_3": "Tajinan", "NAME_4": "Randugading", "VARNAME_4": "NA", "TYPE_4": "Desa", "ENGTYPE_4": "Village", "CC_4": "3507230011", "padi_mean": 0.5, "jagung_mean": 0.5, "cabai_mean": 0.5, "tomat_mean": 0.5, "kentang_mean": 0.5, "wortel_mean": 0.67691920174702802, "tebu_mean": 0.16553434041558313 }, "geometry": { "type": "MultiPolygon", "coordinates": [ [ [ [ 112.6778, -8.0612 ], [ 112.6742, -8.064 ], [ 112.6717, -8.0624 ], [ 112.6702, -8.0637 ], [ 112.6655, -8.0621 ], [ 112.6665, -8.0589 ], [ 112.6644, -8.057 ], [ 112.6655, -8.0549 ], [ 112.6645, -8.0536 ], [ 112.6649, -8.0516 ], [ 112.6696, -8.0485 ], [ 112.6712, -8.0487 ], [ 112.6716, -8.0513 ], [ 112.6732, -8.0507 ], [ 112.6725, -8.0474 ], [ 112.6742, -8.0451 ], [ 112.6732, -8.0441 ], [ 112.6773, -8.0389 ], [ 112.6768, -8.0357 ], [ 112.6799, -8.0266 ], [ 112.684, -8.0289 ], [ 112.6818, -8.035 ], [ 112.6853, -8.0448 ], [ 112.6847, -8.0479 ], [ 112.6786, -8.0474 ], [ 112.6786, -8.0543 ], [ 112.676, -8.0543 ], [ 112.6763, -8.0594 ], [ 112.6778, -8.0612 ] ] ] ] } },
{ "type": "Feature", "properties": { "fid": 177, "GID_4": "IDN.11.22.27.9_1", "GID_0": "IDN", "COUNTRY": "Indonesia", "GID_1": "IDN.11_1", "NAME_1": "JawaTimur", "GID_2": "IDN.11.22_1", "NAME_2": "Malang", "GID_3": "IDN.11.22.27_1", "NAME_3": "Tajinan", "NAME_4": "Sumbersuko", "VARNAME_4": "NA", "TYPE_4": "Desa", "ENGTYPE_4": "Village", "CC_4": "3507230012", "padi_mean": 0.5, "jagung_mean": 0.5, "cabai_mean": 0.5, "tomat_mean": 0.5, "kentang_mean": 0.5, "wortel_mean": 0.63422917043052174, "tebu_mean": 0.28447880218197719 }, "geometry": { "type": "MultiPolygon", "coordinates": [ [ [ [ 112.6561, -8.0503 ], [ 112.6604, -8.0413 ], [ 112.6626, -8.0399 ], [ 112.6655, -8.0409 ], [ 112.6679, -8.035 ], [ 112.6728, -8.0319 ], [ 112.6769, -8.0257 ], [ 112.6799, -8.0266 ], [ 112.6768, -8.0357 ], [ 112.6773, -8.0389 ], [ 112.6732, -8.0441 ], [ 112.6742, -8.0451 ], [ 112.6725, -8.0474 ], [ 112.6732, -8.0507 ], [ 112.6716, -8.0513 ], [ 112.67, -8.0485 ], [ 112.6649, -8.0516 ], [ 112.6644, -8.057 ], [ 112.6665, -8.0589 ], [ 112.6655, -8.0621 ], [ 112.659, -8.0587 ], [ 112.6561, -8.0594 ], [ 112.6561, -8.0503 ] ] ] ] } },
{ "type": "Feature", "properties": { "fid": 178, "GID_4": "IDN.11.22.27.10_1", "GID_0": "IDN", "COUNTRY": "Indonesia", "GID_1": "IDN.11_1", "NAME_1": "JawaTimur", "GID_2": "IDN.11.22_1", "NAME_2": "Malang", "GID_3": "IDN.11.22.27_1", "NAME_3": "Tajinan", "NAME_4": "Tajinan", "VARNAME_4": "NA", "TYPE_4": "Desa", "ENGTYPE_4": "Village", "CC_4": "3507230010", "padi_mean": 0.5, "jagung_mean": 0.5, "cabai_mean": 0.5, "tomat_mean": 0.5, "kentang_mean": 0.5, "wortel_mean": 0.64203176921820393, "tebu_mean": 0.13681270495757816 }, "geometry": { "type": "MultiPolygon", "coordinates": [ [ [ [ 112.6937, -8.0517 ], [ 112.6911, -8.0543 ], [ 112.6932, -8.0551 ], [ 112.6929, -8.0576 ], [ 112.6821, -8.0577 ], [ 112.6793, -8.0618 ], [ 112.6765, -8.0599 ], [ 112.676, -8.0543 ], [ 112.6786, -8.0543 ], [ 112.6786, -8.0474 ], [ 112.6848, -8.0476 ], [ 112.6854, -8.0428 ], [ 112.6818, -8.035 ], [ 112.684, -8.0289 ], [ 112.6911, -8.0316 ], [ 112.6886, -8.0456 ], [ 112.6912, -8.0511 ], [ 112.6937, -8.0517 ] ] ] ] } },
{ "type": "Feature", "properties": { "fid": 179, "GID_4": "IDN.11.22.27.11_1", "GID_0": "IDN", "COUNTRY": "Indonesia", "GID_1": "IDN.11_1", "NAME_1": "JawaTimur", "GID_2": "IDN.11.22_1", "NAME_2": "Malang", "GID_3": "IDN.11.22.27_1", "NAME_3": "Tajinan", "NAME_4": "Tambakasri", "VARNAME_4": "NA", "TYPE_4": "Desa", "ENGTYPE_4": "Village", "CC_4": "3507230001", "padi_mean": 0.5, "jagung_mean": 0.5, "cabai_mean": 0.5, "tomat_mean": 0.5, "kentang_mean": 0.5, "wortel_mean": 0.80000001192092896, "tebu_mean": 0.5 }, "geometry": { "type": "MultiPolygon", "coordinates": [ [ [ [ 112.6317, -8.0459 ], [ 112.6423, -8.0499 ], [ 112.6454, -8.0483 ], [ 112.6455, -8.0513 ], [ 112.6425, -8.0513 ], [ 112.6424, -8.0552 ], [ 112.6409, -8.0547 ], [ 112.6394, -8.059 ], [ 112.636, -8.0608 ], [ 112.6342, -8.0659 ], [ 112.6301, -8.0688 ], [ 112.6291, -8.0676 ], [ 112.6312, -8.06 ], [ 112.6283, -8.0534 ], [ 112.6317, -8.0459 ] ] ] ] } },
{ "type": "Feature", "properties": { "fid": 180, "GID_4": "IDN.11.22.27.12_1", "GID_0": "IDN", "COUNTRY": "Indonesia", "GID_1": "IDN.11_1", "NAME_1": "JawaTimur", "GID_2": "IDN.11.22_1", "NAME_2": "Malang", "GID_3": "IDN.11.22.27_1", "NAME_3": "Tajinan", "NAME_4": "Tangkilsari", "VARNAME_4": "NA", "TYPE_4": "Desa", "ENGTYPE_4": "Village", "CC_4": "3507230002", "padi_mean": 0.5, "jagung_mean": 0.5, "cabai_mean": 0.5, "tomat_mean": 0.5, "kentang_mean": 0.5, "wortel_mean": 0.80000001192092896, "tebu_mean": 0.5 }, "geometry": { "type": "MultiPolygon", "coordinates": [ [ [ [ 112.6455, -8.0513 ], [ 112.6488, -8.0479 ], [ 112.6561, -8.0503 ], [ 112.6561, -8.0594 ], [ 112.6619, -8.0599 ], [ 112.6594, -8.0625 ], [ 112.6591, -8.0649 ], [ 112.6608, -8.0666 ], [ 112.6598, -8.0693 ], [ 112.6564, -8.0654 ], [ 112.6426, -8.0618 ], [ 112.6424, -8.0515 ], [ 112.6455, -8.0513 ] ] ] ] } },
{ "type": "Feature", "properties": { "fid": 181, "GID_4": "IDN.11.22.29.6_1", "GID_0": "IDN", "COUNTRY": "Indonesia", "GID_1": "IDN.11_1", "NAME_1": "JawaTimur", "GID_2": "IDN.11.22_1", "NAME_2": "Malang", "GID_3": "IDN.11.22.29_1", "NAME_3": "Tumpang", "NAME_4": "Kambingan", "VARNAME_4": "NA", "TYPE_4": "Desa", "ENGTYPE_4": "Village", "CC_4": "3507240003", "padi_mean": 0.5, "jagung_mean": 0.5, "cabai_mean": 0.5, "tomat_mean": 0.5, "kentang_mean": 0.5, "wortel_mean": 0.42826247058638006, "tebu_mean": 0.0 }, "geometry": { "type": "MultiPolygon", "coordinates": [ [ [ [ 112.679, -8.0068 ], [ 112.6793, -8.0054 ], [ 112.6834, -8.0046 ], [ 112.6984, -8.0075 ], [ 112.7001, -8.0049 ], [ 112.7063, -8.0074 ], [ 112.7118, -8.0025 ], [ 112.7153, -8.005 ], [ 112.7127, -8.01 ], [ 112.7135, -8.0153 ], [ 112.7152, -8.0172 ], [ 112.7106, -8.0183 ], [ 112.702, -8.0162 ], [ 112.679, -8.0091 ], [ 112.679, -8.0068 ] ] ] ] } },
{ "type": "Feature", "properties": { "fid": 182, "GID_4": "IDN.11.22.29.7_1", "GID_0": "IDN", "COUNTRY": "Indonesia", "GID_1": "IDN.11_1", "NAME_1": "JawaTimur", "GID_2": "IDN.11.22_1", "NAME_2": "Malang", "GID_3": "IDN.11.22.29_1", "NAME_3": "Tumpang", "NAME_4": "Kidal", "VARNAME_4": "NA", "TYPE_4": "Desa", "ENGTYPE_4": "Village", "CC_4": "3507240002", "padi_mean": 0.5, "jagung_mean": 0.5, "cabai_mean": 0.5, "tomat_mean": 0.5, "kentang_mean": 0.5, "wortel_mean": 0.36699722220168723, "tebu_mean": 0.0 }, "geometry": { "type": "MultiPolygon", "coordinates": [ [ [ [ 112.6731, -8.0195 ], [ 112.672, -8.0089 ], [ 112.6789, -8.0103 ], [ 112.679, -8.0091 ], [ 112.7106, -8.0183 ], [ 112.7119, -8.0172 ], [ 112.7186, -8.0179 ], [ 112.7175, -8.0231 ], [ 112.7107, -8.0241 ], [ 112.711, -8.0261 ], [ 112.708, -8.0285 ], [ 112.6904, -8.0255 ], [ 112.6731, -8.0195 ] ] ] ] } },
{ "type": "Feature", "properties": { "fid": 183, "GID_4": "IDN.11.22.29.9_1", "GID_0": "IDN", "COUNTRY": "Indonesia", "GID_1": "IDN.11_1", "NAME_1": "JawaTimur", "GID_2": "IDN.11.22_1", "NAME_2": "Malang", "GID_3": "IDN.11.22.29_1", "NAME_3": "Tumpang", "NAME_4": "Ngingit", "VARNAME_4": "NA", "TYPE_4": "Desa", "ENGTYPE_4": "Village", "CC_4": "3507240001", "padi_mean": 0.5, "jagung_mean": 0.5, "cabai_mean": 0.5, "tomat_mean": 0.5, "kentang_mean": 0.5, "wortel_mean": 0.44329947761518884, "tebu_mean": 0.0 }, "geometry": { "type": "MultiPolygon", "coordinates": [ [ [ [ 112.6722, -8.0245 ], [ 112.6731, -8.0195 ], [ 112.6904, -8.0255 ], [ 112.7067, -8.0284 ], [ 112.7098, -8.0276 ], [ 112.7112, -8.0239 ], [ 112.7196, -8.0223 ], [ 112.7256, -8.0243 ], [ 112.725, -8.0263 ], [ 112.7209, -8.026 ], [ 112.7208, -8.0308 ], [ 112.7087, -8.0313 ], [ 112.7084, -8.0341 ], [ 112.7044, -8.0371 ], [ 112.7037, -8.0399 ], [ 112.6862, -8.0291 ], [ 112.6769, -8.0257 ], [ 112.6754, -8.0277 ], [ 112.6722, -8.0245 ] ] ] ] } },
{ "type": "Feature", "properties": { "fid": 184, "GID_4": "IDN.11.22.29.10_1", "GID_0": "IDN", "COUNTRY": "Indonesia", "GID_1": "IDN.11_1", "NAME_1": "JawaTimur", "GID_2": "IDN.11.22_1", "NAME_2": "Malang", "GID_3": "IDN.11.22.29_1", "NAME_3": "Tumpang", "NAME_4": "Pandanajeng", "VARNAME_4": "NA", "TYPE_4": "Desa", "ENGTYPE_4": "Village", "CC_4": "3507240004", "padi_mean": 0.5, "jagung_mean": 0.5, "cabai_mean": 0.5, "tomat_mean": 0.5, "kentang_mean": 0.5, "wortel_mean": 0.80000001192092907, "tebu_mean": 0.0 }, "geometry": { "type": "MultiPolygon", "coordinates": [ [ [ [ 112.7153, -8.005 ], [ 112.7181, -8.002 ], [ 112.7206, -8.0036 ], [ 112.7214, -8.0024 ], [ 112.7281, -8.0042 ], [ 112.7295, -8.0025 ], [ 112.7319, -8.0049 ], [ 112.7333, -8.0095 ], [ 112.7305, -8.0134 ], [ 112.7293, -8.0221 ], [ 112.7272, -8.0244 ], [ 112.7176, -8.0228 ], [ 112.7186, -8.0179 ], [ 112.7141, -8.0164 ], [ 112.7127, -8.01 ], [ 112.7153, -8.005 ] ] ] ] } },
{ "type": "Feature", "properties": { "fid": 185, "GID_4": "IDN.11.22.31.1_1", "GID_0": "IDN", "COUNTRY": "Indonesia", "GID_1": "IDN.11_1", "NAME_1": "JawaTimur", "GID_2": "IDN.11.22_1", "NAME_2": "Malang", "GID_3": "IDN.11.22.31_1", "NAME_3": "Wagir", "NAME_4": "Dalisodo", "VARNAME_4": "NA", "TYPE_4": "Desa", "ENGTYPE_4": "Village", "CC_4": "3507210011", "padi_mean": 0.20000000298023224, "jagung_mean": 0.20000000298023224, "cabai_mean": 0.5, "tomat_mean": 0.33516609672517622, "kentang_mean": 0.77472317485383568, "wortel_mean": 0.40988927531255237, "tebu_mean": 0.0 }, "geometry": { "type": "MultiPolygon", "coordinates": [ [ [ [ 112.5226, -7.9854 ], [ 112.5203, -7.9841 ], [ 112.5209, -7.9822 ], [ 112.5176, -7.9808 ], [ 112.5177, -7.9786 ], [ 112.5199, -7.9727 ], [ 112.5275, -7.9719 ], [ 112.5264, -7.968 ], [ 112.5319, -7.9677 ], [ 112.5337, -7.9693 ], [ 112.5407, -7.968 ], [ 112.5538, -7.9747 ], [ 112.5629, -7.9746 ], [ 112.5673, -7.9765 ], [ 112.5661, -7.978 ], [ 112.5612, -7.9767 ], [ 112.5568, -7.9799 ], [ 112.5628, -7.9855 ], [ 112.5654, -7.9852 ], [ 112.5633, -7.9905 ], [ 112.5581, -7.9878 ], [ 112.5483, -7.9882 ], [ 112.5426, -7.9849 ], [ 112.5392, -7.9871 ], [ 112.5335, -7.9852 ], [ 112.5285, -7.987 ], [ 112.5226, -7.9854 ] ] ] ] } },
{ "type": "Feature", "properties": { "fid": 186, "GID_4": "IDN.11.22.31.2_1", "GID_0": "IDN", "COUNTRY": "Indonesia", "GID_1": "IDN.11_1", "NAME_1": "JawaTimur", "GID_2": "IDN.11.22_1", "NAME_2": "Malang", "GID_3": "IDN.11.22.31_1", "NAME_3": "Wagir", "NAME_4": "Gondowangi", "VARNAME_4": "NA", "TYPE_4": "Desa", "ENGTYPE_4": "Village", "CC_4": "3507210005", "padi_mean": 0.5, "jagung_mean": 0.30694178412368911, "cabai_mean": 0.5, "tomat_mean": 0.5, "kentang_mean": 0.5, "wortel_mean": 0.478236315597309, "tebu_mean": 0.1782363036763801 }, "geometry": { "type": "MultiPolygon", "coordinates": [ [ [ [ 112.5949, -8.0266 ], [ 112.5935, -8.0302 ], [ 112.5889, -8.0316 ], [ 112.5822, -8.0265 ], [ 112.5653, -8.019 ], [ 112.5683, -8.0179 ], [ 112.5712, -8.0116 ], [ 112.5698, -8.0104 ], [ 112.5719, -8.0085 ], [ 112.5824, -8.0071 ], [ 112.5874, -8.0097 ], [ 112.5915, -8.0087 ], [ 112.5918, -8.0105 ], [ 112.587, -8.0099 ], [ 112.5852, -8.018 ], [ 112.589, -8.0202 ], [ 112.5882, -8.0218 ], [ 112.5912, -8.0247 ], [ 112.5949, -8.0266 ] ] ] ] } },
{ "type": "Feature", "properties": { "fid": 187, "GID_4": "IDN.11.22.31.3_1", "GID_0": "IDN", "COUNTRY": "Indonesia", "GID_1": "IDN.11_1", "NAME_1": "JawaTimur", "GID_2": "IDN.11.22_1", "NAME_2": "Malang", "GID_3": "IDN.11.22.31_1", "NAME_3": "Wagir", "NAME_4": "Jedong", "VARNAME_4": "NA", "TYPE_4": "Desa", "ENGTYPE_4": "Village", "CC_4": "3507210010", "padi_mean": 0.27993740466662326, "jagung_mean": 0.27993740466662326, "cabai_mean": 0.5, "tomat_mean": 0.5, "kentang_mean": 0.5, "wortel_mean": 0.4332290160550919, "tebu_mean": 0.13322900413416294 }, "geometry": { "type": "MultiPolygon", "coordinates": [ [ [ [ 112.5782, -7.9848 ], [ 112.5829, -7.9873 ], [ 112.5885, -7.9853 ], [ 112.5913, -7.9861 ], [ 112.5891, -7.9923 ], [ 112.5904, -7.9945 ], [ 112.5899, -7.9993 ], [ 112.5866, -7.9997 ], [ 112.5742, -7.9905 ], [ 112.5695, -7.9924 ], [ 112.5643, -7.9913 ], [ 112.5654, -7.9852 ], [ 112.5628, -7.9855 ], [ 112.5568, -7.9799 ], [ 112.5612, -7.9767 ], [ 112.5665, -7.9774 ], [ 112.5782, -7.9848 ] ] ] ] } },
{ "type": "Feature", "properties": { "fid": 188, "GID_4": "IDN.11.22.31.4_1", "GID_0": "IDN", "COUNTRY": "Indonesia", "GID_1": "IDN.11_1", "NAME_1": "JawaTimur", "GID_2": "IDN.11.22_1", "NAME_2": "Malang", "GID_3": "IDN.11.22.31_1", "NAME_3": "Wagir", "NAME_4": "Mendalanwangi", "VARNAME_4": "NA", "TYPE_4": "Desa", "ENGTYPE_4": "Village", "CC_4": "3507210002", "padi_mean": 0.5, "jagung_mean": 0.42310107227946897, "cabai_mean": 0.5, "tomat_mean": 0.5, "kentang_mean": 0.5, "wortel_mean": 0.67183513111350679, "tebu_mean": 0.37183511919257783 }, "geometry": { "type": "MultiPolygon", "coordinates": [ [ [ [ 112.6029, -8.0431 ], [ 112.6017, -8.0454 ], [ 112.6034, -8.0486 ], [ 112.6015, -8.0486 ], [ 112.6003, -8.0505 ], [ 112.5996, -8.0491 ], [ 112.5974, -8.0513 ], [ 112.5981, -8.041 ], [ 112.594, -8.0387 ], [ 112.5936, -8.0359 ], [ 112.5877, -8.0348 ], [ 112.5698, -8.0246 ], [ 112.5649, -8.0236 ], [ 112.5645, -8.0201 ], [ 112.5662, -8.019 ], [ 112.5717, -8.021 ], [ 112.5889, -8.0316 ], [ 112.5935, -8.0302 ], [ 112.5949, -8.0266 ], [ 112.5998, -8.0283 ], [ 112.6037, -8.027 ], [ 112.6038, -8.0255 ], [ 112.6102, -8.0269 ], [ 112.6059, -8.0293 ], [ 112.6029, -8.0431 ] ] ] ] } },
{ "type": "Feature", "properties": { "fid": 189, "GID_4": "IDN.11.22.31.5_1", "GID_0": "IDN", "COUNTRY": "Indonesia", "GID_1": "IDN.11_1", "NAME_1": "JawaTimur", "GID_2": "IDN.11.22_1", "NAME_2": "Malang", "GID_3": "IDN.11.22.31_1", "NAME_3": "Wagir", "NAME_4": "Pandanlandung", "VARNAME_4": "NA", "TYPE_4": "Desa", "ENGTYPE_4": "Village", "CC_4": "3507210012", "padi_mean": 0.31552579390413377, "jagung_mean": 0.31552579390413377, "cabai_mean": 0.5, "tomat_mean": 0.5, "kentang_mean": 0.5, "wortel_mean": 0.49254299870684098, "tebu_mean": 0.19254298678591197 }, "geometry": { "type": "MultiPolygon", "coordinates": [ [ [ [ 112.591, -7.9731 ], [ 112.5894, -7.9752 ], [ 112.5984, -7.9796 ], [ 112.5977, -7.9812 ], [ 112.5993, -7.9818 ], [ 112.598, -7.9846 ], [ 112.5921, -7.9849 ], [ 112.5904, -7.9826 ], [ 112.5857, -7.9828 ], [ 112.5818, -7.9801 ], [ 112.5782, -7.9848 ], [ 112.5629, -7.9746 ], [ 112.5681, -7.9701 ], [ 112.5708, -7.9704 ], [ 112.573, -7.9675 ], [ 112.5791, -7.9682 ], [ 112.581, -7.9667 ], [ 112.591, -7.9731 ] ] ] ] } },
{ "type": "Feature", "properties": { "fid": 190, "GID_4": "IDN.11.22.31.6_1", "GID_0": "IDN", "COUNTRY": "Indonesia", "GID_1": "IDN.11_1", "NAME_1": "JawaTimur", "GID_2": "IDN.11.22_1", "NAME_2": "Malang", "GID_3": "IDN.11.22.31_1", "NAME_3": "Wagir", "NAME_4": "Pandanrejo", "VARNAME_4": "NA", "TYPE_4": "Desa", "ENGTYPE_4": "Village", "CC_4": "3507210006", "padi_mean": 0.5, "jagung_mean": 0.20000000298023227, "cabai_mean": 0.5, "tomat_mean": 0.5, "kentang_mean": 0.5, "wortel_mean": 0.30000001192092896, "tebu_mean": 0.0 }, "geometry": { "type": "MultiPolygon", "coordinates": [ [ [ [ 112.5719, -8.0085 ], [ 112.5685, -8.0151 ], [ 112.5642, -8.0161 ], [ 112.5549, -8.0144 ], [ 112.5534, -8.0106 ], [ 112.5571, -8.011 ], [ 112.5574, -8.0081 ], [ 112.5554, -8.0076 ], [ 112.5528, -8.0032 ], [ 112.5546, -8.0011 ], [ 112.5597, -8.001 ], [ 112.5635, -8.0042 ], [ 112.5703, -8.0059 ], [ 112.5719, -8.0085 ] ] ] ] } },
{ "type": "Feature", "properties": { "fid": 191, "GID_4": "IDN.11.22.31.7_1", "GID_0": "IDN", "COUNTRY": "Indonesia", "GID_1": "IDN.11_1", "NAME_1": "JawaTimur", "GID_2": "IDN.11.22_1", "NAME_2": "Malang", "GID_3": "IDN.11.22.31_1", "NAME_3": "Wagir", "NAME_4": "Parangargo", "VARNAME_4": "NA", "TYPE_4": "Desa", "ENGTYPE_4": "Village", "CC_4": "3507210004", "padi_mean": 0.5, "jagung_mean": 0.5, "cabai_mean": 0.5, "tomat_mean": 0.5, "kentang_mean": 0.5, "wortel_mean": 0.80000001192092896, "tebu_mean": 0.5 }, "geometry": { "type": "MultiPolygon", "coordinates": [ [ [ [ 112.5949, -8.0266 ], [ 112.5912, -8.0247 ], [ 112.5882, -8.0218 ], [ 112.589, -8.0202 ], [ 112.5854, -8.0184 ], [ 112.587, -8.0099 ], [ 112.5904, -8.0108 ], [ 112.5922, -8.0097 ], [ 112.5956, -8.0119 ], [ 112.602, -8.0123 ], [ 112.5981, -8.019 ], [ 112.5998, -8.0283 ], [ 112.5949, -8.0266 ] ] ] ] } },
{ "type": "Feature", "properties": { "fid": 192, "GID_4": "IDN.11.22.31.8_1", "GID_0": "IDN", "COUNTRY": "Indonesia", "GID_1": "IDN.11_1", "NAME_1": "JawaTimur", "GID_2": "IDN.11.22_1", "NAME_2": "Malang", "GID_3": "IDN.11.22.31_1", "NAME_3": "Wagir", "NAME_4": "Petungsewu", "VARNAME_4": "NA", "TYPE_4": "Desa", "ENGTYPE_4": "Village", "CC_4": "3507210007", "padi_mean": 0.29897770877412527, "jagung_mean": 0.20000000298023224, "cabai_mean": 0.5, "tomat_mean": 0.36918997180269558, "kentang_mean": 0.71801671582797544, "wortel_mean": 0.41434629596735845, "tebu_mean": 0.0 }, "geometry": { "type": "MultiPolygon", "coordinates": [ [ [ [ 112.5209, -7.9991 ], [ 112.5204, -7.9957 ], [ 112.5232, -7.9969 ], [ 112.5229, -7.9951 ], [ 112.519, -7.9946 ], [ 112.5147, -7.9915 ], [ 112.5139, -7.9877 ], [ 112.5249, -7.9909 ], [ 112.5287, -7.993 ], [ 112.5314, -7.9975 ], [ 112.5354, -7.9941 ], [ 112.5462, -7.9956 ], [ 112.5546, -8.0011 ], [ 112.553, -8.004 ], [ 112.5554, -8.0076 ], [ 112.5574, -8.0081 ], [ 112.5574, -8.0102 ], [ 112.5536, -8.01 ], [ 112.5533, -8.0113 ], [ 112.5412, -8.0068 ], [ 112.5389, -8.0045 ], [ 112.5209, -7.9991 ] ] ] ] } },
{ "type": "Feature", "properties": { "fid": 193, "GID_4": "IDN.11.22.31.9_1", "GID_0": "IDN", "COUNTRY": "Indonesia", "GID_1": "IDN.11_1", "NAME_1": "JawaTimur", "GID_2": "IDN.11.22_1", "NAME_2": "Malang", "GID_3": "IDN.11.22.31_1", "NAME_3": "Wagir", "NAME_4": "Sidorahayu", "VARNAME_4": "NA", "TYPE_4": "Desa", "ENGTYPE_4": "Village", "CC_4": "3507210009", "padi_mean": 0.4258476306742961, "jagung_mean": 0.41733085418007071, "cabai_mean": 0.5, "tomat_mean": 0.5, "kentang_mean": 0.5, "wortel_mean": 0.66221810085230659, "tebu_mean": 0.36221808893137758 }, "geometry": { "type": "MultiPolygon", "coordinates": [ [ [ [ 112.6008, -7.994 ], [ 112.597, -8.0062 ], [ 112.601, -8.0064 ], [ 112.6062, -8.0108 ], [ 112.6075, -8.0135 ], [ 112.6063, -8.0159 ], [ 112.6034, -8.0119 ], [ 112.5975, -8.0122 ], [ 112.5915, -8.0087 ], [ 112.588, -8.0098 ], [ 112.5838, -8.0084 ], [ 112.5824, -8.0071 ], [ 112.5858, -8.0059 ], [ 112.5839, -8.0033 ], [ 112.5691, -7.9959 ], [ 112.5696, -7.9923 ], [ 112.5742, -7.9905 ], [ 112.5884, -8.0002 ], [ 112.5899, -7.9993 ], [ 112.5901, -7.9928 ], [ 112.5985, -7.9961 ], [ 112.6002, -7.9915 ], [ 112.6008, -7.994 ] ] ] ] } },
{ "type": "Feature", "properties": { "fid": 194, "GID_4": "IDN.11.22.31.10_1", "GID_0": "IDN", "COUNTRY": "Indonesia", "GID_1": "IDN.11_1", "NAME_1": "JawaTimur", "GID_2": "IDN.11.22_1", "NAME_2": "Malang", "GID_3": "IDN.11.22.31_1", "NAME_3": "Wagir", "NAME_4": "Sitirejo", "VARNAME_4": "NA", "TYPE_4": "Desa", "ENGTYPE_4": "Village", "CC_4": "3507210003", "padi_mean": 0.5, "jagung_mean": 0.5, "cabai_mean": 0.5, "tomat_mean": 0.5, "kentang_mean": 0.5, "wortel_mean": 0.80000001192092896, "tebu_mean": 0.5 }, "geometry": { "type": "MultiPolygon", "coordinates": [ [ [ [ 112.6065, -8.0158 ], [ 112.6084, -8.0191 ], [ 112.6094, -8.0167 ], [ 112.6133, -8.0152 ], [ 112.616, -8.01 ], [ 112.6185, -8.0113 ], [ 112.6179, -8.0167 ], [ 112.6135, -8.0196 ], [ 112.6138, -8.0221 ], [ 112.6117, -8.022 ], [ 112.6123, -8.0245 ], [ 112.6102, -8.0269 ], [ 112.6038, -8.0255 ], [ 112.6037, -8.027 ], [ 112.5998, -8.0283 ], [ 112.5981, -8.019 ], [ 112.6005, -8.0165 ], [ 112.6008, -8.0128 ], [ 112.6034, -8.0119 ], [ 112.6065, -8.0158 ] ] ] ] } },
{ "type": "Feature", "properties": { "fid": 195, "GID_4": "IDN.11.22.31.11_1", "GID_0": "IDN", "COUNTRY": "Indonesia", "GID_1": "IDN.11_1", "NAME_1": "JawaTimur", "GID_2": "IDN.11.22_1", "NAME_2": "Malang", "GID_3": "IDN.11.22.31_1", "NAME_3": "Wagir", "NAME_4": "Sukodadi", "VARNAME_4": "NA", "TYPE_4": "Desa", "ENGTYPE_4": "Village", "CC_4": "3507210008", "padi_mean": 0.27163310928240947, "jagung_mean": 0.20231388860074637, "cabai_mean": 0.5, "tomat_mean": 0.42292011213109421, "kentang_mean": 0.62846648105770941, "wortel_mean": 0.35524307735363403, "tebu_mean": 0.0038564760725008857 }, "geometry": { "type": "MultiPolygon", "coordinates": [ [ [ [ 112.523, -7.9912 ], [ 112.521, -7.9865 ], [ 112.5222, -7.9854 ], [ 112.5285, -7.987 ], [ 112.5335, -7.9852 ], [ 112.5392, -7.9871 ], [ 112.5426, -7.9849 ], [ 112.5483, -7.9882 ], [ 112.5581, -7.9878 ], [ 112.5699, -7.9926 ], [ 112.5693, -7.9963 ], [ 112.5839, -8.0033 ], [ 112.5858, -8.0059 ], [ 112.5719, -8.0085 ], [ 112.5703, -8.0059 ], [ 112.5635, -8.0042 ], [ 112.5597, -8.001 ], [ 112.5546, -8.0011 ], [ 112.543, -7.9944 ], [ 112.5354, -7.9941 ], [ 112.5314, -7.9975 ], [ 112.5287, -7.993 ], [ 112.523, -7.9912 ] ] ] ] } },
{ "type": "Feature", "properties": { "fid": 196, "GID_4": "IDN.11.22.31.12_1", "GID_0": "IDN", "COUNTRY": "Indonesia", "GID_1": "IDN.11_1", "NAME_1": "JawaTimur", "GID_2": "IDN.11.22_1", "NAME_2": "Malang", "GID_3": "IDN.11.22.31_1", "NAME_3": "Wagir", "NAME_4": "Sumbersuko", "VARNAME_4": "NA", "TYPE_4": "Desa", "ENGTYPE_4": "Village", "CC_4": "3507210001", "padi_mean": 0.25925541064735236, "jagung_mean": 0.16258865423912736, "cabai_mean": 0.40647162954091914, "tomat_mean": 0.37426689297005633, "kentang_mean": 0.64720293194372769, "wortel_mean": 0.43555549892884315, "tebu_mean": 0.0 }, "geometry": { "type": "MultiPolygon", "coordinates": [ [ [ [ 112.4806, -7.9756 ], [ 112.4892, -7.9752 ], [ 112.4943, -7.9772 ], [ 112.5003, -7.9836 ], [ 112.5026, -7.992 ], [ 112.5042, -7.993 ], [ 112.509, -7.9914 ], [ 112.5109, -7.9972 ], [ 112.5128, -7.9974 ], [ 112.5135, -7.9954 ], [ 112.516, -7.9982 ], [ 112.5176, -7.9975 ], [ 112.5389, -8.0045 ], [ 112.5412, -8.0068 ], [ 112.5527, -8.0105 ], [ 112.5549, -8.0144 ], [ 112.5642, -8.0161 ], [ 112.5686, -8.0151 ], [ 112.5683, -8.0179 ], [ 112.5645, -8.0201 ], [ 112.5635, -8.0281 ], [ 112.5564, -8.0325 ], [ 112.5426, -8.0202 ], [ 112.5409, -8.0202 ], [ 112.5405, -8.0221 ], [ 112.5428, -8.0263 ], [ 112.5343, -8.0215 ], [ 112.5219, -8.0078 ], [ 112.5171, -8.0094 ], [ 112.5112, -8.0062 ], [ 112.5091, -8.0079 ], [ 112.5062, -8.007 ], [ 112.5053, -8.0044 ], [ 112.5072, -8.0023 ], [ 112.5001, -7.9997 ], [ 112.4978, -7.9959 ], [ 112.4943, -7.9956 ], [ 112.489, -7.9855 ], [ 112.4806, -7.9756 ] ] ] ] } },
{ "type": "Feature", "properties": { "fid": 197, "GID_4": "IDN.11.22.32.7_1", "GID_0": "IDN", "COUNTRY": "Indonesia", "GID_1": "IDN.11_1", "NAME_1": "JawaTimur", "GID_2": "IDN.11.22_1", "NAME_2": "Malang", "GID_3": "IDN.11.22.32_1", "NAME_3": "Wajak", "NAME_4": "Ngembal", "VARNAME_4": "NA", "TYPE_4": "Desa", "ENGTYPE_4": "Village", "CC_4": "3507110013", "padi_mean": 0.5, "jagung_mean": 0.5, "cabai_mean": 0.5, "tomat_mean": 0.5, "kentang_mean": 0.5, "wortel_mean": 0.80000001192092907, "tebu_mean": 0.0 }, "geometry": { "type": "MultiPolygon", "coordinates": [ [ [ [ 112.7384, -8.08 ], [ 112.7383, -8.0821 ], [ 112.7352, -8.0828 ], [ 112.7357, -8.0788 ], [ 112.7384, -8.08 ] ] ], [ [ [ 112.7289, -8.0698 ], [ 112.7312, -8.0706 ], [ 112.73, -8.0776 ], [ 112.7345, -8.0794 ], [ 112.7334, -8.0821 ], [ 112.7271, -8.0803 ], [ 112.7241, -8.0815 ], [ 112.7247, -8.0761 ], [ 112.7181, -8.0746 ], [ 112.7102, -8.0672 ], [ 112.7128, -8.0639 ], [ 112.7235, -8.0601 ], [ 112.7283, -8.0604 ], [ 112.7289, -8.0698 ] ] ] ] } },
{ "type": "Feature", "properties": { "fid": 198, "GID_4": "IDN.11.4.2.2_1", "GID_0": "IDN", "COUNTRY": "Indonesia", "GID_1": "IDN.11_1", "NAME_1": "JawaTimur", "GID_2": "IDN.11.4_1", "NAME_2": "Blitar", "GID_3": "IDN.11.4.2_1", "NAME_3": "Binangun", "NAME_4": "Birowo", "VARNAME_4": "NA", "TYPE_4": "Desa", "ENGTYPE_4": "Village", "CC_4": "3505050004", "padi_mean": 0.5, "jagung_mean": 0.75610153278872394, "cabai_mean": 0.5, "tomat_mean": 0.5, "kentang_mean": 0.5, "wortel_mean": 0.5, "tebu_mean": 0.5 }, "geometry": { "type": "MultiPolygon", "coordinates": [ [ [ [ 112.363066522391406, -8.231976767684385 ], [ 112.366055417487559, -8.225995235898202 ], [ 112.367812103998943, -8.224286760748697 ], [ 112.366263808419873, -8.220382197863746 ], [ 112.366163632508844, -8.218530448855496 ], [ 112.364240463314431, -8.214856372254568 ], [ 112.3671, -8.2146 ], [ 112.3687, -8.2041 ], [ 112.3708, -8.2018 ], [ 112.3747, -8.2027 ], [ 112.3769, -8.1971 ], [ 112.3798, -8.1994 ], [ 112.3842, -8.1996 ], [ 112.3857, -8.1982 ], [ 112.3866, -8.201 ], [ 112.3851, -8.2057 ], [ 112.3828, -8.2079 ], [ 112.3825, -8.2067 ], [ 112.378, -8.2064 ], [ 112.3753, -8.2181 ], [ 112.3828, -8.2302 ], [ 112.3841, -8.2374 ], [ 112.3814, -8.238 ], [ 112.3782, -8.2359 ], [ 112.3689, -8.2377 ], [ 112.362863851484406, -8.232642686378822 ], [ 112.363066522391406, -8.231976767684385 ] ] ] ] } },
{ "type": "Feature", "properties": { "fid": 199, "GID_4": "IDN.11.4.2.5_1", "GID_0": "IDN", "COUNTRY": "Indonesia", "GID_1": "IDN.11_1", "NAME_1": "JawaTimur", "GID_2": "IDN.11.4_1", "NAME_2": "Blitar", "GID_3": "IDN.11.4.2_1", "NAME_3": "Binangun", "NAME_4": "Ngadri", "VARNAME_4": "NA", "TYPE_4": "Desa", "ENGTYPE_4": "Village", "CC_4": "3505050006", "padi_mean": 0.5, "jagung_mean": 1.0, "cabai_mean": 0.5, "tomat_mean": 0.5, "kentang_mean": 0.5, "wortel_mean": 0.5, "tebu_mean": 0.5 }, "geometry": { "type": "MultiPolygon", "coordinates": [ [ [ [ 112.3857, -8.1982 ], [ 112.3842, -8.1996 ], [ 112.3798, -8.1994 ], [ 112.375, -8.1955 ], [ 112.3689, -8.1948 ], [ 112.3576, -8.197 ], [ 112.3559, -8.1914 ], [ 112.3582, -8.1863 ], [ 112.3545, -8.1836 ], [ 112.3595, -8.1713 ], [ 112.3604, -8.1746 ], [ 112.366, -8.1755 ], [ 112.3668, -8.1833 ], [ 112.3774, -8.1874 ], [ 112.3822, -8.1919 ], [ 112.3853, -8.1923 ], [ 112.3857, -8.1982 ] ] ] ] } },
{ "type": "Feature", "properties": { "fid": 200, "GID_4": "IDN.11.4.2.6_1", "GID_0": "IDN", "COUNTRY": "Indonesia", "GID_1": "IDN.11_1", "NAME_1": "JawaTimur", "GID_2": "IDN.11.4_1", "NAME_2": "Blitar", "GID_3": "IDN.11.4.2_1", "NAME_3": "Binangun", "NAME_4": "Ngembul", "VARNAME_4": "NA", "TYPE_4": "Desa", "ENGTYPE_4": "Village", "CC_4": "3505050011", "padi_mean": 0.5, "jagung_mean": 1.0, "cabai_mean": 0.5, "tomat_mean": 0.5, "kentang_mean": 0.5, "wortel_mean": 0.5, "tebu_mean": 0.5 }, "geometry": { "type": "MultiPolygon", "coordinates": [ [ [ [ 112.3481, -8.1865 ], [ 112.347430264525798, -8.18713252794786 ], [ 112.346988285406084, -8.185626509961928 ], [ 112.3481, -8.1865 ] ] ], [ [ [ 112.3482, -8.178 ], [ 112.3504, -8.1823 ], [ 112.346893811257061, -8.185237617595435 ], [ 112.346148569237641, -8.177971507906079 ], [ 112.3482, -8.178 ] ] ] ] } },
{ "type": "Feature", "properties": { "fid": 201, "GID_4": "IDN.11.4.2.9_1", "GID_0": "IDN", "COUNTRY": "Indonesia", "GID_1": "IDN.11_1", "NAME_1": "JawaTimur", "GID_2": "IDN.11.4_1", "NAME_2": "Blitar", "GID_3": "IDN.11.4.2_1", "NAME_3": "Binangun", "NAME_4": "Sambigede", "VARNAME_4": "NA", "TYPE_4": "Desa", "ENGTYPE_4": "Village", "CC_4": "3505050007", "padi_mean": 0.5, "jagung_mean": 1.0, "cabai_mean": 0.5, "tomat_mean": 0.5, "kentang_mean": 0.5, "wortel_mean": 0.5, "tebu_mean": 0.5 }, "geometry": { "type": "MultiPolygon", "coordinates": [ [ [ [ 112.364059278156191, -8.214510231024622 ], [ 112.362938419681242, -8.209039076744052 ], [ 112.363374058089917, -8.203471305910091 ], [ 112.363391219476597, -8.203425468024578 ], [ 112.359585055036405, -8.201953272344882 ], [ 112.353379715479122, -8.198128889485686 ], [ 112.352033366504443, -8.196365066235744 ], [ 112.3561, -8.1971 ], [ 112.3693, -8.1949 ], [ 112.3777, -8.197 ], [ 112.3747, -8.2027 ], [ 112.3708, -8.2018 ], [ 112.3687, -8.2041 ], [ 112.3672, -8.2146 ], [ 112.364244038330753, -8.214863202066439 ], [ 112.364059278156191, -8.214510231024622 ] ] ] ] } },
{ "type": "Feature", "properties": { "fid": 202, "GID_4": "IDN.11.4.2.10_1", "GID_0": "IDN", "COUNTRY": "Indonesia", "GID_1": "IDN.11_1", "NAME_1": "JawaTimur", "GID_2": "IDN.11.4_1", "NAME_2": "Blitar", "GID_3": "IDN.11.4.2_1", "NAME_3": "Binangun", "NAME_4": "Sukorame", "VARNAME_4": "NA", "TYPE_4": "Desa", "ENGTYPE_4": "Village", "CC_4": "3505050005", "padi_mean": 0.5, "jagung_mean": 0.5152371625370048, "cabai_mean": 0.5, "tomat_mean": 0.5, "kentang_mean": 0.5, "wortel_mean": 0.5, "tebu_mean": 0.5 }, "geometry": { "type": "MultiPolygon", "coordinates": [ [ [ [ 112.3841, -8.2374 ], [ 112.3828, -8.2302 ], [ 112.3753, -8.2183 ], [ 112.378, -8.2064 ], [ 112.3826, -8.2067 ], [ 112.3862, -8.2124 ], [ 112.3858, -8.2161 ], [ 112.39, -8.2178 ], [ 112.3934, -8.2279 ], [ 112.3928, -8.2321 ], [ 112.3896, -8.2354 ], [ 112.3841, -8.2374 ] ] ] ] } },
{ "type": "Feature", "properties": { "fid": 203, "GID_4": "IDN.11.4.2.12_1", "GID_0": "IDN", "COUNTRY": "Indonesia", "GID_1": "IDN.11_1", "NAME_1": "JawaTimur", "GID_2": "IDN.11.4_1", "NAME_2": "Blitar", "GID_3": "IDN.11.4.2_1", "NAME_3": "Binangun", "NAME_4": "TawangRejo", "VARNAME_4": "NA", "TYPE_4": "Desa", "ENGTYPE_4": "Village", "CC_4": "3505050010", "padi_mean": 0.5, "jagung_mean": 1.0, "cabai_mean": 0.5, "tomat_mean": 0.5, "kentang_mean": 0.5, "wortel_mean": 0.5, "tebu_mean": 0.5 }, "geometry": { "type": "MultiPolygon", "coordinates": [ [ [ [ 112.346104371227781, -8.177540577309966 ], [ 112.346539746350672, -8.170884967182781 ], [ 112.349139427524918, -8.164742625979706 ], [ 112.34949697825661, -8.164347434802474 ], [ 112.3494, -8.1648 ], [ 112.3517, -8.1678 ], [ 112.3572, -8.1679 ], [ 112.3597, -8.1712 ], [ 112.3569, -8.1771 ], [ 112.3475, -8.1744 ], [ 112.3463, -8.1769 ], [ 112.3482, -8.178 ], [ 112.346148569237641, -8.177971507906079 ], [ 112.346104371227781, -8.177540577309966 ] ] ] ] } },
{ "type": "Feature", "properties": { "fid": 204, "GID_4": "IDN.11.4.2.13_1", "GID_0": "IDN", "COUNTRY": "Indonesia", "GID_1": "IDN.11_1", "NAME_1": "JawaTimur", "GID_2": "IDN.11.4_1", "NAME_2": "Blitar", "GID_3": "IDN.11.4.2_1", "NAME_3": "Binangun", "NAME_4": "UmbulDamar", "VARNAME_4": "NA", "TYPE_4": "Desa", "ENGTYPE_4": "Village", "CC_4": "3505050009", "padi_mean": 0.5, "jagung_mean": 1.0, "cabai_mean": 0.5, "tomat_mean": 0.5, "kentang_mean": 0.5, "wortel_mean": 0.5, "tebu_mean": 0.5 }, "geometry": { "type": "MultiPolygon", "coordinates": [ [ [ [ 112.348956997121718, -8.19233477992459 ], [ 112.347430264525798, -8.18713252794786 ], [ 112.3481, -8.1865 ], [ 112.346988285406084, -8.185626509961928 ], [ 112.34690437122778, -8.185340577309965 ], [ 112.346893811257061, -8.185237617595435 ], [ 112.3504, -8.1823 ], [ 112.3464, -8.1757 ], [ 112.3475, -8.1744 ], [ 112.3569, -8.1771 ], [ 112.3545, -8.1836 ], [ 112.3582, -8.1863 ], [ 112.3559, -8.1914 ], [ 112.3576, -8.197 ], [ 112.351677949490778, -8.195899441940764 ], [ 112.348956997121718, -8.19233477992459 ] ] ] ] } },
{ "type": "Feature", "properties": { "fid": 205, "GID_4": "IDN.11.4.3.5_1", "GID_0": "IDN", "COUNTRY": "Indonesia", "GID_1": "IDN.11_1", "NAME_1": "JawaTimur", "GID_2": "IDN.11.4_1", "NAME_2": "Blitar", "GID_3": "IDN.11.4.3_1", "NAME_3": "Doko", "NAME_4": "Kalimanis", "VARNAME_4": "NA", "TYPE_4": "Desa", "ENGTYPE_4": "Village", "CC_4": "3505130010", "padi_mean": 0.5, "jagung_mean": 0.5, "cabai_mean": 0.5, "tomat_mean": 0.5, "kentang_mean": 0.5, "wortel_mean": 0.30000001192092896, "tebu_mean": 0.0 }, "geometry": { "type": "MultiPolygon", "coordinates": [ [ [ [ 112.434357637592512, -8.066306123318959 ], [ 112.434470645668696, -8.063157825157282 ], [ 112.434282454860664, -8.062775327041559 ], [ 112.433698376214892, -8.058603415548003 ], [ 112.4337, -8.0586 ], [ 112.433952236353505, -8.053471194145278 ], [ 112.434532267326716, -8.050266097395236 ], [ 112.437518040682164, -8.044763669728056 ], [ 112.440143951718454, -8.032509418225384 ], [ 112.443360642734703, -8.025166336048022 ], [ 112.443843341535725, -8.024482512746573 ], [ 112.443651405370517, -8.022601538327589 ], [ 112.4452, -8.018 ], [ 112.4545, -8.0176 ], [ 112.454, -8.0213 ], [ 112.4488, -8.033 ], [ 112.4421, -8.0429 ], [ 112.4366, -8.0475 ], [ 112.435, -8.0518 ], [ 112.4354, -8.0671 ], [ 112.4379, -8.0714 ], [ 112.435904034599929, -8.071542568957149 ], [ 112.434357637592512, -8.066306123318959 ] ] ] ] } },
{ "type": "Feature", "properties": { "fid": 206, "GID_4": "IDN.11.4.3.7_1", "GID_0": "IDN", "COUNTRY": "Indonesia", "GID_1": "IDN.11_1", "NAME_1": "JawaTimur", "GID_2": "IDN.11.4_1", "NAME_2": "Blitar", "GID_3": "IDN.11.4.3_1", "NAME_3": "Doko", "NAME_4": "Resapombo", "VARNAME_4": "NA", "TYPE_4": "Desa", "ENGTYPE_4": "Village", "CC_4": "3505130009", "padi_mean": null, "jagung_mean": null, "cabai_mean": null, "tomat_mean": null, "kentang_mean": null, "wortel_mean": null, "tebu_mean": null }, "geometry": { "type": "MultiPolygon", "coordinates": [ [ [ [ 112.443103317149365, -8.017230273760278 ], [ 112.443288326831961, -8.013461039820253 ], [ 112.4475, -8.0137 ], [ 112.443543245195514, -8.02154156861252 ], [ 112.443103317149365, -8.017230273760278 ] ] ] ] } },
{ "type": "Feature", "properties": { "fid": 207, "GID_4": "IDN.11.4.4.5_1", "GID_0": "IDN", "COUNTRY": "Indonesia", "GID_1": "IDN.11_1", "NAME_1": "JawaTimur", "GID_2": "IDN.11.4_1", "NAME_2": "Blitar", "GID_3": "IDN.11.4.4_1", "NAME_3": "Gandusari", "NAME_4": "Hutan", "VARNAME_4": "NA", "TYPE_4": "Desa", "ENGTYPE_4": "Village", "CC_4": "3505150999", "padi_mean": 0.11874641423537831, "jagung_mean": 0.11874641423537831, "cabai_mean": 0.29686603116479721, "tomat_mean": 0.29686603116479721, "kentang_mean": 0.70313396883520285, "wortel_mean": 0.62188038614421293, "tebu_mean": 0.0 }, "geometry": { "type": "MultiPolygon", "coordinates": [ [ [ [ 112.4219, -7.9472 ], [ 112.4116, -7.9479 ], [ 112.4064, -7.9509 ], [ 112.3979, -7.9513 ], [ 112.3948, -7.9529 ], [ 112.3811, -7.9528 ], [ 112.3761, -7.9549 ], [ 112.3736, -7.9538 ], [ 112.3779, -7.95 ], [ 112.3848, -7.9483 ], [ 112.3909, -7.9444 ], [ 112.3952, -7.9397 ], [ 112.4031, -7.9346 ], [ 112.4103, -7.9346 ], [ 112.4199, -7.9298 ], [ 112.4242, -7.9252 ], [ 112.4325, -7.9204 ], [ 112.4338, -7.9344 ], [ 112.4327, -7.9378 ], [ 112.4219, -7.9472 ] ] ] ] } },
{ "type": "Feature", "properties": { "fid": 208, "GID_4": "IDN.11.4.4.7_1", "GID_0": "IDN", "COUNTRY": "Indonesia", "GID_1": "IDN.11_1", "NAME_1": "JawaTimur", "GID_2": "IDN.11.4_1", "NAME_2": "Blitar", "GID_3": "IDN.11.4.4_1", "NAME_3": "Gandusari", "NAME_4": "Krisik", "VARNAME_4": "NA", "TYPE_4": "Desa", "ENGTYPE_4": "Village", "CC_4": "3505150014", "padi_mean": 0.19240920934447825, "jagung_mean": 0.19220037549379251, "cabai_mean": 0.48102301619339416, "tomat_mean": 0.48070976542514521, "kentang_mean": 0.51949906842554072, "wortel_mean": 0.51138619073641012, "tebu_mean": 0.0 }, "geometry": { "type": "MultiPolygon", "coordinates": [ [ [ [ 112.419244271910017, -7.952488543819995 ], [ 112.4103, -7.9546 ], [ 112.409756947078691, -7.9546 ], [ 112.396785997162539, -7.964310492560179 ], [ 112.389714933403766, -7.967686681759303 ], [ 112.389483141865242, -7.967745445811325 ], [ 112.388833014646991, -7.968684795886253 ], [ 112.3888, -7.9687 ], [ 112.387045819209263, -7.970294709809758 ], [ 112.383541837258107, -7.9729770686333 ], [ 112.380041837258119, -7.9748770686333 ], [ 112.376959992340758, -7.976039995139324 ], [ 112.3728, -7.9734 ], [ 112.3719, -7.9703 ], [ 112.3696, -7.9699 ], [ 112.3645, -7.97 ], [ 112.3627, -7.9739 ], [ 112.361, -7.9743 ], [ 112.3576, -7.9673 ], [ 112.3506, -7.9613 ], [ 112.3433, -7.9493 ], [ 112.34, -7.9481 ], [ 112.3402, -7.9456 ], [ 112.3333, -7.9413 ], [ 112.333, -7.9381 ], [ 112.3413, -7.9394 ], [ 112.3433, -7.9436 ], [ 112.3482, -7.9464 ], [ 112.3604, -7.948 ], [ 112.3603, -7.9501 ], [ 112.3632, -7.9502 ], [ 112.3648, -7.9554 ], [ 112.3705, -7.9573 ], [ 112.3744, -7.9549 ], [ 112.3811, -7.9528 ], [ 112.3948, -7.9529 ], [ 112.3979, -7.9513 ], [ 112.4064, -7.9509 ], [ 112.4116, -7.9479 ], [ 112.4219, -7.9472 ], [ 112.419503280956661, -7.952359039296675 ], [ 112.419244271910017, -7.952488543819995 ] ] ] ] } },
{ "type": "Feature", "properties": { "fid": 209, "GID_4": "IDN.11.4.4.8_1", "GID_0": "IDN", "COUNTRY": "Indonesia", "GID_1": "IDN.11_1", "NAME_1": "JawaTimur", "GID_2": "IDN.11.4_1", "NAME_2": "Blitar", "GID_3": "IDN.11.4.4_1", "NAME_3": "Gandusari", "NAME_4": "Ngaringan", "VARNAME_4": "NA", "TYPE_4": "Desa", "ENGTYPE_4": "Village", "CC_4": "3505150009", "padi_mean": 0.20000000298023227, "jagung_mean": 0.0, "cabai_mean": 0.5, "tomat_mean": 0.20000000298023227, "kentang_mean": 1.0, "wortel_mean": 0.5, "tebu_mean": 0.0 }, "geometry": { "type": "MultiPolygon", "coordinates": [ [ [ [ 112.311201491108818, -7.950616376276134 ], [ 112.308033244439997, -7.949982726942371 ], [ 112.3133, -7.9357 ], [ 112.3144, -7.9464 ], [ 112.3169, -7.9485 ], [ 112.319, -7.9535 ], [ 112.319033599393194, -7.953911592566508 ], [ 112.311201491108818, -7.950616376276134 ] ] ] ] } },
{ "type": "Feature", "properties": { "fid": 210, "GID_4": "IDN.11.4.4.10_1", "GID_0": "IDN", "COUNTRY": "Indonesia", "GID_1": "IDN.11_1", "NAME_1": "JawaTimur", "GID_2": "IDN.11.4_1", "NAME_2": "Blitar", "GID_3": "IDN.11.4.4_1", "NAME_3": "Gandusari", "NAME_4": "Slumbung", "VARNAME_4": "NA", "TYPE_4": "Desa", "ENGTYPE_4": "Village", "CC_4": "3505150011", "padi_mean": 0.20000000298023224, "jagung_mean": 0.0, "cabai_mean": 0.5, "tomat_mean": 0.20000000298023224, "kentang_mean": 1.0, "wortel_mean": 0.5, "tebu_mean": 0.0 }, "geometry": { "type": "MultiPolygon", "coordinates": [ [ [ [ 112.325743885561749, -7.956734822722794 ], [ 112.318965674460941, -7.953883014393796 ], [ 112.3189, -7.9532 ], [ 112.3144, -7.9464 ], [ 112.313, -7.9385 ], [ 112.316, -7.9314 ], [ 112.3264, -7.9359 ], [ 112.3254, -7.942 ], [ 112.3221, -7.9441 ], [ 112.3204, -7.9493 ], [ 112.3216, -7.9517 ], [ 112.3266, -7.9538 ], [ 112.328017555380143, -7.957362062237277 ], [ 112.325743885561749, -7.956734822722794 ] ] ] ] } },
{ "type": "Feature", "properties": { "fid": 211, "GID_4": "IDN.11.4.4.15_1", "GID_0": "IDN", "COUNTRY": "Indonesia", "GID_1": "IDN.11_1", "NAME_1": "JawaTimur", "GID_2": "IDN.11.4_1", "NAME_2": "Blitar", "GID_3": "IDN.11.4.4_1", "NAME_3": "Gandusari", "NAME_4": "Tulungrejo", "VARNAME_4": "NA", "TYPE_4": "Desa", "ENGTYPE_4": "Village", "CC_4": "3505150013", "padi_mean": 0.20000000298023224, "jagung_mean": 0.089358697853200053, "cabai_mean": 0.5, "tomat_mean": 0.33403804643116142, "kentang_mean": 0.77660325869587066, "wortel_mean": 0.5, "tebu_mean": 0.0 }, "geometry": { "type": "MultiPolygon", "coordinates": [ [ [ [ 112.387045819209263, -7.970294709809758 ], [ 112.3888, -7.9687 ], [ 112.388833014646991, -7.968684795886253 ], [ 112.38847711045733, -7.969199031589433 ], [ 112.387045819209263, -7.970294709809758 ] ] ], [ [ [ 112.369525996137455, -7.977276268832686 ], [ 112.364175444679674, -7.976273665961012 ], [ 112.358475444679669, -7.974373665961012 ], [ 112.35287856955955, -7.97145862684832 ], [ 112.348468546279932, -7.96694485250617 ], [ 112.34804111894438, -7.966075431174229 ], [ 112.342010593060493, -7.964975267668385 ], [ 112.334964069672608, -7.962237443315645 ], [ 112.330462445503272, -7.958036536464536 ], [ 112.328017555380143, -7.957362062237277 ], [ 112.3266, -7.9538 ], [ 112.3216, -7.9517 ], [ 112.3204, -7.9493 ], [ 112.3221, -7.9441 ], [ 112.3254, -7.942 ], [ 112.3264, -7.9359 ], [ 112.333, -7.9381 ], [ 112.3333, -7.9413 ], [ 112.3402, -7.9456 ], [ 112.34, -7.9481 ], [ 112.3433, -7.9493 ], [ 112.3506, -7.9613 ], [ 112.3576, -7.9673 ], [ 112.3614, -7.9745 ], [ 112.3645, -7.97 ], [ 112.3696, -7.9699 ], [ 112.3719, -7.9703 ], [ 112.3752, -7.9754 ], [ 112.377211975330837, -7.975944909985434 ], [ 112.374948705730077, -7.976798949133922 ], [ 112.369525996137455, -7.977276268832686 ] ] ] ] } },
{ "type": "Feature", "properties": { "fid": 212, "GID_4": "IDN.11.4.5.3_1", "GID_0": "IDN", "COUNTRY": "Indonesia", "GID_1": "IDN.11_1", "NAME_1": "JawaTimur", "GID_2": "IDN.11.4_1", "NAME_2": "Blitar", "GID_3": "IDN.11.4.5_1", "NAME_3": "Garum", "NAME_4": "Karangrejo", "VARNAME_4": "NA", "TYPE_4": "Desa", "ENGTYPE_4": "Village", "CC_4": "3505160009", "padi_mean": 0.20000000298023224, "jagung_mean": 0.0, "cabai_mean": 0.5, "tomat_mean": 0.20000000298023224, "kentang_mean": 1.0, "wortel_mean": 0.5, "tebu_mean": 0.0 }, "geometry": { "type": "MultiPolygon", "coordinates": [ [ [ [ 112.30267767729724, -7.948911613513817 ], [ 112.300168845224476, -7.947959001977014 ], [ 112.3025, -7.943 ], [ 112.2989, -7.9371 ], [ 112.3045, -7.9297 ], [ 112.316, -7.9314 ], [ 112.3121, -7.9372 ], [ 112.308252053380841, -7.950026488730538 ], [ 112.30267767729724, -7.948911613513817 ] ] ] ] } },
{ "type": "Feature", "properties": { "fid": 213, "GID_4": "IDN.11.4.8.1_1", "GID_0": "IDN", "COUNTRY": "Indonesia", "GID_1": "IDN.11_1", "NAME_1": "JawaTimur", "GID_2": "IDN.11.4_1", "NAME_2": "Blitar", "GID_3": "IDN.11.4.8_1", "NAME_3": "Kesamben", "NAME_4": "Bumirejo", "VARNAME_4": "NA", "TYPE_4": "Desa", "ENGTYPE_4": "Village", "CC_4": "3505110010", "padi_mean": 0.5, "jagung_mean": 0.5, "cabai_mean": 0.5, "tomat_mean": 0.5, "kentang_mean": 0.5, "wortel_mean": 0.30000001192092896, "tebu_mean": 0.0 }, "geometry": { "type": "MultiPolygon", "coordinates": [ [ [ [ 112.433403986917099, -8.056500674583424 ], [ 112.433674381442842, -8.055006546414871 ], [ 112.433615466396986, -8.058011213753424 ], [ 112.433403986917099, -8.056500674583424 ] ] ] ] } },
{ "type": "Feature", "properties": { "fid": 214, "GID_4": "IDN.11.4.8.2_1", "GID_0": "IDN", "COUNTRY": "Indonesia", "GID_1": "IDN.11_1", "NAME_1": "JawaTimur", "GID_2": "IDN.11.4_1", "NAME_2": "Blitar", "GID_3": "IDN.11.4.8_1", "NAME_3": "Kesamben", "NAME_4": "Jugo", "VARNAME_4": "NA", "TYPE_4": "Desa", "ENGTYPE_4": "Village", "CC_4": "3505110002", "padi_mean": 0.5, "jagung_mean": 1.0, "cabai_mean": 0.5, "tomat_mean": 0.5, "kentang_mean": 0.5, "wortel_mean": 0.5, "tebu_mean": 0.5 }, "geometry": { "type": "MultiPolygon", "coordinates": [ [ [ [ 112.353614286674457, -8.159796684890843 ], [ 112.360513782693218, -8.154354828876043 ], [ 112.3606, -8.1572 ], [ 112.3734, -8.1613 ], [ 112.3762, -8.1592 ], [ 112.3803, -8.1591 ], [ 112.3806, -8.1496 ], [ 112.3862, -8.1506 ], [ 112.39, -8.1448 ], [ 112.390617662907232, -8.141992441330736 ], [ 112.391124064318049, -8.141965788624903 ], [ 112.3912, -8.1488 ], [ 112.3888, -8.1557 ], [ 112.3899, -8.1622 ], [ 112.3801, -8.1706 ], [ 112.3731, -8.1699 ], [ 112.364, -8.1761 ], [ 112.3604, -8.1746 ], [ 112.3572, -8.1679 ], [ 112.3517, -8.1678 ], [ 112.349963778315143, -8.163831493291774 ], [ 112.353614286674457, -8.159796684890843 ] ] ] ] } },
{ "type": "Feature", "properties": { "fid": 215, "GID_4": "IDN.11.4.8.4_1", "GID_0": "IDN", "COUNTRY": "Indonesia", "GID_1": "IDN.11_1", "NAME_1": "JawaTimur", "GID_2": "IDN.11.4_1", "NAME_2": "Blitar", "GID_3": "IDN.11.4.8_1", "NAME_3": "Kesamben", "NAME_4": "Kesamben", "VARNAME_4": "NA", "TYPE_4": "Desa", "ENGTYPE_4": "Village", "CC_4": "3505110003", "padi_mean": null, "jagung_mean": null, "cabai_mean": null, "tomat_mean": null, "kentang_mean": null, "wortel_mean": null, "tebu_mean": null }, "geometry": { "type": "MultiPolygon", "coordinates": [ [ [ [ 112.36545731891043, -8.151417861980734 ], [ 112.370777721531482, -8.150035281962367 ], [ 112.370782309716674, -8.150035380566644 ], [ 112.3684, -8.1548 ], [ 112.3671, -8.1534 ], [ 112.361327711853363, -8.153837294556563 ], [ 112.36545731891043, -8.151417861980734 ] ] ] ] } },
{ "type": "Feature", "properties": { "fid": 216, "GID_4": "IDN.11.4.8.5_1", "GID_0": "IDN", "COUNTRY": "Indonesia", "GID_1": "IDN.11_1", "NAME_1": "JawaTimur", "GID_2": "IDN.11.4_1", "NAME_2": "Blitar", "GID_3": "IDN.11.4.8_1", "NAME_3": "Kesamben", "NAME_4": "Pagergunung", "VARNAME_4": "NA", "TYPE_4": "Desa", "ENGTYPE_4": "Village", "CC_4": "3505110004", "padi_mean": 0.5, "jagung_mean": 1.0, "cabai_mean": 0.5, "tomat_mean": 0.5, "kentang_mean": 0.5, "wortel_mean": 0.5, "tebu_mean": 0.5 }, "geometry": { "type": "MultiPolygon", "coordinates": [ [ [ [ 112.362074107807871, -8.1534 ], [ 112.3671, -8.1534 ], [ 112.3684, -8.1548 ], [ 112.370737516138163, -8.150045729888472 ], [ 112.370777721531482, -8.150035281962367 ], [ 112.374312776005738, -8.150111253500691 ], [ 112.377620705367562, -8.147134117075048 ], [ 112.383346331352698, -8.143522409349776 ], [ 112.389948823337534, -8.142027643413352 ], [ 112.390617662907232, -8.141992441330736 ], [ 112.39, -8.1448 ], [ 112.3862, -8.1506 ], [ 112.3806, -8.1496 ], [ 112.3803, -8.1591 ], [ 112.3762, -8.1592 ], [ 112.3734, -8.1613 ], [ 112.3606, -8.1572 ], [ 112.36130515588907, -8.153850509526901 ], [ 112.362074107807871, -8.1534 ] ] ] ] } },
{ "type": "Feature", "properties": { "fid": 217, "GID_4": "IDN.11.4.8.8_1", "GID_0": "IDN", "COUNTRY": "Indonesia", "GID_1": "IDN.11_1", "NAME_1": "JawaTimur", "GID_2": "IDN.11.4_1", "NAME_2": "Blitar", "GID_3": "IDN.11.4.8_1", "NAME_3": "Kesamben", "NAME_4": "Sukoanyar", "VARNAME_4": "NA", "TYPE_4": "Desa", "ENGTYPE_4": "Village", "CC_4": "3505110005", "padi_mean": 0.5, "jagung_mean": 1.0, "cabai_mean": 0.5, "tomat_mean": 0.5, "kentang_mean": 0.5, "wortel_mean": 0.5, "tebu_mean": 0.5 }, "geometry": { "type": "MultiPolygon", "coordinates": [ [ [ [ 112.391848823337526, -8.14192764341335 ], [ 112.397285958810102, -8.142386841226594 ], [ 112.399142313662978, -8.143081202829199 ], [ 112.403291172229146, -8.141899565895796 ], [ 112.4039, -8.1439 ], [ 112.4094, -8.1436 ], [ 112.4111, -8.1408 ], [ 112.4123, -8.1438 ], [ 112.4086, -8.1465 ], [ 112.4083, -8.1505 ], [ 112.4108, -8.154 ], [ 112.4076, -8.1568 ], [ 112.4083, -8.1614 ], [ 112.3959, -8.1648 ], [ 112.3929, -8.1619 ], [ 112.3899, -8.1622 ], [ 112.3888, -8.1557 ], [ 112.3912, -8.1488 ], [ 112.391426450460671, -8.141949873564764 ], [ 112.391848823337526, -8.14192764341335 ] ] ] ] } },
{ "type": "Feature", "properties": { "fid": 218, "GID_4": "IDN.11.4.9.3_1", "GID_0": "IDN", "COUNTRY": "Indonesia", "GID_1": "IDN.11_1", "NAME_1": "JawaTimur", "GID_2": "IDN.11.4_1", "NAME_2": "Blitar", "GID_3": "IDN.11.4.9_1", "NAME_3": "Nglegok", "NAME_4": "HutanSumberAsri", "VARNAME_4": "NA", "TYPE_4": "Desa", "ENGTYPE_4": "Village", "CC_4": "3505170999", "padi_mean": 0.20000000298023224, "jagung_mean": 0.0, "cabai_mean": 0.5, "tomat_mean": 0.20000000298023224, "kentang_mean": 1.0, "wortel_mean": 0.5, "tebu_mean": 0.0 }, "geometry": { "type": "MultiPolygon", "coordinates": [ [ [ [ 112.296517306758105, -7.946572501179328 ], [ 112.291451453195904, -7.94235838924691 ], [ 112.289248644969916, -7.938732567517526 ], [ 112.2989, -7.9371 ], [ 112.3025, -7.943 ], [ 112.300168845224476, -7.947959001977014 ], [ 112.296517306758105, -7.946572501179328 ] ] ] ] } },
{ "type": "Feature", "properties": { "fid": 219, "GID_4": "IDN.11.4.14.1_1", "GID_0": "IDN", "COUNTRY": "Indonesia", "GID_1": "IDN.11_1", "NAME_1": "JawaTimur", "GID_2": "IDN.11.4_1", "NAME_2": "Blitar", "GID_3": "IDN.11.4.14_1", "NAME_3": "Selorejo", "NAME_4": "Ampelgading", "VARNAME_4": "NA", "TYPE_4": "Desa", "ENGTYPE_4": "Village", "CC_4": "3505120010", "padi_mean": 0.45263532982726018, "jagung_mean": 0.4525468117211181, "cabai_mean": 0.5, "tomat_mean": 0.5, "kentang_mean": 0.5, "wortel_mean": 0.33157645713433642, "tebu_mean": 0.0 }, "geometry": { "type": "MultiPolygon", "coordinates": [ [ [ [ 112.4545, -8.0176 ], [ 112.4557, -8.0153 ], [ 112.463, -8.0157 ], [ 112.4649, -8.0249 ], [ 112.4645, -8.0299 ], [ 112.4597, -8.0367 ], [ 112.4555, -8.0563 ], [ 112.4534, -8.0569 ], [ 112.4551, -8.0593 ], [ 112.4542, -8.0638 ], [ 112.4578, -8.0675 ], [ 112.4568, -8.0741 ], [ 112.4379, -8.0714 ], [ 112.4354, -8.0671 ], [ 112.436, -8.0489 ], [ 112.4421, -8.0429 ], [ 112.4488, -8.033 ], [ 112.4545, -8.0176 ] ] ] ] } },
{ "type": "Feature", "properties": { "fid": 220, "GID_4": "IDN.11.4.14.3_1", "GID_0": "IDN", "COUNTRY": "Indonesia", "GID_1": "IDN.11_1", "NAME_1": "JawaTimur", "GID_2": "IDN.11.4_1", "NAME_2": "Blitar", "GID_3": "IDN.11.4.14_1", "NAME_3": "Selorejo", "NAME_4": "Boro", "VARNAME_4": "NA", "TYPE_4": "Desa", "ENGTYPE_4": "Village", "CC_4": "3505120004", "padi_mean": 0.5, "jagung_mean": 0.99777407950284525, "cabai_mean": 0.5, "tomat_mean": 0.5, "kentang_mean": 0.5, "wortel_mean": 0.72494866176021211, "tebu_mean": 0.5 }, "geometry": { "type": "MultiPolygon", "coordinates": [ [ [ [ 112.436134081641498, -8.121763525878237 ], [ 112.436178053899823, -8.12151780530151 ], [ 112.442, -8.1147 ], [ 112.4412, -8.1124 ], [ 112.4425, -8.1116 ], [ 112.4399, -8.1096 ], [ 112.4416, -8.0996 ], [ 112.4547, -8.1019 ], [ 112.4543, -8.1067 ], [ 112.4559, -8.11 ], [ 112.4576, -8.1095 ], [ 112.4592, -8.1149 ], [ 112.4567, -8.1229 ], [ 112.4578, -8.1265 ], [ 112.4552, -8.1274 ], [ 112.4555, -8.131 ], [ 112.4535, -8.1322 ], [ 112.4386, -8.1316 ], [ 112.4344, -8.1276 ], [ 112.4344, -8.12505657832674 ], [ 112.436134081641498, -8.121763525878237 ] ] ] ] } },
{ "type": "Feature", "properties": { "fid": 221, "GID_4": "IDN.11.4.14.4_1", "GID_0": "IDN", "COUNTRY": "Indonesia", "GID_1": "IDN.11_1", "NAME_1": "JawaTimur", "GID_2": "IDN.11.4_1", "NAME_2": "Blitar", "GID_3": "IDN.11.4.14_1", "NAME_3": "Selorejo", "NAME_4": "HutanAmpelGading", "VARNAME_4": "NA", "TYPE_4": "Desa", "ENGTYPE_4": "Village", "CC_4": "3505120999", "padi_mean": 0.14093140028603859, "jagung_mean": 0.14093140028603859, "cabai_mean": 0.35232849546499273, "tomat_mean": 0.35232849546499273, "kentang_mean": 0.64767150453500733, "wortel_mean": 0.5, "tebu_mean": 0.0 }, "geometry": { "type": "MultiPolygon", "coordinates": [ [ [ [ 112.4557, -8.0153 ], [ 112.4571, -8.0104 ], [ 112.4684, -7.9886 ], [ 112.4713, -7.9953 ], [ 112.4681, -8.0 ], [ 112.4681, -8.0063 ], [ 112.4657, -8.0131 ], [ 112.463, -8.0157 ], [ 112.4557, -8.0153 ] ] ] ] } },
{ "type": "Feature", "properties": { "fid": 222, "GID_4": "IDN.11.4.14.5_1", "GID_0": "IDN", "COUNTRY": "Indonesia", "GID_1": "IDN.11_1", "NAME_1": "JawaTimur", "GID_2": "IDN.11.4_1", "NAME_2": "Blitar", "GID_3": "IDN.11.4.14_1", "NAME_3": "Selorejo", "NAME_4": "Ngreco", "VARNAME_4": "NA", "TYPE_4": "Desa", "ENGTYPE_4": "Village", "CC_4": "3505120003", "padi_mean": 0.5, "jagung_mean": 1.0, "cabai_mean": 0.5, "tomat_mean": 0.5, "kentang_mean": 0.5, "wortel_mean": 0.5, "tebu_mean": 0.5 }, "geometry": { "type": "MultiPolygon", "coordinates": [ [ [ [ 112.4386, -8.1316 ], [ 112.4536, -8.1322 ], [ 112.4526, -8.1443 ], [ 112.4492, -8.1473 ], [ 112.4398, -8.149 ], [ 112.4409, -8.1416 ], [ 112.4431, -8.1403 ], [ 112.4405, -8.1364 ], [ 112.4421, -8.1334 ], [ 112.4386, -8.1316 ] ] ] ] } },
{ "type": "Feature", "properties": { "fid": 223, "GID_4": "IDN.11.4.14.6_1", "GID_0": "IDN", "COUNTRY": "Indonesia", "GID_1": "IDN.11_1", "NAME_1": "JawaTimur", "GID_2": "IDN.11.4_1", "NAME_2": "Blitar", "GID_3": "IDN.11.4.14_1", "NAME_3": "Selorejo", "NAME_4": "Ngrendeng", "VARNAME_4": "NA", "TYPE_4": "Desa", "ENGTYPE_4": "Village", "CC_4": "3505120008", "padi_mean": 0.5, "jagung_mean": 1.0, "cabai_mean": 0.5, "tomat_mean": 0.5, "kentang_mean": 0.5, "wortel_mean": 0.80000001192092896, "tebu_mean": 0.5 }, "geometry": { "type": "MultiPolygon", "coordinates": [ [ [ [ 112.433210511568774, -8.097151654214249 ], [ 112.434012605756095, -8.09305203384195 ], [ 112.4376, -8.0942 ], [ 112.433543512125695, -8.099731574374056 ], [ 112.433210511568774, -8.097151654214249 ] ] ] ] } },
{ "type": "Feature", "properties": { "fid": 224, "GID_4": "IDN.11.4.14.7_1", "GID_0": "IDN", "COUNTRY": "Indonesia", "GID_1": "IDN.11_1", "NAME_1": "JawaTimur", "GID_2": "IDN.11.4_1", "NAME_2": "Blitar", "GID_3": "IDN.11.4.14_1", "NAME_3": "Selorejo", "NAME_4": "OlakAlen", "VARNAME_4": "NA", "TYPE_4": "Desa", "ENGTYPE_4": "Village", "CC_4": "3505120005", "padi_mean": 0.5, "jagung_mean": 1.0, "cabai_mean": 0.5, "tomat_mean": 0.5, "kentang_mean": 0.5, "wortel_mean": 0.56472697191977261, "tebu_mean": 0.5 }, "geometry": { "type": "MultiPolygon", "coordinates": [ [ [ [ 112.433309000111493, -8.130179404051612 ], [ 112.434222801139271, -8.125393082173053 ], [ 112.434486907995222, -8.124891538469553 ], [ 112.4351, -8.1288 ], [ 112.4422, -8.1335 ], [ 112.4405, -8.1364 ], [ 112.4431, -8.1403 ], [ 112.4409, -8.1416 ], [ 112.4416, -8.1433 ], [ 112.4401, -8.1447 ], [ 112.4364, -8.1428 ], [ 112.4305, -8.1426 ], [ 112.427813348547716, -8.133243041493753 ], [ 112.432443399963589, -8.130407777843123 ], [ 112.433309000111493, -8.130179404051612 ] ] ], [ [ [ 112.437268587851818, -8.119036889012925 ], [ 112.437465998513829, -8.117822673987005 ], [ 112.436303717856077, -8.115425470130372 ], [ 112.434714723206866, -8.11075178145221 ], [ 112.434638173846736, -8.109800242833098 ], [ 112.4406, -8.1106 ], [ 112.4425, -8.1116 ], [ 112.4412, -8.1124 ], [ 112.442, -8.1147 ], [ 112.436180980467583, -8.121501451401524 ], [ 112.436291743800567, -8.120882496835739 ], [ 112.437268587851818, -8.119036889012925 ] ] ] ] } },
{ "type": "Feature", "properties": { "fid": 225, "GID_4": "IDN.11.4.14.8_1", "GID_0": "IDN", "COUNTRY": "Indonesia", "GID_1": "IDN.11_1", "NAME_1": "JawaTimur", "GID_2": "IDN.11.4_1", "NAME_2": "Blitar", "GID_3": "IDN.11.4.14_1", "NAME_3": "Selorejo", "NAME_4": "Pohgajih", "VARNAME_4": "NA", "TYPE_4": "Desa", "ENGTYPE_4": "Village", "CC_4": "3505120001", "padi_mean": 0.5, "jagung_mean": 1.0, "cabai_mean": 0.5, "tomat_mean": 0.5, "kentang_mean": 0.5, "wortel_mean": 0.5, "tebu_mean": 0.5 }, "geometry": { "type": "MultiPolygon", "coordinates": [ [ [ [ 112.4083, -8.1614 ], [ 112.4076, -8.1568 ], [ 112.4108, -8.154 ], [ 112.4083, -8.1505 ], [ 112.4086, -8.1465 ], [ 112.4131, -8.1433 ], [ 112.4306, -8.1471 ], [ 112.4322, -8.1522 ], [ 112.4368, -8.1542 ], [ 112.4303, -8.1592 ], [ 112.4255, -8.1597 ], [ 112.4225, -8.1581 ], [ 112.4179, -8.1597 ], [ 112.4156, -8.1663 ], [ 112.4123, -8.1606 ], [ 112.4083, -8.1614 ] ] ] ] } },
{ "type": "Feature", "properties": { "fid": 226, "GID_4": "IDN.11.4.14.9_1", "GID_0": "IDN", "COUNTRY": "Indonesia", "GID_1": "IDN.11_1", "NAME_1": "JawaTimur", "GID_2": "IDN.11.4_1", "NAME_2": "Blitar", "GID_3": "IDN.11.4.14_1", "NAME_3": "Selorejo", "NAME_4": "Selorejo", "VARNAME_4": "NA", "TYPE_4": "Desa", "ENGTYPE_4": "Village", "CC_4": "3505120002", "padi_mean": 0.5, "jagung_mean": 1.0, "cabai_mean": 0.5, "tomat_mean": 0.5, "kentang_mean": 0.5, "wortel_mean": 0.5, "tebu_mean": 0.5 }, "geometry": { "type": "MultiPolygon", "coordinates": [ [ [ [ 112.406221658352777, -8.141064933771979 ], [ 112.412509930908413, -8.140316406431184 ], [ 112.412661025660256, -8.140346955140979 ], [ 112.415929587501168, -8.13921006406588 ], [ 112.421303938428039, -8.138135796116146 ], [ 112.42327346144576, -8.138288958920322 ], [ 112.42361561650705, -8.13777133972504 ], [ 112.427489048472324, -8.133441630263736 ], [ 112.427698249622892, -8.133313523604736 ], [ 112.4301, -8.1422 ], [ 112.4366, -8.1429 ], [ 112.4407, -8.1455 ], [ 112.4382, -8.1525 ], [ 112.4354, -8.1542 ], [ 112.4322, -8.1522 ], [ 112.4306, -8.1471 ], [ 112.4123, -8.1438 ], [ 112.4111, -8.1408 ], [ 112.4094, -8.1436 ], [ 112.4039, -8.1439 ], [ 112.403, -8.1426 ], [ 112.403487060148436, -8.14184377503271 ], [ 112.406221658352777, -8.141064933771979 ] ] ] ] } },
{ "type": "Feature", "properties": { "fid": 227, "GID_4": "IDN.11.4.14.10_1", "GID_0": "IDN", "COUNTRY": "Indonesia", "GID_1": "IDN.11_1", "NAME_1": "JawaTimur", "GID_2": "IDN.11.4_1", "NAME_2": "Blitar", "GID_3": "IDN.11.4.14_1", "NAME_3": "Selorejo", "NAME_4": "Sidomulyo", "VARNAME_4": "NA", "TYPE_4": "Desa", "ENGTYPE_4": "Village", "CC_4": "3505120009", "padi_mean": 0.5, "jagung_mean": 0.78511167077239941, "cabai_mean": 0.5, "tomat_mean": 0.5, "kentang_mean": 0.5, "wortel_mean": 0.58511168269332836, "tebu_mean": 0.28511167077239946 }, "geometry": { "type": "MultiPolygon", "coordinates": [ [ [ [ 112.434373038212485, -8.091209810990286 ], [ 112.434324018266267, -8.090885053846593 ], [ 112.434224388845038, -8.085672876021201 ], [ 112.435475144405885, -8.080612013028379 ], [ 112.435607599213299, -8.080273517409449 ], [ 112.435354417475722, -8.076925639878604 ], [ 112.436318699522502, -8.072674422595362 ], [ 112.43617948997904, -8.072475322390796 ], [ 112.435951789591655, -8.07170427802469 ], [ 112.4376, -8.0713 ], [ 112.4568, -8.0741 ], [ 112.457, -8.0762 ], [ 112.4558, -8.0766 ], [ 112.4569, -8.0779 ], [ 112.4553, -8.0784 ], [ 112.4568, -8.081 ], [ 112.4541, -8.0879 ], [ 112.4549, -8.0932 ], [ 112.4532, -8.0976 ], [ 112.4547, -8.1019 ], [ 112.4419, -8.1 ], [ 112.4407, -8.0973 ], [ 112.4416, -8.0932 ], [ 112.43408171990886, -8.092698781327258 ], [ 112.434373038212485, -8.091209810990286 ] ] ] ] } },
{ "type": "Feature", "properties": { "fid": 228, "GID_4": "IDN.11.4.14.11_1", "GID_0": "IDN", "COUNTRY": "Indonesia", "GID_1": "IDN.11_1", "NAME_1": "JawaTimur", "GID_2": "IDN.11.4_1", "NAME_2": "Blitar", "GID_3": "IDN.11.4.14_1", "NAME_3": "Selorejo", "NAME_4": "SumberAgung", "VARNAME_4": "NA", "TYPE_4": "Desa", "ENGTYPE_4": "Village", "CC_4": "3505120006", "padi_mean": 0.5, "jagung_mean": 1.0, "cabai_mean": 0.5, "tomat_mean": 0.5, "kentang_mean": 0.5, "wortel_mean": 0.80000001192092896, "tebu_mean": 0.5 }, "geometry": { "type": "MultiPolygon", "coordinates": [ [ [ [ 112.434318876832904, -8.105831255514486 ], [ 112.434387919523957, -8.104243273620346 ], [ 112.434030276764659, -8.103502780995314 ], [ 112.433673723618639, -8.10074038726856 ], [ 112.4379, -8.0921 ], [ 112.4416, -8.0932 ], [ 112.4406, -8.1106 ], [ 112.434638173846736, -8.109800242833098 ], [ 112.434318876832904, -8.105831255514486 ] ] ] ] } },
{ "type": "Feature", "properties": { "fid": 229, "GID_4": "IDN.11.4.19.1_1", "GID_0": "IDN", "COUNTRY": "Indonesia", "GID_1": "IDN.11_1", "NAME_1": "JawaTimur", "GID_2": "IDN.11.4_1", "NAME_2": "Blitar", "GID_3": "IDN.11.4.19_1", "NAME_3": "Wates", "NAME_4": "HutanTulungrejo", "VARNAME_4": "NA", "TYPE_4": "Desa", "ENGTYPE_4": "Village", "CC_4": "3505040999", "padi_mean": 1.0, "jagung_mean": 1.0, "cabai_mean": 0.5, "tomat_mean": 0.5, "kentang_mean": 0.5, "wortel_mean": 0.5, "tebu_mean": 0.5 }, "geometry": { "type": "MultiPolygon", "coordinates": [ [ [ [ 112.348, -8.3521 ], [ 112.3482, -8.3523 ], [ 112.3478, -8.3524 ], [ 112.3478, -8.3522 ], [ 112.348, -8.3521 ] ] ], [ [ [ 112.3453, -8.3503 ], [ 112.346, -8.3505 ], [ 112.3457, -8.3507 ], [ 112.3453, -8.3505 ], [ 112.3453, -8.3503 ] ] ] ] } },
{ "type": "Feature", "properties": { "fid": 230, "GID_4": "IDN.11.4.19.2_1", "GID_0": "IDN", "COUNTRY": "Indonesia", "GID_1": "IDN.11_1", "NAME_1": "JawaTimur", "GID_2": "IDN.11.4_1", "NAME_2": "Blitar", "GID_3": "IDN.11.4.19_1", "NAME_3": "Wates", "NAME_4": "Mojorejo", "VARNAME_4": "NA", "TYPE_4": "Desa", "ENGTYPE_4": "Village", "CC_4": "3505040008", "padi_mean": null, "jagung_mean": null, "cabai_mean": null, "tomat_mean": null, "kentang_mean": null, "wortel_mean": null, "tebu_mean": null }, "geometry": { "type": "MultiPolygon", "coordinates": [ [ [ [ 112.3615, -8.2401 ], [ 112.362366522391412, -8.234276767684385 ], [ 112.362860754677442, -8.232652861601714 ], [ 112.3687, -8.2376 ], [ 112.3718, -8.2372 ], [ 112.3724, -8.2389 ], [ 112.3686, -8.2398 ], [ 112.3645, -8.2434 ], [ 112.3655, -8.2547 ], [ 112.3643, -8.2671 ], [ 112.3615, -8.266977372262774 ], [ 112.3615, -8.2401 ] ] ] ] } },
{ "type": "Feature", "properties": { "fid": 231, "GID_4": "IDN.11.4.19.4_1", "GID_0": "IDN", "COUNTRY": "Indonesia", "GID_1": "IDN.11_1", "NAME_1": "JawaTimur", "GID_2": "IDN.11.4_1", "NAME_2": "Blitar", "GID_3": "IDN.11.4.19_1", "NAME_3": "Wates", "NAME_4": "RinginRejo", "VARNAME_4": "NA", "TYPE_4": "Desa", "ENGTYPE_4": "Village", "CC_4": "3505040001", "padi_mean": 0.5, "jagung_mean": 1.0, "cabai_mean": 0.5, "tomat_mean": 0.5, "kentang_mean": 0.5, "wortel_mean": 0.5, "tebu_mean": 0.5 }, "geometry": { "type": "MultiPolygon", "coordinates": [ [ [ [ 112.351502358226909, -8.30887914575742 ], [ 112.352909881556343, -8.303276646411208 ], [ 112.353012332594005, -8.303104163915361 ], [ 112.3545, -8.3045 ], [ 112.3551, -8.3067 ], [ 112.3533, -8.3101 ], [ 112.351233803183703, -8.311523380029008 ], [ 112.351502358226909, -8.30887914575742 ] ] ] ] } },
{ "type": "Feature", "properties": { "fid": 232, "GID_4": "IDN.11.4.19.5_1", "GID_0": "IDN", "COUNTRY": "Indonesia", "GID_1": "IDN.11_1", "NAME_1": "JawaTimur", "GID_2": "IDN.11.4_1", "NAME_2": "Blitar", "GID_3": "IDN.11.4.19_1", "NAME_3": "Wates", "NAME_4": "Sukorejo", "VARNAME_4": "NA", "TYPE_4": "Desa", "ENGTYPE_4": "Village", "CC_4": "3505040002", "padi_mean": 0.5, "jagung_mean": 1.0, "cabai_mean": 0.5, "tomat_mean": 0.5, "kentang_mean": 0.5, "wortel_mean": 0.5, "tebu_mean": 0.5 }, "geometry": { "type": "MultiPolygon", "coordinates": [ [ [ [ 112.352909881556343, -8.303276646411208 ], [ 112.355859902377844, -8.298310108582909 ], [ 112.359767473794378, -8.294706356734265 ], [ 112.360586802836181, -8.293300877057822 ], [ 112.36232573735667, -8.291685962915615 ], [ 112.363753313031438, -8.288964646785587 ], [ 112.364650538886721, -8.284927130436813 ], [ 112.361905701354345, -8.271507924722965 ], [ 112.3615, -8.2675 ], [ 112.3615, -8.266977372262774 ], [ 112.3643, -8.2671 ], [ 112.3646, -8.2814 ], [ 112.367, -8.2835 ], [ 112.3612, -8.3009 ], [ 112.3559, -8.3067 ], [ 112.352842281379125, -8.303545721843728 ], [ 112.352909881556343, -8.303276646411208 ] ] ] ] } },
{ "type": "Feature", "properties": { "fid": 233, "GID_4": "IDN.11.4.19.7_1", "GID_0": "IDN", "COUNTRY": "Indonesia", "GID_1": "IDN.11_1", "NAME_1": "JawaTimur", "GID_2": "IDN.11.4_1", "NAME_2": "Blitar", "GID_3": "IDN.11.4.19_1", "NAME_3": "Wates", "NAME_4": "TuguRejo", "VARNAME_4": "NA", "TYPE_4": "Desa", "ENGTYPE_4": "Village", "CC_4": "3505040003", "padi_mean": 0.60314747478625075, "jagung_mean": 0.93300337882950402, "cabai_mean": 0.5, "tomat_mean": 0.5, "kentang_mean": 0.5, "wortel_mean": 0.54019797429962169, "tebu_mean": 0.5 }, "geometry": { "type": "MultiPolygon", "coordinates": [ [ [ [ 112.340946671728673, -8.33989318070784 ], [ 112.34242866294899, -8.336784613757926 ], [ 112.34271217608611, -8.333102809866027 ], [ 112.344812176086108, -8.324002809866027 ], [ 112.347282304032547, -8.317992953604396 ], [ 112.351011852605254, -8.313708739570608 ], [ 112.351333746907954, -8.310539318744008 ], [ 112.3532, -8.3102 ], [ 112.3546, -8.3069 ], [ 112.3612, -8.3009 ], [ 112.367, -8.2835 ], [ 112.3646, -8.2816 ], [ 112.3641, -8.2749 ], [ 112.3763, -8.2704 ], [ 112.3804, -8.2715 ], [ 112.3825, -8.2732 ], [ 112.3851, -8.2851 ], [ 112.3827, -8.2959 ], [ 112.3795, -8.302 ], [ 112.3806, -8.3056 ], [ 112.3793, -8.3067 ], [ 112.3762, -8.3058 ], [ 112.3752, -8.3083 ], [ 112.3714, -8.3109 ], [ 112.3701, -8.3237 ], [ 112.3643, -8.3285 ], [ 112.3622, -8.3376 ], [ 112.3631, -8.3399 ], [ 112.3606, -8.347 ], [ 112.359, -8.3485 ], [ 112.3527, -8.3486 ], [ 112.349, -8.3519 ], [ 112.3464, -8.3487 ], [ 112.3497, -8.3462 ], [ 112.3499, -8.3442 ], [ 112.3473, -8.3414 ], [ 112.343, -8.3437 ], [ 112.340026132696067, -8.34317237838156 ], [ 112.340946671728673, -8.33989318070784 ] ] ] ] } },
{ "type": "Feature", "properties": { "fid": 234, "GID_4": "IDN.11.4.19.9_1", "GID_0": "IDN", "COUNTRY": "Indonesia", "GID_1": "IDN.11_1", "NAME_1": "JawaTimur", "GID_2": "IDN.11.4_1", "NAME_2": "Blitar", "GID_3": "IDN.11.4.19_1", "NAME_3": "Wates", "NAME_4": "Wates", "VARNAME_4": "NA", "TYPE_4": "Desa", "ENGTYPE_4": "Village", "CC_4": "3505040004", "padi_mean": 0.5, "jagung_mean": 0.5, "cabai_mean": 0.5, "tomat_mean": 0.5, "kentang_mean": 0.5, "wortel_mean": 0.68230953519507631, "tebu_mean": 0.5 }, "geometry": { "type": "MultiPolygon", "coordinates": [ [ [ [ 112.3718, -8.2372 ], [ 112.3782, -8.2359 ], [ 112.3822, -8.2378 ], [ 112.3806, -8.2518 ], [ 112.3825, -8.2732 ], [ 112.3774, -8.2702 ], [ 112.3641, -8.2749 ], [ 112.3655, -8.2547 ], [ 112.3645, -8.2434 ], [ 112.3686, -8.2398 ], [ 112.3724, -8.2389 ], [ 112.3718, -8.2372 ] ] ] ] } },
{ "type": "Feature", "properties": { "fid": 235, "GID_4": "IDN.11.9.21.2_1", "GID_0": "IDN", "COUNTRY": "Indonesia", "GID_1": "IDN.11_1", "NAME_1": "JawaTimur", "GID_2": "IDN.11.9_1", "NAME_2": "Jombang", "GID_3": "IDN.11.9.21_1", "NAME_3": "Wonosalam", "NAME_4": "Galengdowo", "VARNAME_4": "NA", "TYPE_4": "Desa", "ENGTYPE_4": "Village", "CC_4": "3517080001", "padi_mean": 0.27933091328737769, "jagung_mean": 0.27933091328737769, "cabai_mean": 0.49119560495492681, "tomat_mean": 0.27933091328737769, "kentang_mean": 0.86191221799879947, "wortel_mean": 0.44124313268367299, "tebu_mean": 0.0 }, "geometry": { "type": "MultiPolygon", "coordinates": [ [ [ [ 112.337821561618398, -7.744792340307592 ], [ 112.343075131531265, -7.742126438424662 ], [ 112.344472758232925, -7.741880842481032 ], [ 112.3471, -7.7448 ], [ 112.3581, -7.7486 ], [ 112.362, -7.7525 ], [ 112.3717, -7.7536 ], [ 112.3762, -7.7515 ], [ 112.379509459650308, -7.752839543191791 ], [ 112.381653049183797, -7.754469654709718 ], [ 112.387953049183793, -7.760869654709717 ], [ 112.389446728954852, -7.762918194830689 ], [ 112.395104373641288, -7.763854354239157 ], [ 112.396161959880288, -7.764193324187553 ], [ 112.396407694163912, -7.764097921465675 ], [ 112.40223502085459, -7.76054689426354 ], [ 112.4157, -7.7636 ], [ 112.4222, -7.7669 ], [ 112.4162, -7.7685 ], [ 112.4144, -7.7718 ], [ 112.3973, -7.7761 ], [ 112.3935, -7.7733 ], [ 112.3881, -7.7724 ], [ 112.3846, -7.7688 ], [ 112.3753, -7.764 ], [ 112.3654, -7.7608 ], [ 112.3612, -7.7612 ], [ 112.3488, -7.7489 ], [ 112.3429, -7.7486 ], [ 112.3372, -7.7453 ], [ 112.33716790210066, -7.745256438565186 ], [ 112.337821561618398, -7.744792340307592 ] ] ] ] } },
{ "type": "Feature", "properties": { "fid": 236, "GID_4": "IDN.11.9.21.8_1", "GID_0": "IDN", "COUNTRY": "Indonesia", "GID_1": "IDN.11_1", "NAME_1": "JawaTimur", "GID_2": "IDN.11.9_1", "NAME_2": "Jombang", "GID_3": "IDN.11.9.21_1", "NAME_3": "Wonosalam", "NAME_4": "Wonomerto", "VARNAME_4": "NA", "TYPE_4": "Desa", "ENGTYPE_4": "Village", "CC_4": "3517080002", "padi_mean": null, "jagung_mean": null, "cabai_mean": null, "tomat_mean": null, "kentang_mean": null, "wortel_mean": null, "tebu_mean": null }, "geometry": { "type": "MultiPolygon", "coordinates": [ [ [ [ 112.348877494938279, -7.7411068264535 ], [ 112.354725194842004, -7.741821973651467 ], [ 112.359876692424251, -7.744106013279832 ], [ 112.3581, -7.7486 ], [ 112.3471, -7.7448 ], [ 112.344472758232925, -7.741880842481032 ], [ 112.348877494938279, -7.7411068264535 ] ] ] ] } },
{ "type": "Feature", "properties": { "fid": 237, "GID_4": "IDN.11.10.6.1_1", "GID_0": "IDN", "COUNTRY": "Indonesia", "GID_1": "IDN.11_1", "NAME_1": "JawaTimur", "GID_2": "IDN.11.10_1", "NAME_2": "Kediri", "GID_3": "IDN.11.10.6_1", "NAME_3": "Kandangan", "NAME_4": "Banaran", "VARNAME_4": "NA", "TYPE_4": "Desa", "ENGTYPE_4": "Village", "CC_4": "3506130005", "padi_mean": 0.5358762360587721, "jagung_mean": 0.97964100520669217, "cabai_mean": 0.5, "tomat_mean": 0.5, "kentang_mean": 0.5, "wortel_mean": 0.49185640256807311, "tebu_mean": 0.47964100520669217 }, "geometry": { "type": "MultiPolygon", "coordinates": [ [ [ [ 112.288341066269439, -7.749156415367627 ], [ 112.293808022826937, -7.748873067019165 ], [ 112.300808022826928, -7.749473067019165 ], [ 112.306603794384813, -7.750861039138336 ], [ 112.311733277127772, -7.753895152080303 ], [ 112.312551179927638, -7.754795323192273 ], [ 112.317226727939968, -7.756465161768103 ], [ 112.31820511253558, -7.757005790695744 ], [ 112.322626448377491, -7.757126592221479 ], [ 112.323884050025327, -7.755580360687262 ], [ 112.327821561618393, -7.751892340307593 ], [ 112.337166829878342, -7.745257199843031 ], [ 112.3372, -7.7453 ], [ 112.3423, -7.7482 ], [ 112.3371, -7.7522 ], [ 112.3293, -7.7538 ], [ 112.324, -7.7599 ], [ 112.3081, -7.7616 ], [ 112.2999, -7.7595 ], [ 112.2952, -7.7611 ], [ 112.2873, -7.7512 ], [ 112.2874, -7.7535 ], [ 112.2854, -7.7524 ], [ 112.285511506621148, -7.750114114266317 ], [ 112.288341066269439, -7.749156415367627 ] ] ] ] } },
{ "type": "Feature", "properties": { "fid": 238, "GID_4": "IDN.11.10.6.6_1", "GID_0": "IDN", "COUNTRY": "Indonesia", "GID_1": "IDN.11_1", "NAME_1": "JawaTimur", "GID_2": "IDN.11.10_1", "NAME_2": "Kediri", "GID_3": "IDN.11.10.6_1", "NAME_3": "Kandangan", "NAME_4": "Kandangan", "VARNAME_4": "NA", "TYPE_4": "Desa", "ENGTYPE_4": "Village", "CC_4": "3506130002", "padi_mean": 0.92570982986303796, "jagung_mean": 1.0, "cabai_mean": 0.5, "tomat_mean": 0.5, "kentang_mean": 0.5, "wortel_mean": 0.5, "tebu_mean": 0.5 }, "geometry": { "type": "MultiPolygon", "coordinates": [ [ [ [ 112.278755728090005, -7.753111456179998 ], [ 112.283155728090009, -7.750911456179998 ], [ 112.285511506621148, -7.750114114266317 ], [ 112.2854, -7.7524 ], [ 112.2874, -7.7535 ], [ 112.2873, -7.7512 ], [ 112.2952, -7.7601 ], [ 112.2922, -7.7638 ], [ 112.2956, -7.7661 ], [ 112.2968, -7.7695 ], [ 112.2921, -7.7688 ], [ 112.2877, -7.771 ], [ 112.2857, -7.7663 ], [ 112.274570737850595, -7.756041723584035 ], [ 112.278755728090005, -7.753111456179998 ] ] ] ] } },
{ "type": "Feature", "properties": { "fid": 239, "GID_4": "IDN.11.10.6.10_1", "GID_0": "IDN", "COUNTRY": "Indonesia", "GID_1": "IDN.11_1", "NAME_1": "JawaTimur", "GID_2": "IDN.11.10_1", "NAME_2": "Kediri", "GID_3": "IDN.11.10.6_1", "NAME_3": "Kandangan", "NAME_4": "Klampisan", "VARNAME_4": "NA", "TYPE_4": "Desa", "ENGTYPE_4": "Village", "CC_4": "3506130001", "padi_mean": 1.0, "jagung_mean": 1.0, "cabai_mean": 0.5, "tomat_mean": 0.5, "kentang_mean": 0.5, "wortel_mean": 0.5, "tebu_mean": 0.5 }, "geometry": { "type": "MultiPolygon", "coordinates": [ [ [ [ 112.272129160648191, -7.758795731019228 ], [ 112.2722, -7.76 ], [ 112.271183782734084, -7.76 ], [ 112.272129160648191, -7.758795731019228 ] ] ] ] } },
{ "type": "Feature", "properties": { "fid": 240, "GID_4": "IDN.11.10.6.11_1", "GID_0": "IDN", "COUNTRY": "Indonesia", "GID_1": "IDN.11_1", "NAME_1": "JawaTimur", "GID_2": "IDN.11.10_1", "NAME_2": "Kediri", "GID_3": "IDN.11.10.6_1", "NAME_3": "Kandangan", "NAME_4": "Medowo", "VARNAME_4": "NA", "TYPE_4": "Desa", "ENGTYPE_4": "Village", "CC_4": "3506130004", "padi_mean": 0.30424319948272094, "jagung_mean": 0.30424319948272094, "cabai_mean": 0.48161369735799064, "tomat_mean": 0.30424319948272094, "kentang_mean": 0.81400380203748834, "wortel_mean": 0.41824700463105013, "tebu_mean": 0.0 }, "geometry": { "type": "MultiPolygon", "coordinates": [ [ [ [ 112.3423, -7.7482 ], [ 112.3488, -7.7489 ], [ 112.3612, -7.7612 ], [ 112.3654, -7.7608 ], [ 112.3753, -7.764 ], [ 112.3846, -7.7688 ], [ 112.3881, -7.7724 ], [ 112.3935, -7.7733 ], [ 112.3973, -7.7761 ], [ 112.4144, -7.7718 ], [ 112.4178, -7.7676 ], [ 112.4222, -7.7669 ], [ 112.4221, -7.769 ], [ 112.4181, -7.7743 ], [ 112.4008, -7.7842 ], [ 112.3962, -7.7854 ], [ 112.389, -7.7829 ], [ 112.3822, -7.7851 ], [ 112.377, -7.7812 ], [ 112.3737, -7.7749 ], [ 112.3674, -7.7685 ], [ 112.3526, -7.7639 ], [ 112.3496, -7.7616 ], [ 112.3492, -7.7579 ], [ 112.3437, -7.7532 ], [ 112.3351, -7.7529 ], [ 112.3423, -7.7482 ] ] ] ] } },
{ "type": "Feature", "properties": { "fid": 241, "GID_4": "IDN.11.10.6.12_1", "GID_0": "IDN", "COUNTRY": "Indonesia", "GID_1": "IDN.11_1", "NAME_1": "JawaTimur", "GID_2": "IDN.11.10_1", "NAME_2": "Kediri", "GID_3": "IDN.11.10.6_1", "NAME_3": "Kandangan", "NAME_4": "Mlancu", "VARNAME_4": "NA", "TYPE_4": "Desa", "ENGTYPE_4": "Village", "CC_4": "3506130003", "padi_mean": 0.5, "jagung_mean": 0.86876029493988771, "cabai_mean": 0.5, "tomat_mean": 0.5, "kentang_mean": 0.5, "wortel_mean": 0.44750412110495347, "tebu_mean": 0.3687602949398876 }, "geometry": { "type": "MultiPolygon", "coordinates": [ [ [ [ 112.2952, -7.7611 ], [ 112.2999, -7.7595 ], [ 112.3081, -7.7616 ], [ 112.324, -7.7599 ], [ 112.3293, -7.7538 ], [ 112.334, -7.7527 ], [ 112.3437, -7.7532 ], [ 112.3496, -7.7593 ], [ 112.3494, -7.7611 ], [ 112.3394, -7.7682 ], [ 112.3333, -7.7757 ], [ 112.3196, -7.7778 ], [ 112.3104, -7.7768 ], [ 112.3105, -7.7753 ], [ 112.3068, -7.7747 ], [ 112.3064, -7.7729 ], [ 112.3007, -7.7718 ], [ 112.2994, -7.7694 ], [ 112.297, -7.7697 ], [ 112.2956, -7.7661 ], [ 112.2922, -7.7638 ], [ 112.2952, -7.7611 ] ] ] ] } },
{ "type": "Feature", "properties": { "fid": 242, "GID_4": "IDN.11.10.9.1_1", "GID_0": "IDN", "COUNTRY": "Indonesia", "GID_1": "IDN.11_1", "NAME_1": "JawaTimur", "GID_2": "IDN.11.10_1", "NAME_2": "Kediri", "GID_3": "IDN.11.10.9_1", "NAME_3": "Kepung", "NAME_4": "Besowo", "VARNAME_4": "NA", "TYPE_4": "Desa", "ENGTYPE_4": "Village", "CC_4": "3506120002", "padi_mean": 0.35000000149011612, "jagung_mean": 0.35000000149011612, "cabai_mean": 0.5, "tomat_mean": 0.5, "kentang_mean": 0.5, "wortel_mean": 0.65000000596046448, "tebu_mean": 0.10000000149011612 }, "geometry": { "type": "MultiPolygon", "coordinates": [ [ [ [ 112.304645477850798, -7.881190139868704 ], [ 112.305263954824369, -7.876769174835449 ], [ 112.304746544120064, -7.876298801467905 ], [ 112.300611297750777, -7.871020375685229 ], [ 112.298453111272877, -7.8646718110912 ], [ 112.298514575860125, -7.857966718744151 ], [ 112.298735581772931, -7.856735400087049 ], [ 112.2944179718979, -7.853895914724675 ], [ 112.2932, -7.8502 ], [ 112.2951, -7.8418 ], [ 112.2999, -7.8416 ], [ 112.3029, -7.8368 ], [ 112.3077, -7.839 ], [ 112.3156, -7.8375 ], [ 112.3194, -7.8391 ], [ 112.3173, -7.8469 ], [ 112.3203, -7.8501 ], [ 112.3213, -7.8554 ], [ 112.3189, -7.8576 ], [ 112.3182, -7.8615 ], [ 112.3226, -7.8655 ], [ 112.326, -7.8735 ], [ 112.3233, -7.8922 ], [ 112.3178, -7.8956 ], [ 112.312, -7.9047 ], [ 112.3135, -7.9082 ], [ 112.3135, -7.9217 ], [ 112.3106, -7.9264 ], [ 112.3066, -7.9293 ], [ 112.3045, -7.9297 ], [ 112.2981, -7.9263 ], [ 112.296, -7.9234 ], [ 112.299, -7.9164 ], [ 112.2981, -7.9076 ], [ 112.3001, -7.9063 ], [ 112.3003, -7.9001 ], [ 112.3026, -7.8971 ], [ 112.3005, -7.891 ], [ 112.302398362914104, -7.883406548343586 ], [ 112.304645477850798, -7.881190139868704 ] ] ] ] } },
{ "type": "Feature", "properties": { "fid": 243, "GID_4": "IDN.11.10.9.2_1", "GID_0": "IDN", "COUNTRY": "Indonesia", "GID_1": "IDN.11_1", "NAME_1": "JawaTimur", "GID_2": "IDN.11.10_1", "NAME_2": "Kediri", "GID_3": "IDN.11.10.9_1", "NAME_3": "Kepung", "NAME_4": "Brumbung", "VARNAME_4": "NA", "TYPE_4": "Desa", "ENGTYPE_4": "Village", "CC_4": "3506120005", "padi_mean": 0.55689460340310926, "jagung_mean": 1.0, "cabai_mean": 0.5, "tomat_mean": 0.5, "kentang_mean": 0.5, "wortel_mean": 0.5, "tebu_mean": 0.5 }, "geometry": { "type": "MultiPolygon", "coordinates": [ [ [ [ 112.2837, -7.7879 ], [ 112.2911, -7.786 ], [ 112.2953, -7.7865 ], [ 112.2972, -7.7894 ], [ 112.3004, -7.7893 ], [ 112.3017, -7.7932 ], [ 112.3054, -7.7955 ], [ 112.3071, -7.7993 ], [ 112.3056, -7.8106 ], [ 112.2956, -7.8086 ], [ 112.2869, -7.8088 ], [ 112.2873, -7.804 ], [ 112.2849, -7.799 ], [ 112.2856, -7.7945 ], [ 112.2837, -7.7879 ] ] ] ] } },
{ "type": "Feature", "properties": { "fid": 244, "GID_4": "IDN.11.10.9.3_1", "GID_0": "IDN", "COUNTRY": "Indonesia", "GID_1": "IDN.11_1", "NAME_1": "JawaTimur", "GID_2": "IDN.11.10_1", "NAME_2": "Kediri", "GID_3": "IDN.11.10.9_1", "NAME_3": "Kepung", "NAME_4": "Damarwulan", "VARNAME_4": "NA", "TYPE_4": "Desa", "ENGTYPE_4": "Village", "CC_4": "3506120010", "padi_mean": 0.98816623053383368, "jagung_mean": 1.0, "cabai_mean": 0.5, "tomat_mean": 0.5, "kentang_mean": 0.5, "wortel_mean": 0.5, "tebu_mean": 0.5 }, "geometry": { "type": "MultiPolygon", "coordinates": [ [ [ [ 112.268349641554778, -7.780908260596147 ], [ 112.267749641554772, -7.772408260596148 ], [ 112.268199370847867, -7.766558664314509 ], [ 112.270327130892966, -7.761091245336074 ], [ 112.271123415387876, -7.760076898900865 ], [ 112.2722, -7.76 ], [ 112.272129160648191, -7.758795731019228 ], [ 112.273949827762124, -7.756476475516301 ], [ 112.27457479296524, -7.756038884253578 ], [ 112.286, -7.7666 ], [ 112.2889, -7.7758 ], [ 112.288, -7.7791 ], [ 112.2927, -7.7813 ], [ 112.2953, -7.7865 ], [ 112.2893, -7.786 ], [ 112.283, -7.7881 ], [ 112.2814, -7.7844 ], [ 112.269028832846374, -7.784103091988313 ], [ 112.268349641554778, -7.780908260596147 ] ] ] ] } },
{ "type": "Feature", "properties": { "fid": 245, "GID_4": "IDN.11.10.9.4_1", "GID_0": "IDN", "COUNTRY": "Indonesia", "GID_1": "IDN.11_1", "NAME_1": "JawaTimur", "GID_2": "IDN.11.10_1", "NAME_2": "Kediri", "GID_3": "IDN.11.10.9_1", "NAME_3": "Kepung", "NAME_4": "Kampungbaru", "VARNAME_4": "NA", "TYPE_4": "Desa", "ENGTYPE_4": "Village", "CC_4": "3506120003", "padi_mean": 0.5, "jagung_mean": 0.72213862520365035, "cabai_mean": 0.5, "tomat_mean": 0.5, "kentang_mean": 0.5, "wortel_mean": 0.66671683150254113, "tebu_mean": 0.3332831767783731 }, "geometry": { "type": "MultiPolygon", "coordinates": [ [ [ [ 112.288145432885656, -7.843538945827832 ], [ 112.287646104693053, -7.837542774123511 ], [ 112.28809729122257, -7.835514741264835 ], [ 112.28702890697204, -7.832519747284858 ], [ 112.28663953326928, -7.827143111822105 ], [ 112.287430331323904, -7.823202841358164 ], [ 112.2881, -7.8267 ], [ 112.2951, -7.8251 ], [ 112.2939, -7.8281 ], [ 112.2959, -7.8327 ], [ 112.2956, -7.84 ], [ 112.2944, -7.8412 ], [ 112.2892, -7.8409 ], [ 112.288910327601158, -7.845426131231879 ], [ 112.288145432885656, -7.843538945827832 ] ] ] ] } },
{ "type": "Feature", "properties": { "fid": 246, "GID_4": "IDN.11.10.9.5_1", "GID_0": "IDN", "COUNTRY": "Indonesia", "GID_1": "IDN.11_1", "NAME_1": "JawaTimur", "GID_2": "IDN.11.10_1", "NAME_2": "Kediri", "GID_3": "IDN.11.10.9_1", "NAME_3": "Kepung", "NAME_4": "Kebonrejo", "VARNAME_4": "NA", "TYPE_4": "Desa", "ENGTYPE_4": "Village", "CC_4": "3506120001", "padi_mean": 0.27485319240960071, "jagung_mean": 0.27485319240960071, "cabai_mean": 0.5, "tomat_mean": 0.5, "kentang_mean": 0.5, "wortel_mean": 0.57485319314736671, "tebu_mean": 0.049902127525578349 }, "geometry": { "type": "MultiPolygon", "coordinates": [ [ [ [ 112.300934405997538, -7.884850500525886 ], [ 112.302398362914104, -7.883406548343586 ], [ 112.3005, -7.891 ], [ 112.3026, -7.8971 ], [ 112.3003, -7.9001 ], [ 112.3003, -7.9056 ], [ 112.2985, -7.9076 ], [ 112.2971, -7.8968 ], [ 112.294945592795273, -7.894390465626291 ], [ 112.29513440599753, -7.893950500525886 ], [ 112.300934405997538, -7.884850500525886 ] ] ], [ [ [ 112.290405564948372, -7.849115253460185 ], [ 112.288910327601158, -7.845426131231879 ], [ 112.2892, -7.8409 ], [ 112.2951, -7.8418 ], [ 112.2932, -7.8502 ], [ 112.2944179718979, -7.853895914724675 ], [ 112.294221939697238, -7.853766993728927 ], [ 112.290405564948372, -7.849115253460185 ] ] ] ] } },
{ "type": "Feature", "properties": { "fid": 247, "GID_4": "IDN.11.10.9.8_1", "GID_0": "IDN", "COUNTRY": "Indonesia", "GID_1": "IDN.11_1", "NAME_1": "JawaTimur", "GID_2": "IDN.11.10_1", "NAME_2": "Kediri", "GID_3": "IDN.11.10.9_1", "NAME_3": "Kepung", "NAME_4": "Kepung", "VARNAME_4": "NA", "TYPE_4": "Desa", "ENGTYPE_4": "Village", "CC_4": "3506120006", "padi_mean": 1.0, "jagung_mean": 1.0, "cabai_mean": 0.5, "tomat_mean": 0.5, "kentang_mean": 0.5, "wortel_mean": 0.5, "tebu_mean": 0.5 }, "geometry": { "type": "MultiPolygon", "coordinates": [ [ [ [ 112.272098009479407, -7.79122584765253 ], [ 112.269502094941103, -7.786329258041442 ], [ 112.26902863128204, -7.7841021438547 ], [ 112.2809, -7.7843 ], [ 112.2837, -7.7879 ], [ 112.2856, -7.7945 ], [ 112.2849, -7.799 ], [ 112.2873, -7.804 ], [ 112.2867, -7.8096 ], [ 112.285632151601092, -7.811494569740002 ], [ 112.285491902092687, -7.809436079361766 ], [ 112.28598847480265, -7.805877308273745 ], [ 112.281785326477092, -7.802867466553842 ], [ 112.277843634962096, -7.797067321201164 ], [ 112.277398601104721, -7.796072539637636 ], [ 112.27593804903205, -7.795222028121896 ], [ 112.272098009479407, -7.79122584765253 ] ] ] ] } },
{ "type": "Feature", "properties": { "fid": 248, "GID_4": "IDN.11.10.9.10_1", "GID_0": "IDN", "COUNTRY": "Indonesia", "GID_1": "IDN.11_1", "NAME_1": "JawaTimur", "GID_2": "IDN.11.10_1", "NAME_2": "Kediri", "GID_3": "IDN.11.10.9_1", "NAME_3": "Kepung", "NAME_4": "Siman", "VARNAME_4": "NA", "TYPE_4": "Desa", "ENGTYPE_4": "Village", "CC_4": "3506120004", "padi_mean": 0.5, "jagung_mean": 0.90375770705373726, "cabai_mean": 0.5, "tomat_mean": 0.5, "kentang_mean": 0.5, "wortel_mean": 0.5577453780623528, "tebu_mean": 0.44225462480589112 }, "geometry": { "type": "MultiPolygon", "coordinates": [ [ [ [ 112.287509953273684, -7.82280611299601 ], [ 112.286049834568189, -7.8176250466217 ], [ 112.285592278901234, -7.810909344380186 ], [ 112.2865, -7.809 ], [ 112.2956, -7.8086 ], [ 112.3056, -7.8106 ], [ 112.3084, -7.8232 ], [ 112.3066, -7.8284 ], [ 112.3095, -7.834 ], [ 112.3076, -7.8387 ], [ 112.3029, -7.8368 ], [ 112.2999, -7.8416 ], [ 112.2944, -7.8413 ], [ 112.2959, -7.8327 ], [ 112.2939, -7.8281 ], [ 112.2951, -7.8251 ], [ 112.2881, -7.8267 ], [ 112.287430331323904, -7.823202841358164 ], [ 112.287509953273684, -7.82280611299601 ] ] ] ] } },
{ "type": "Feature", "properties": { "fid": 249, "GID_4": "IDN.11.10.14.10_1", "GID_0": "IDN", "COUNTRY": "Indonesia", "GID_1": "IDN.11_1", "NAME_1": "JawaTimur", "GID_2": "IDN.11.10_1", "NAME_2": "Kediri", "GID_3": "IDN.11.10.14_1", "NAME_3": "Ngancar", "NAME_4": "Sugihwaras", "VARNAME_4": "NA", "TYPE_4": "Desa", "ENGTYPE_4": "Village", "CC_4": "3506080005", "padi_mean": 0.20000000298023224, "jagung_mean": 0.0, "cabai_mean": 0.5, "tomat_mean": 0.20000000298023224, "kentang_mean": 1.0, "wortel_mean": 0.5, "tebu_mean": 0.0 }, "geometry": { "type": "MultiPolygon", "coordinates": [ [ [ [ 112.288030035426274, -7.936726736546463 ], [ 112.28662446213383, -7.930288881669854 ], [ 112.287211561393903, -7.92525162137185 ], [ 112.3028, -7.9333 ], [ 112.2971, -7.9378 ], [ 112.2929, -7.9373 ], [ 112.289196495203726, -7.938646729016826 ], [ 112.288030035426274, -7.936726736546463 ] ] ] ] } },
{ "type": "Feature", "properties": { "fid": 250, "GID_4": "IDN.11.10.21.4_1", "GID_0": "IDN", "COUNTRY": "Indonesia", "GID_1": "IDN.11_1", "NAME_1": "JawaTimur", "GID_2": "IDN.11.10_1", "NAME_2": "Kediri", "GID_3": "IDN.11.10.21_1", "NAME_3": "Puncu", "NAME_4": "Puncu", "VARNAME_4": "NA", "TYPE_4": "Desa", "ENGTYPE_4": "Village", "CC_4": "3506110002", "padi_mean": 0.20000000298023227, "jagung_mean": 0.17089957144600124, "cabai_mean": 0.5, "tomat_mean": 0.45634935378272901, "kentang_mean": 0.57275107775150202, "wortel_mean": 0.5, "tebu_mean": 0.0 }, "geometry": { "type": "MultiPolygon", "coordinates": [ [ [ [ 112.29023578027352, -7.917801638693125 ], [ 112.2935, -7.914488733585991 ], [ 112.2935, -7.912105687122226 ], [ 112.292065220556651, -7.90631386757356 ], [ 112.292589176147658, -7.899881295052275 ], [ 112.294945592795273, -7.894390465626291 ], [ 112.2971, -7.8968 ], [ 112.2981, -7.9076 ], [ 112.299, -7.9164 ], [ 112.2964, -7.9206 ], [ 112.290188126002533, -7.917901047849375 ], [ 112.29023578027352, -7.917801638693125 ] ] ] ] } },
{ "type": "Feature", "properties": { "fid": 251, "GID_4": "IDN.11.10.21.5_1", "GID_0": "IDN", "COUNTRY": "Indonesia", "GID_1": "IDN.11_1", "NAME_1": "JawaTimur", "GID_2": "IDN.11.10_1", "NAME_2": "Kediri", "GID_3": "IDN.11.10.21_1", "NAME_3": "Puncu", "NAME_4": "Satak", "VARNAME_4": "NA", "TYPE_4": "Desa", "ENGTYPE_4": "Village", "CC_4": "3506110001", "padi_mean": 0.20000000298023224, "jagung_mean": 0.0, "cabai_mean": 0.5, "tomat_mean": 0.20000000298023224, "kentang_mean": 1.0, "wortel_mean": 0.5, "tebu_mean": 0.0 }, "geometry": { "type": "MultiPolygon", "coordinates": [ [ [ [ 112.287387313962824, -7.923743679703549 ], [ 112.29023578027352, -7.917801638693125 ], [ 112.290252921735146, -7.917784241568999 ], [ 112.2964, -7.9206 ], [ 112.2968, -7.9255 ], [ 112.3045, -7.9297 ], [ 112.3028, -7.9333 ], [ 112.2896, -7.9255 ], [ 112.287271342116654, -7.924738707999675 ], [ 112.287387313962824, -7.923743679703549 ] ] ] ] } },
{ "type": "Feature", "properties": { "fid": 252, "GID_4": "IDN.11.19.10.6_1", "GID_0": "IDN", "COUNTRY": "Indonesia", "GID_1": "IDN.11_1", "NAME_1": "JawaTimur", "GID_2": "IDN.11.19_1", "NAME_2": "Lumajang", "GID_3": "IDN.11.19.10_1", "NAME_3": "Pasrujambe", "NAME_4": "Pasrujambe", "VARNAME_4": "NA", "TYPE_4": "Desa", "ENGTYPE_4": "Village", "CC_4": "3508150001", "padi_mean": 0.0, "jagung_mean": 0.48837581485501258, "cabai_mean": 0.0, "tomat_mean": 0.0, "kentang_mean": 0.50464967378085279, "wortel_mean": 0.5, "tebu_mean": 0.0 }, "geometry": { "type": "MultiPolygon", "coordinates": [ [ [ [ 112.942763309443123, -8.037858791422183 ], [ 112.939242473674952, -8.043040398779114 ], [ 112.934034584243889, -8.048278082413267 ], [ 112.928904927666011, -8.05054925083542 ], [ 112.92889884389723, -8.051115041332237 ], [ 112.928100728881219, -8.056497500373379 ], [ 112.925881382974097, -8.061465634495246 ], [ 112.922686832089383, -8.065312427500954 ], [ 112.925436662551462, -8.067101824707686 ], [ 112.926393776878257, -8.067256652025256 ], [ 112.932393110501948, -8.069238054180389 ], [ 112.937475018618528, -8.072992007872624 ], [ 112.941132352735636, -8.078143887683387 ], [ 112.943000129575168, -8.084179562302387 ], [ 112.942891954541551, -8.090496702208299 ], [ 112.941427388152476, -8.098744523452057 ], [ 112.941458027119012, -8.099169091988387 ], [ 112.943233995841226, -8.101553087461021 ], [ 112.945240105431637, -8.107586242456605 ], [ 112.945251307855486, -8.113944175249205 ], [ 112.94507435462917, -8.114482673191748 ], [ 112.9325, -8.1093 ], [ 112.9222, -8.1078 ], [ 112.9213, -8.0977 ], [ 112.9232, -8.087 ], [ 112.9164, -8.0859 ], [ 112.9122, -8.082 ], [ 112.9061, -8.0817 ], [ 112.9008, -8.0715 ], [ 112.9001, -8.0606 ], [ 112.9089, -8.0509 ], [ 112.9086, -8.0421 ], [ 112.917, -8.0334 ], [ 112.9223, -8.032 ], [ 112.9326, -8.0367 ], [ 112.9437, -8.0369 ], [ 112.94392442933183, -8.036957623747361 ], [ 112.942763309443123, -8.037858791422183 ] ] ] ] } },
{ "type": "Feature", "properties": { "fid": 253, "GID_4": "IDN.11.19.11.1_1", "GID_0": "IDN", "COUNTRY": "Indonesia", "GID_1": "IDN.11_1", "NAME_1": "JawaTimur", "GID_2": "IDN.11.19_1", "NAME_2": "Lumajang", "GID_3": "IDN.11.19.11_1", "NAME_3": "Pronojiwo", "NAME_4": "OroOroOmbo", "VARNAME_4": "NA", "TYPE_4": "Desa", "ENGTYPE_4": "Village", "CC_4": "3508020005", "padi_mean": 0.0, "jagung_mean": 0.5, "cabai_mean": 0.0, "tomat_mean": 0.0, "kentang_mean": 0.5, "wortel_mean": 0.5, "tebu_mean": 0.0 }, "geometry": { "type": "MultiPolygon", "coordinates": [ [ [ [ 112.938910904246953, -8.12840988472712 ], [ 112.9385, -8.1272 ], [ 112.9247, -8.1129 ], [ 112.9254, -8.1098 ], [ 112.943068842183692, -8.12036666052162 ], [ 112.938910904246953, -8.12840988472712 ] ] ] ] } },
{ "type": "Feature", "properties": { "fid": 254, "GID_4": "IDN.11.19.11.2_1", "GID_0": "IDN", "COUNTRY": "Indonesia", "GID_1": "IDN.11_1", "NAME_1": "JawaTimur", "GID_2": "IDN.11.19_1", "NAME_2": "Lumajang", "GID_3": "IDN.11.19.11_1", "NAME_3": "Pronojiwo", "NAME_4": "Pronojiwo", "VARNAME_4": "NA", "TYPE_4": "Desa", "ENGTYPE_4": "Village", "CC_4": "3508020002", "padi_mean": 0.0, "jagung_mean": 0.5, "cabai_mean": 0.0, "tomat_mean": 0.0, "kentang_mean": 0.5, "wortel_mean": 0.5, "tebu_mean": 0.0 }, "geometry": { "type": "MultiPolygon", "coordinates": [ [ [ [ 112.933350765012591, -8.145858157509041 ], [ 112.92944177357343, -8.151307054666649 ], [ 112.929416423395679, -8.15145598696096 ], [ 112.927493317648398, -8.157232242170634 ], [ 112.923921507110464, -8.162162316150159 ], [ 112.923665009854986, -8.162352586127518 ], [ 112.924300743804196, -8.168709925619579 ], [ 112.923932322262075, -8.173184709153176 ], [ 112.925937611532859, -8.179790367927529 ], [ 112.926637805715316, -8.185482976624009 ], [ 112.927477590650227, -8.18684633135268 ], [ 112.928945355089141, -8.193022566289697 ], [ 112.928975214224835, -8.193425664621584 ], [ 112.930296554480321, -8.195867025562139 ], [ 112.93147101940356, -8.201623717517172 ], [ 112.932067041707541, -8.212683242491059 ], [ 112.934235764469619, -8.216775866089577 ], [ 112.93537075871393, -8.222418891129454 ], [ 112.935136349151747, -8.225007141214089 ], [ 112.937148261389282, -8.229000937148301 ], [ 112.9352, -8.233 ], [ 112.9355, -8.2398 ], [ 112.9287, -8.2335 ], [ 112.9326, -8.2262 ], [ 112.9313, -8.2188 ], [ 112.9324, -8.2153 ], [ 112.9308, -8.2112 ], [ 112.9318, -8.2096 ], [ 112.9278, -8.1967 ], [ 112.9222, -8.1883 ], [ 112.9242, -8.1817 ], [ 112.9206, -8.1575 ], [ 112.922, -8.1476 ], [ 112.9254, -8.1405 ], [ 112.922, -8.1197 ], [ 112.9235, -8.1149 ], [ 112.9307, -8.1274 ], [ 112.9312, -8.1324 ], [ 112.9339, -8.1367 ], [ 112.934199961493846, -8.143899075852461 ], [ 112.933350765012591, -8.145858157509041 ] ] ] ] } },
{ "type": "Feature", "properties": { "fid": 255, "GID_4": "IDN.11.19.11.3_1", "GID_0": "IDN", "COUNTRY": "Indonesia", "GID_1": "IDN.11_1", "NAME_1": "JawaTimur", "GID_2": "IDN.11.19_1", "NAME_2": "Lumajang", "GID_3": "IDN.11.19.11_1", "NAME_3": "Pronojiwo", "NAME_4": "Sidomulyo", "VARNAME_4": "NA", "TYPE_4": "Desa", "ENGTYPE_4": "Village", "CC_4": "3508020001", "padi_mean": 0.15503376393715462, "jagung_mean": 0.16859338891599479, "cabai_mean": 0.30806334197438096, "tomat_mean": 0.38084167898240257, "kentang_mean": 0.68194583980884993, "wortel_mean": 0.40958485935561784, "tebu_mean": 0.0035688067620709809 }, "geometry": { "type": "MultiPolygon", "coordinates": [ [ [ [ 112.9219, -8.1179 ], [ 112.9254, -8.1405 ], [ 112.922, -8.1476 ], [ 112.9206, -8.1575 ], [ 112.9242, -8.1817 ], [ 112.9222, -8.1883 ], [ 112.9278, -8.1967 ], [ 112.9318, -8.2096 ], [ 112.9308, -8.2112 ], [ 112.9324, -8.2153 ], [ 112.9313, -8.2188 ], [ 112.9326, -8.2262 ], [ 112.9287, -8.2335 ], [ 112.9341, -8.2395 ], [ 112.9371, -8.2401 ], [ 112.9351, -8.2499 ], [ 112.9293, -8.2504 ], [ 112.927, -8.2528 ], [ 112.9287, -8.2581 ], [ 112.9252, -8.2594 ], [ 112.9236, -8.2624 ], [ 112.9176, -8.2639 ], [ 112.914, -8.2621 ], [ 112.9183, -8.2575 ], [ 112.9207, -8.25 ], [ 112.9196, -8.2483 ], [ 112.921, -8.2414 ], [ 112.9165, -8.2337 ], [ 112.9143, -8.2281 ], [ 112.9154, -8.2235 ], [ 112.9124, -8.2194 ], [ 112.9115, -8.2027 ], [ 112.9094, -8.1999 ], [ 112.909, -8.1945 ], [ 112.9066, -8.1919 ], [ 112.9068, -8.1856 ], [ 112.9034, -8.1744 ], [ 112.9044, -8.1707 ], [ 112.9031, -8.1577 ], [ 112.9035, -8.1543 ], [ 112.9065, -8.1519 ], [ 112.9075, -8.1485 ], [ 112.9097, -8.1481 ], [ 112.9105, -8.1434 ], [ 112.9171, -8.1342 ], [ 112.9195, -8.127 ], [ 112.9186, -8.125 ], [ 112.9219, -8.1179 ] ] ] ] } },
{ "type": "Feature", "properties": { "fid": 256, "GID_4": "IDN.11.19.11.4_1", "GID_0": "IDN", "COUNTRY": "Indonesia", "GID_1": "IDN.11_1", "NAME_1": "JawaTimur", "GID_2": "IDN.11.19_1", "NAME_2": "Lumajang", "GID_3": "IDN.11.19.11_1", "NAME_3": "Pronojiwo", "NAME_4": "Sumberurip", "VARNAME_4": "NA", "TYPE_4": "Desa", "ENGTYPE_4": "Village", "CC_4": "3508020004", "padi_mean": 0.0, "jagung_mean": 0.5, "cabai_mean": 0.0, "tomat_mean": 0.0, "kentang_mean": 0.5, "wortel_mean": 0.5, "tebu_mean": 0.0 }, "geometry": { "type": "MultiPolygon", "coordinates": [ [ [ [ 112.938467201276936, -8.12926819539042 ], [ 112.93671809121804, -8.138089793948389 ], [ 112.934199961493846, -8.143899075852461 ], [ 112.9339, -8.1367 ], [ 112.9312, -8.1324 ], [ 112.9306, -8.1273 ], [ 112.9235, -8.1149 ], [ 112.9247, -8.1129 ], [ 112.9385, -8.1272 ], [ 112.938910904246953, -8.12840988472712 ], [ 112.938467201276936, -8.12926819539042 ] ] ] ] } },
{ "type": "Feature", "properties": { "fid": 257, "GID_4": "IDN.11.19.11.5_1", "GID_0": "IDN", "COUNTRY": "Indonesia", "GID_1": "IDN.11_1", "NAME_1": "JawaTimur", "GID_2": "IDN.11.19_1", "NAME_2": "Lumajang", "GID_3": "IDN.11.19.11_1", "NAME_3": "Pronojiwo", "NAME_4": "Supiturang", "VARNAME_4": "NA", "TYPE_4": "Desa", "ENGTYPE_4": "Village", "CC_4": "3508020006", "padi_mean": 0.0, "jagung_mean": 0.5, "cabai_mean": 0.0, "tomat_mean": 0.0, "kentang_mean": 0.5, "wortel_mean": 0.5, "tebu_mean": 0.0 }, "geometry": { "type": "MultiPolygon", "coordinates": [ [ [ [ 112.94326647101164, -8.119984362133138 ], [ 112.943072779019474, -8.120359045003237 ], [ 112.9222, -8.1078 ], [ 112.9325, -8.1093 ], [ 112.94507435462917, -8.114482673191748 ], [ 112.94326647101164, -8.119984362133138 ] ] ] ] } },
{ "type": "Feature", "properties": { "fid": 258, "GID_4": "IDN.11.19.11.6_1", "GID_0": "IDN", "COUNTRY": "Indonesia", "GID_1": "IDN.11_1", "NAME_1": "JawaTimur", "GID_2": "IDN.11.19_1", "NAME_2": "Lumajang", "GID_3": "IDN.11.19.11_1", "NAME_3": "Pronojiwo", "NAME_4": "Tamanayu", "VARNAME_4": "NA", "TYPE_4": "Desa", "ENGTYPE_4": "Village", "CC_4": "3508020003", "padi_mean": null, "jagung_mean": null, "cabai_mean": null, "tomat_mean": null, "kentang_mean": null, "wortel_mean": null, "tebu_mean": null }, "geometry": { "type": "MultiPolygon", "coordinates": [ [ [ [ 112.938861603606568, -8.232402049310972 ], [ 112.940822747408504, -8.238743181380155 ], [ 112.940600611782486, -8.245376935723991 ], [ 112.940256120119145, -8.247074787493343 ], [ 112.940664204935544, -8.251196044017421 ], [ 112.940231272777467, -8.253146959591081 ], [ 112.9366, -8.2535 ], [ 112.9344, -8.2483 ], [ 112.9371, -8.2401 ], [ 112.9355, -8.2398 ], [ 112.9352, -8.233 ], [ 112.937148261389282, -8.229000937148301 ], [ 112.938861603606568, -8.232402049310972 ] ] ] ] } },
{ "type": "Feature", "properties": { "fid": 259, "GID_4": "IDN.11.19.15.1_1", "GID_0": "IDN", "COUNTRY": "Indonesia", "GID_1": "IDN.11_1", "NAME_1": "JawaTimur", "GID_2": "IDN.11.19_1", "NAME_2": "Lumajang", "GID_3": "IDN.11.19.15_1", "NAME_3": "Senduro", "NAME_4": "Argosari", "VARNAME_4": "NA", "TYPE_4": "Desa", "ENGTYPE_4": "Village", "CC_4": "3508160012", "padi_mean": null, "jagung_mean": null, "cabai_mean": null, "tomat_mean": null, "kentang_mean": null, "wortel_mean": null, "tebu_mean": null }, "geometry": { "type": "MultiPolygon", "coordinates": [ [ [ [ 112.961695270907256, -7.987864797000177 ], [ 112.961353622087927, -7.988700705282113 ], [ 112.96, -7.9847 ], [ 112.961931033322216, -7.984083964829722 ], [ 112.961695270907256, -7.987864797000177 ] ] ] ] } },
{ "type": "Feature", "properties": { "fid": 260, "GID_4": "IDN.11.19.15.9_1", "GID_0": "IDN", "COUNTRY": "Indonesia", "GID_1": "IDN.11_1", "NAME_1": "JawaTimur", "GID_2": "IDN.11.19_1", "NAME_2": "Lumajang", "GID_3": "IDN.11.19.15_1", "NAME_3": "Senduro", "NAME_4": "Ranupane", "VARNAME_4": "NA", "TYPE_4": "Desa", "ENGTYPE_4": "Village", "CC_4": "3508160013", "padi_mean": 0.0, "jagung_mean": 0.5, "cabai_mean": 0.0, "tomat_mean": 0.0, "kentang_mean": 0.5, "wortel_mean": 0.5, "tebu_mean": 0.0 }, "geometry": { "type": "MultiPolygon", "coordinates": [ [ [ [ 112.959241519726149, -7.993868362117496 ], [ 112.957012533150859, -7.997496944914486 ], [ 112.956043810098052, -8.003490918803719 ], [ 112.954316968203713, -8.008982675667482 ], [ 112.953817647524261, -8.009722809380849 ], [ 112.954012684521189, -8.010533185826121 ], [ 112.954612684521194, -8.016933185826122 ], [ 112.95412066839863, -8.023578874234666 ], [ 112.951472605876006, -8.029694020934832 ], [ 112.946962479917843, -8.034599733740311 ], [ 112.94392442933183, -8.036957623747361 ], [ 112.9437, -8.0369 ], [ 112.9326, -8.0367 ], [ 112.9223, -8.032 ], [ 112.9349, -8.0176 ], [ 112.9341, -8.0124 ], [ 112.926, -8.0025 ], [ 112.927, -7.9971 ], [ 112.934, -8.0009 ], [ 112.9363, -8.0003 ], [ 112.9379, -7.9904 ], [ 112.9422, -7.9834 ], [ 112.9485, -7.9865 ], [ 112.96, -7.9847 ], [ 112.961353622087927, -7.988700705282113 ], [ 112.959241519726149, -7.993868362117496 ] ] ] ] } },
{ "type": "Feature", "properties": { "fid": 261, "GID_4": "IDN.11.19.20.1_1", "GID_0": "IDN", "COUNTRY": "Indonesia", "GID_1": "IDN.11_1", "NAME_1": "JawaTimur", "GID_2": "IDN.11.19_1", "NAME_2": "Lumajang", "GID_3": "IDN.11.19.20_1", "NAME_3": "Tempursari", "NAME_4": "Bulurejo", "VARNAME_4": "NA", "TYPE_4": "Desa", "ENGTYPE_4": "Village", "CC_4": "3508010002", "padi_mean": 1.0, "jagung_mean": 1.0, "cabai_mean": 0.5, "tomat_mean": 0.5, "kentang_mean": 0.5, "wortel_mean": 0.5, "tebu_mean": 0.5 }, "geometry": { "type": "MultiPolygon", "coordinates": [ [ [ [ 112.962146462800533, -8.312664933059883 ], [ 112.962515117247818, -8.318740680582179 ], [ 112.96103910338752, -8.324645932239847 ], [ 112.959695915821712, -8.326834446824499 ], [ 112.965270491427205, -8.330259788461612 ], [ 112.967964473784349, -8.332507532817134 ], [ 112.9672, -8.3331 ], [ 112.9587, -8.3304 ], [ 112.9583, -8.3281 ], [ 112.9602, -8.3255 ], [ 112.9593, -8.3231 ], [ 112.954, -8.3224 ], [ 112.9525, -8.3202 ], [ 112.9499, -8.3222 ], [ 112.9446, -8.3179 ], [ 112.9475, -8.3175 ], [ 112.9492, -8.3141 ], [ 112.9495, -8.3119 ], [ 112.947, -8.3082 ], [ 112.948, -8.3059 ], [ 112.9602, -8.3077 ], [ 112.9597, -8.31 ], [ 112.961712645729222, -8.310662700423036 ], [ 112.962146462800533, -8.312664933059883 ] ] ] ] } },
{ "type": "Feature", "properties": { "fid": 262, "GID_4": "IDN.11.19.20.2_1", "GID_0": "IDN", "COUNTRY": "Indonesia", "GID_1": "IDN.11_1", "NAME_1": "JawaTimur", "GID_2": "IDN.11.19_1", "NAME_2": "Lumajang", "GID_3": "IDN.11.19.20_1", "NAME_3": "Tempursari", "NAME_4": "Kaliuling", "VARNAME_4": "NA", "TYPE_4": "Desa", "ENGTYPE_4": "Village", "CC_4": "3508010007", "padi_mean": 0.52472139240894333, "jagung_mean": 1.0, "cabai_mean": 0.5, "tomat_mean": 0.5, "kentang_mean": 0.5, "wortel_mean": 0.78516717588615903, "tebu_mean": 0.5 }, "geometry": { "type": "MultiPolygon", "coordinates": [ [ [ [ 112.939296132261418, -8.257360969020144 ], [ 112.93549613226142, -8.266960969020145 ], [ 112.932517376188869, -8.272093900951074 ], [ 112.930517376188874, -8.274593900951073 ], [ 112.928900741569294, -8.276060380647996 ], [ 112.92994310256816, -8.276769785555571 ], [ 112.933816086840309, -8.281830391537417 ], [ 112.935821842486689, -8.28762484285749 ], [ 112.938167725532594, -8.288240033899321 ], [ 112.9363, -8.2921 ], [ 112.9167, -8.2928 ], [ 112.9155, -8.291 ], [ 112.9129, -8.2932 ], [ 112.9094, -8.2879 ], [ 112.9059, -8.2881 ], [ 112.9072, -8.2833 ], [ 112.9039, -8.2808 ], [ 112.9, -8.2708 ], [ 112.8999, -8.2662 ], [ 112.9049, -8.2739 ], [ 112.9078, -8.2752 ], [ 112.9083, -8.2692 ], [ 112.9115, -8.263 ], [ 112.9132, -8.2617 ], [ 112.9176, -8.2639 ], [ 112.9237, -8.2623 ], [ 112.9252, -8.2594 ], [ 112.9287, -8.2581 ], [ 112.927, -8.2528 ], [ 112.9306, -8.25 ], [ 112.9346, -8.2502 ], [ 112.9366, -8.2535 ], [ 112.940231272777467, -8.253146959591081 ], [ 112.939296132261418, -8.257360969020144 ] ] ] ] } },
{ "type": "Feature", "properties": { "fid": 263, "GID_4": "IDN.11.19.20.4_1", "GID_0": "IDN", "COUNTRY": "Indonesia", "GID_1": "IDN.11_1", "NAME_1": "JawaTimur", "GID_2": "IDN.11.19_1", "NAME_2": "Lumajang", "GID_3": "IDN.11.19.20_1", "NAME_3": "Tempursari", "NAME_4": "Purorejo", "VARNAME_4": "NA", "TYPE_4": "Desa", "ENGTYPE_4": "Village", "CC_4": "3508010003", "padi_mean": 0.99176053084539284, "jagung_mean": 1.0, "cabai_mean": 0.5, "tomat_mean": 0.5, "kentang_mean": 0.5, "wortel_mean": 0.50494368168920867, "tebu_mean": 0.5 }, "geometry": { "type": "MultiPolygon", "coordinates": [ [ [ [ 112.941501287545719, -8.289114236682552 ], [ 112.949401287545712, -8.292614236682553 ], [ 112.952092693093846, -8.294353727251094 ], [ 112.9504, -8.3068 ], [ 112.947, -8.3068 ], [ 112.9496, -8.3121 ], [ 112.9475, -8.3175 ], [ 112.9446, -8.3178 ], [ 112.9447, -8.3204 ], [ 112.9408, -8.3197 ], [ 112.9427, -8.3167 ], [ 112.9413, -8.3109 ], [ 112.9334, -8.3074 ], [ 112.9286, -8.3085 ], [ 112.9185, -8.3072 ], [ 112.9149, -8.3016 ], [ 112.9167, -8.2924 ], [ 112.9363, -8.2921 ], [ 112.938167725532594, -8.288240033899321 ], [ 112.941501287545719, -8.289114236682552 ] ] ] ] } },
{ "type": "Feature", "properties": { "fid": 264, "GID_4": "IDN.11.19.20.5_1", "GID_0": "IDN", "COUNTRY": "Indonesia", "GID_1": "IDN.11_1", "NAME_1": "JawaTimur", "GID_2": "IDN.11.19_1", "NAME_2": "Lumajang", "GID_3": "IDN.11.19.20_1", "NAME_3": "Tempursari", "NAME_4": "Tegalrejo", "VARNAME_4": "NA", "TYPE_4": "Desa", "ENGTYPE_4": "Village", "CC_4": "3508010001", "padi_mean": 0.76522810363512006, "jagung_mean": 1.0, "cabai_mean": 0.5, "tomat_mean": 0.5, "kentang_mean": 0.5, "wortel_mean": 0.5, "tebu_mean": 0.5 }, "geometry": { "type": "MultiPolygon", "coordinates": [ [ [ [ 112.969688887609081, -8.333946310406322 ], [ 112.969806267326931, -8.334122864809457 ], [ 112.9596, -8.3532 ], [ 112.9566, -8.3511 ], [ 112.9548, -8.3473 ], [ 112.9382, -8.3371 ], [ 112.9347, -8.3318 ], [ 112.9352, -8.3253 ], [ 112.941, -8.3196 ], [ 112.9447, -8.3204 ], [ 112.945, -8.3192 ], [ 112.95, -8.3222 ], [ 112.9525, -8.3202 ], [ 112.954, -8.3224 ], [ 112.9593, -8.3231 ], [ 112.9602, -8.3255 ], [ 112.9585, -8.33 ], [ 112.9643, -8.333 ], [ 112.968127929734251, -8.332643913513092 ], [ 112.969688887609081, -8.333946310406322 ] ] ] ] } },
{ "type": "Feature", "properties": { "fid": 265, "GID_4": "IDN.11.19.20.6_1", "GID_0": "IDN", "COUNTRY": "Indonesia", "GID_1": "IDN.11_1", "NAME_1": "JawaTimur", "GID_2": "IDN.11.19_1", "NAME_2": "Lumajang", "GID_3": "IDN.11.19.20_1", "NAME_3": "Tempursari", "NAME_4": "Tempurrejo", "VARNAME_4": "NA", "TYPE_4": "Desa", "ENGTYPE_4": "Village", "CC_4": "3508010004", "padi_mean": 1.0, "jagung_mean": 1.0, "cabai_mean": 0.5, "tomat_mean": 0.5, "kentang_mean": 0.5, "wortel_mean": 0.5, "tebu_mean": 0.5 }, "geometry": { "type": "MultiPolygon", "coordinates": [ [ [ [ 112.954644972719166, -8.296003298918054 ], [ 112.958588124342455, -8.300844118302214 ], [ 112.960846462800532, -8.306664933059883 ], [ 112.961712645729222, -8.310662700423036 ], [ 112.9597, -8.31 ], [ 112.9602, -8.3077 ], [ 112.9504, -8.3068 ], [ 112.952092693093846, -8.294353727251094 ], [ 112.954644972719166, -8.296003298918054 ] ] ] ] } },
{ "type": "Feature", "properties": { "fid": 266, "GID_4": "IDN.11.22.1.1_1", "GID_0": "IDN", "COUNTRY": "Indonesia", "GID_1": "IDN.11_1", "NAME_1": "JawaTimur", "GID_2": "IDN.11.22_1", "NAME_2": "Malang", "GID_3": "IDN.11.22.1_1", "NAME_3": "Ampelgading", "NAME_4": "Argoyuwono", "VARNAME_4": "NA", "TYPE_4": "Desa", "ENGTYPE_4": "Village", "CC_4": "3507090011", "padi_mean": 0.10000000149011612, "jagung_mean": 0.10000000149011612, "cabai_mean": 0.25, "tomat_mean": 0.35000000149011612, "kentang_mean": 0.75, "wortel_mean": 0.40000000596046448, "tebu_mean": 0.0 }, "geometry": { "type": "MultiPolygon", "coordinates": [ [ [ [ 112.9119, -8.1412 ], [ 112.9097, -8.1481 ], [ 112.9075, -8.1485 ], [ 112.9065, -8.1519 ], [ 112.9035, -8.1543 ], [ 112.9031, -8.1577 ], [ 112.9044, -8.1707 ], [ 112.9034, -8.1744 ], [ 112.9068, -8.1856 ], [ 112.9066, -8.1919 ], [ 112.909, -8.1945 ], [ 112.9094, -8.1979 ], [ 112.9061, -8.1996 ], [ 112.9052, -8.2027 ], [ 112.898, -8.2035 ], [ 112.8942, -8.2064 ], [ 112.8862, -8.2053 ], [ 112.8813, -8.2078 ], [ 112.8811, -8.1967 ], [ 112.8826, -8.1959 ], [ 112.8816, -8.1943 ], [ 112.8839, -8.1933 ], [ 112.8814, -8.1845 ], [ 112.8848, -8.1788 ], [ 112.888, -8.1678 ], [ 112.8872, -8.162 ], [ 112.885, -8.168 ], [ 112.8837, -8.1679 ], [ 112.8855, -8.1616 ], [ 112.8905, -8.1596 ], [ 112.8885, -8.1555 ], [ 112.882, -8.1554 ], [ 112.884, -8.1486 ], [ 112.8941, -8.1435 ], [ 112.8988, -8.1458 ], [ 112.9054, -8.1454 ], [ 112.9119, -8.1412 ] ] ] ] } },
{ "type": "Feature", "properties": { "fid": 267, "GID_4": "IDN.11.22.1.2_1", "GID_0": "IDN", "COUNTRY": "Indonesia", "GID_1": "IDN.11_1", "NAME_1": "JawaTimur", "GID_2": "IDN.11.22_1", "NAME_2": "Malang", "GID_3": "IDN.11.22.1_1", "NAME_3": "Ampelgading", "NAME_4": "Lebakharjo", "VARNAME_4": "NA", "TYPE_4": "Desa", "ENGTYPE_4": "Village", "CC_4": "3507090001", "padi_mean": 0.625, "jagung_mean": 1.0, "cabai_mean": 0.5, "tomat_mean": 0.5, "kentang_mean": 0.5, "wortel_mean": 0.65000000596046448, "tebu_mean": 0.5 }, "geometry": { "type": "MultiPolygon", "coordinates": [ [ [ [ 112.9059, -8.2881 ], [ 112.9094, -8.2879 ], [ 112.9129, -8.2932 ], [ 112.9162, -8.2913 ], [ 112.9169, -8.2953 ], [ 112.9149, -8.3016 ], [ 112.9185, -8.3072 ], [ 112.9286, -8.3085 ], [ 112.9334, -8.3074 ], [ 112.9413, -8.3109 ], [ 112.9426, -8.3169 ], [ 112.9348, -8.3261 ], [ 112.9347, -8.3318 ], [ 112.9382, -8.3371 ], [ 112.9548, -8.3473 ], [ 112.9566, -8.3511 ], [ 112.9596, -8.3532 ], [ 112.9474, -8.3603 ], [ 112.9482, -8.3635 ], [ 112.9456, -8.3646 ], [ 112.9469, -8.3675 ], [ 112.9459, -8.3667 ], [ 112.9448, -8.3681 ], [ 112.9451, -8.3704 ], [ 112.9399, -8.3724 ], [ 112.9403, -8.3739 ], [ 112.9436, -8.3745 ], [ 112.9394, -8.3757 ], [ 112.9381, -8.3817 ], [ 112.9363, -8.3823 ], [ 112.9359, -8.381 ], [ 112.935, -8.3832 ], [ 112.933, -8.3806 ], [ 112.9311, -8.3808 ], [ 112.9324, -8.3883 ], [ 112.9292, -8.3852 ], [ 112.9292, -8.3904 ], [ 112.9251, -8.388 ], [ 112.9245, -8.3897 ], [ 112.9226, -8.389 ], [ 112.9226, -8.3924 ], [ 112.9152, -8.3943 ], [ 112.9159, -8.398 ], [ 112.9123, -8.3994 ], [ 112.9109, -8.3989 ], [ 112.9124, -8.3955 ], [ 112.9111, -8.3941 ], [ 112.9119, -8.3908 ], [ 112.9158, -8.3857 ], [ 112.9216, -8.3822 ], [ 112.9141, -8.3768 ], [ 112.9122, -8.3726 ], [ 112.9098, -8.3711 ], [ 112.9069, -8.3719 ], [ 112.9037, -8.3671 ], [ 112.8992, -8.366 ], [ 112.8985, -8.3622 ], [ 112.9002, -8.3586 ], [ 112.8982, -8.3551 ], [ 112.8917, -8.3566 ], [ 112.8897, -8.3543 ], [ 112.8851, -8.353 ], [ 112.8808, -8.3553 ], [ 112.8796, -8.3598 ], [ 112.8781, -8.3587 ], [ 112.8761, -8.361 ], [ 112.8721, -8.3611 ], [ 112.8654, -8.3578 ], [ 112.8631, -8.3597 ], [ 112.8611, -8.3594 ], [ 112.8556, -8.3535 ], [ 112.85, -8.3398 ], [ 112.846, -8.3349 ], [ 112.851, -8.3269 ], [ 112.8623, -8.3242 ], [ 112.8666, -8.3167 ], [ 112.8811, -8.3125 ], [ 112.8816, -8.3015 ], [ 112.8849, -8.2975 ], [ 112.8833, -8.2947 ], [ 112.8842, -8.291 ], [ 112.8857, -8.2903 ], [ 112.8842, -8.2878 ], [ 112.8854, -8.2862 ], [ 112.8877, -8.2852 ], [ 112.8933, -8.2882 ], [ 112.9013, -8.2867 ], [ 112.9059, -8.2881 ] ] ] ] } },
{ "type": "Feature", "properties": { "fid": 268, "GID_4": "IDN.11.22.1.3_1", "GID_0": "IDN", "COUNTRY": "Indonesia", "GID_1": "IDN.11_1", "NAME_1": "JawaTimur", "GID_2": "IDN.11.22_1", "NAME_2": "Malang", "GID_3": "IDN.11.22.1_1", "NAME_3": "Ampelgading", "NAME_4": "Mulyoasri", "VARNAME_4": "NA", "TYPE_4": "Desa", "ENGTYPE_4": "Village", "CC_4": "3507090012", "padi_mean": 0.17953053315890691, "jagung_mean": 0.17953053315890691, "cabai_mean": 0.44859851031227316, "tomat_mean": 0.4691591064937406, "kentang_mean": 0.5514392812493456, "wortel_mean": 0.47937865444667233, "tebu_mean": 0.0 }, "geometry": { "type": "MultiPolygon", "coordinates": [ [ [ [ 112.882, -8.1554 ], [ 112.8885, -8.1555 ], [ 112.8905, -8.1596 ], [ 112.8855, -8.1616 ], [ 112.8837, -8.1679 ], [ 112.885, -8.168 ], [ 112.8872, -8.162 ], [ 112.888, -8.1678 ], [ 112.8848, -8.1788 ], [ 112.8814, -8.1845 ], [ 112.8839, -8.1933 ], [ 112.8816, -8.1943 ], [ 112.8826, -8.1959 ], [ 112.8811, -8.1967 ], [ 112.8807, -8.2045 ], [ 112.8822, -8.2084 ], [ 112.8701, -8.2083 ], [ 112.8623, -8.2062 ], [ 112.861, -8.186 ], [ 112.8633, -8.1831 ], [ 112.8624, -8.1808 ], [ 112.866, -8.1776 ], [ 112.8693, -8.1783 ], [ 112.8736, -8.1709 ], [ 112.8728, -8.1667 ], [ 112.8803, -8.166 ], [ 112.8799, -8.1606 ], [ 112.8783, -8.159 ], [ 112.882, -8.1554 ] ] ] ] } },
{ "type": "Feature", "properties": { "fid": 269, "GID_4": "IDN.11.22.1.4_1", "GID_0": "IDN", "COUNTRY": "Indonesia", "GID_1": "IDN.11_1", "NAME_1": "JawaTimur", "GID_2": "IDN.11.22_1", "NAME_2": "Malang", "GID_3": "IDN.11.22.1_1", "NAME_3": "Ampelgading", "NAME_4": "Purwoharjo", "VARNAME_4": "NA", "TYPE_4": "Desa", "ENGTYPE_4": "Village", "CC_4": "3507090006", "padi_mean": 0.5, "jagung_mean": 0.86967688236489038, "cabai_mean": 0.5, "tomat_mean": 0.5, "kentang_mean": 0.5, "wortel_mean": 0.66967689428581922, "tebu_mean": 0.36967688236489032 }, "geometry": { "type": "MultiPolygon", "coordinates": [ [ [ [ 112.9132, -8.2617 ], [ 112.9083, -8.2692 ], [ 112.9088, -8.2741 ], [ 112.9061, -8.2747 ], [ 112.9026, -8.2687 ], [ 112.8946, -8.2624 ], [ 112.8944, -8.2474 ], [ 112.8926, -8.2444 ], [ 112.8936, -8.241 ], [ 112.8963, -8.2396 ], [ 112.8999, -8.2426 ], [ 112.905, -8.2422 ], [ 112.9059, -8.2466 ], [ 112.9072, -8.2471 ], [ 112.906, -8.2487 ], [ 112.9069, -8.2516 ], [ 112.9105, -8.2573 ], [ 112.9136, -8.2592 ], [ 112.9132, -8.2617 ] ] ] ] } },
{ "type": "Feature", "properties": { "fid": 270, "GID_4": "IDN.11.22.1.5_1", "GID_0": "IDN", "COUNTRY": "Indonesia", "GID_1": "IDN.11_1", "NAME_1": "JawaTimur", "GID_2": "IDN.11.22_1", "NAME_2": "Malang", "GID_3": "IDN.11.22.1_1", "NAME_3": "Ampelgading", "NAME_4": "Sidorenggo", "VARNAME_4": "NA", "TYPE_4": "Desa", "ENGTYPE_4": "Village", "CC_4": "3507090007", "padi_mean": 0.45557041444531676, "jagung_mean": 0.51026673181767868, "cabai_mean": 0.5, "tomat_mean": 0.5, "kentang_mean": 0.5, "wortel_mean": 0.38431605152518528, "tebu_mean": 0.0546963173723619 }, "geometry": { "type": "MultiPolygon", "coordinates": [ [ [ [ 112.9094, -8.1979 ], [ 112.9117, -8.2044 ], [ 112.9124, -8.2194 ], [ 112.9154, -8.2235 ], [ 112.9143, -8.2281 ], [ 112.921, -8.2414 ], [ 112.9196, -8.2483 ], [ 112.9207, -8.2501 ], [ 112.9182, -8.2577 ], [ 112.9144, -8.2622 ], [ 112.9132, -8.2617 ], [ 112.9136, -8.2592 ], [ 112.9093, -8.2558 ], [ 112.9062, -8.2496 ], [ 112.9072, -8.2471 ], [ 112.9059, -8.2466 ], [ 112.905, -8.2422 ], [ 112.9064, -8.241 ], [ 112.9077, -8.2338 ], [ 112.9014, -8.2261 ], [ 112.9011, -8.2224 ], [ 112.8954, -8.2144 ], [ 112.8969, -8.2104 ], [ 112.8951, -8.2056 ], [ 112.898, -8.2035 ], [ 112.9061, -8.2023 ], [ 112.9061, -8.1996 ], [ 112.9094, -8.1979 ] ] ] ] } },
{ "type": "Feature", "properties": { "fid": 271, "GID_4": "IDN.11.22.1.6_1", "GID_0": "IDN", "COUNTRY": "Indonesia", "GID_1": "IDN.11_1", "NAME_1": "JawaTimur", "GID_2": "IDN.11.22_1", "NAME_2": "Malang", "GID_3": "IDN.11.22.1_1", "NAME_3": "Ampelgading", "NAME_4": "Simojayan", "VARNAME_4": "NA", "TYPE_4": "Desa", "ENGTYPE_4": "Village", "CC_4": "3507090010", "padi_mean": 0.35389458545847108, "jagung_mean": 0.35389458545847108, "cabai_mean": 0.5, "tomat_mean": 0.5, "kentang_mean": 0.5, "wortel_mean": 0.39740361677719194, "tebu_mean": 0.0 }, "geometry": { "type": "MultiPolygon", "coordinates": [ [ [ [ 112.8611, -8.1879 ], [ 112.8641, -8.2206 ], [ 112.8547, -8.2225 ], [ 112.8466, -8.2273 ], [ 112.8396, -8.2254 ], [ 112.8393, -8.2197 ], [ 112.8471, -8.206 ], [ 112.8465, -8.1984 ], [ 112.8503, -8.1912 ], [ 112.8494, -8.1899 ], [ 112.8512, -8.184 ], [ 112.8523, -8.1826 ], [ 112.8554, -8.1831 ], [ 112.8611, -8.1879 ] ] ] ] } },
{ "type": "Feature", "properties": { "fid": 272, "GID_4": "IDN.11.22.1.7_1", "GID_0": "IDN", "COUNTRY": "Indonesia", "GID_1": "IDN.11_1", "NAME_1": "JawaTimur", "GID_2": "IDN.11.22_1", "NAME_2": "Malang", "GID_3": "IDN.11.22.1_1", "NAME_3": "Ampelgading", "NAME_4": "Sonowangi", "VARNAME_4": "NA", "TYPE_4": "Desa", "ENGTYPE_4": "Village", "CC_4": "3507090004", "padi_mean": 0.5, "jagung_mean": 0.85252801936109379, "cabai_mean": 0.5, "tomat_mean": 0.5, "kentang_mean": 0.5, "wortel_mean": 0.75887899329640718, "tebu_mean": 0.35252801936109368 }, "geometry": { "type": "MultiPolygon", "coordinates": [ [ [ [ 112.8999, -8.2662 ], [ 112.9, -8.2708 ], [ 112.9039, -8.2808 ], [ 112.9072, -8.2833 ], [ 112.9059, -8.2881 ], [ 112.9013, -8.2867 ], [ 112.8933, -8.2882 ], [ 112.8877, -8.2852 ], [ 112.8858, -8.286 ], [ 112.8807, -8.2821 ], [ 112.8788, -8.2783 ], [ 112.8793, -8.2731 ], [ 112.8736, -8.2651 ], [ 112.8706, -8.2663 ], [ 112.8702, -8.2649 ], [ 112.8677, -8.265 ], [ 112.868, -8.2631 ], [ 112.8621, -8.262 ], [ 112.8598, -8.2597 ], [ 112.8622, -8.2543 ], [ 112.8585, -8.25 ], [ 112.8588, -8.245 ], [ 112.8645, -8.2419 ], [ 112.8741, -8.25 ], [ 112.8828, -8.2513 ], [ 112.8826, -8.2553 ], [ 112.8872, -8.2613 ], [ 112.8876, -8.2644 ], [ 112.8961, -8.2642 ], [ 112.8999, -8.2662 ] ] ] ] } },
{ "type": "Feature", "properties": { "fid": 273, "GID_4": "IDN.11.22.1.8_1", "GID_0": "IDN", "COUNTRY": "Indonesia", "GID_1": "IDN.11_1", "NAME_1": "JawaTimur", "GID_2": "IDN.11.22_1", "NAME_2": "Malang", "GID_3": "IDN.11.22.1_1", "NAME_3": "Ampelgading", "NAME_4": "Tamanasri", "VARNAME_4": "NA", "TYPE_4": "Desa", "ENGTYPE_4": "Village", "CC_4": "3507090003", "padi_mean": 0.5, "jagung_mean": 0.5, "cabai_mean": 0.5, "tomat_mean": 0.5, "kentang_mean": 0.5, "wortel_mean": 0.30000001192092896, "tebu_mean": 0.0 }, "geometry": { "type": "MultiPolygon", "coordinates": [ [ [ [ 112.8466, -8.2273 ], [ 112.8547, -8.2225 ], [ 112.8641, -8.2206 ], [ 112.8657, -8.2283 ], [ 112.8676, -8.2293 ], [ 112.8665, -8.2342 ], [ 112.8682, -8.2343 ], [ 112.8676, -8.2423 ], [ 112.8698, -8.2458 ], [ 112.8645, -8.2419 ], [ 112.8607, -8.2435 ], [ 112.8497, -8.2413 ], [ 112.8485, -8.2385 ], [ 112.8456, -8.2374 ], [ 112.8466, -8.2273 ] ] ] ] } },
{ "type": "Feature", "properties": { "fid": 274, "GID_4": "IDN.11.22.1.9_1", "GID_0": "IDN", "COUNTRY": "Indonesia", "GID_1": "IDN.11_1", "NAME_1": "JawaTimur", "GID_2": "IDN.11.22_1", "NAME_2": "Malang", "GID_3": "IDN.11.22.1_1", "NAME_3": "Ampelgading", "NAME_4": "Tamansari", "VARNAME_4": "NA", "TYPE_4": "Desa", "ENGTYPE_4": "Village", "CC_4": "3507090013", "padi_mean": 0.086000052896798684, "jagung_mean": 0.19190172067165434, "cabai_mean": 0.19568935341991683, "tomat_mean": 0.24994893557631737, "kentang_mean": 0.76069900399796764, "wortel_mean": 0.43608503335770676, "tebu_mean": 0.0 }, "geometry": { "type": "MultiPolygon", "coordinates": [ [ [ [ 112.9254, -8.1098 ], [ 112.9186, -8.125 ], [ 112.9195, -8.127 ], [ 112.9171, -8.1342 ], [ 112.9119, -8.1412 ], [ 112.9054, -8.1454 ], [ 112.8988, -8.1458 ], [ 112.8941, -8.1435 ], [ 112.884, -8.1486 ], [ 112.882, -8.1554 ], [ 112.8783, -8.159 ], [ 112.8799, -8.1606 ], [ 112.8803, -8.166 ], [ 112.8728, -8.1667 ], [ 112.8736, -8.1709 ], [ 112.8693, -8.1783 ], [ 112.866, -8.1776 ], [ 112.8634, -8.1795 ], [ 112.8611, -8.1879 ], [ 112.8597, -8.1872 ], [ 112.8586, -8.1808 ], [ 112.8569, -8.1797 ], [ 112.8577, -8.1751 ], [ 112.8563, -8.1646 ], [ 112.862, -8.1524 ], [ 112.8622, -8.1501 ], [ 112.8594, -8.1454 ], [ 112.863, -8.1385 ], [ 112.8605, -8.137 ], [ 112.8513, -8.1406 ], [ 112.8473, -8.1303 ], [ 112.8555, -8.1184 ], [ 112.8569, -8.1133 ], [ 112.8648, -8.1106 ], [ 112.8661, -8.1078 ], [ 112.8742, -8.1119 ], [ 112.8877, -8.1089 ], [ 112.9132, -8.1094 ], [ 112.9222, -8.1078 ], [ 112.9254, -8.1098 ] ] ] ] } },
{ "type": "Feature", "properties": { "fid": 275, "GID_4": "IDN.11.22.1.10_1", "GID_0": "IDN", "COUNTRY": "Indonesia", "GID_1": "IDN.11_1", "NAME_1": "JawaTimur", "GID_2": "IDN.11.22_1", "NAME_2": "Malang", "GID_3": "IDN.11.22.1_1", "NAME_3": "Ampelgading", "NAME_4": "Tawangagung", "VARNAME_4": "NA", "TYPE_4": "Desa", "ENGTYPE_4": "Village", "CC_4": "3507090009", "padi_mean": 0.49326119312633387, "jagung_mean": 0.49326119312633387, "cabai_mean": 0.5, "tomat_mean": 0.5, "kentang_mean": 0.5, "wortel_mean": 0.30449254961355954, "tebu_mean": 0.0 }, "geometry": { "type": "MultiPolygon", "coordinates": [ [ [ [ 112.8623, -8.2062 ], [ 112.8701, -8.2083 ], [ 112.8815, -8.2084 ], [ 112.8827, -8.2125 ], [ 112.883, -8.2164 ], [ 112.8811, -8.2174 ], [ 112.8783, -8.226 ], [ 112.8792, -8.2281 ], [ 112.8771, -8.2274 ], [ 112.8693, -8.232 ], [ 112.8685, -8.2345 ], [ 112.8665, -8.2342 ], [ 112.8676, -8.2293 ], [ 112.865, -8.2261 ], [ 112.8623, -8.2062 ] ] ] ] } },
{ "type": "Feature", "properties": { "fid": 276, "GID_4": "IDN.11.22.1.11_1", "GID_0": "IDN", "COUNTRY": "Indonesia", "GID_1": "IDN.11_1", "NAME_1": "JawaTimur", "GID_2": "IDN.11.22_1", "NAME_2": "Malang", "GID_3": "IDN.11.22.1_1", "NAME_3": "Ampelgading", "NAME_4": "Tirtomarto", "VARNAME_4": "NA", "TYPE_4": "Desa", "ENGTYPE_4": "Village", "CC_4": "3507090005", "padi_mean": 0.5, "jagung_mean": 0.62853747222484646, "cabai_mean": 0.5, "tomat_mean": 0.5, "kentang_mean": 0.5, "wortel_mean": 0.42858630465930392, "tebu_mean": 0.12853747222484643 }, "geometry": { "type": "MultiPolygon", "coordinates": [ [ [ [ 112.8963, -8.2396 ], [ 112.8926, -8.2434 ], [ 112.8944, -8.2474 ], [ 112.8954, -8.2641 ], [ 112.8926, -8.2652 ], [ 112.8868, -8.2637 ], [ 112.8872, -8.2613 ], [ 112.8826, -8.2553 ], [ 112.8828, -8.2513 ], [ 112.8741, -8.25 ], [ 112.8676, -8.2423 ], [ 112.8688, -8.2326 ], [ 112.8771, -8.2274 ], [ 112.8795, -8.2282 ], [ 112.8842, -8.2342 ], [ 112.8924, -8.2351 ], [ 112.8961, -8.2375 ], [ 112.8963, -8.2396 ] ] ] ] } },
{ "type": "Feature", "properties": { "fid": 277, "GID_4": "IDN.11.22.1.12_1", "GID_0": "IDN", "COUNTRY": "Indonesia", "GID_1": "IDN.11_1", "NAME_1": "JawaTimur", "GID_2": "IDN.11.22_1", "NAME_2": "Malang", "GID_3": "IDN.11.22.1_1", "NAME_3": "Ampelgading", "NAME_4": "Tirtomoyo", "VARNAME_4": "NA", "TYPE_4": "Desa", "ENGTYPE_4": "Village", "CC_4": "3507090008", "padi_mean": 0.48524864636096254, "jagung_mean": 0.48524864636096254, "cabai_mean": 0.5, "tomat_mean": 0.5, "kentang_mean": 0.5, "wortel_mean": 0.3098342471918154, "tebu_mean": 0.0 }, "geometry": { "type": "MultiPolygon", "coordinates": [ [ [ [ 112.8814, -8.2078 ], [ 112.8862, -8.2053 ], [ 112.8904, -8.2066 ], [ 112.8951, -8.2056 ], [ 112.8969, -8.2104 ], [ 112.8954, -8.2144 ], [ 112.9011, -8.2224 ], [ 112.9014, -8.2261 ], [ 112.9077, -8.2338 ], [ 112.9057, -8.2418 ], [ 112.8999, -8.2426 ], [ 112.8963, -8.2396 ], [ 112.8961, -8.2375 ], [ 112.8924, -8.2351 ], [ 112.8842, -8.2342 ], [ 112.8792, -8.228 ], [ 112.8783, -8.226 ], [ 112.8798, -8.2211 ], [ 112.8811, -8.2174 ], [ 112.883, -8.2164 ], [ 112.8814, -8.2078 ] ] ] ] } },
{ "type": "Feature", "properties": { "fid": 278, "GID_4": "IDN.11.22.1.13_1", "GID_0": "IDN", "COUNTRY": "Indonesia", "GID_1": "IDN.11_1", "NAME_1": "JawaTimur", "GID_2": "IDN.11.22_1", "NAME_2": "Malang", "GID_3": "IDN.11.22.1_1", "NAME_3": "Ampelgading", "NAME_4": "Wirotaman", "VARNAME_4": "NA", "TYPE_4": "Desa", "ENGTYPE_4": "Village", "CC_4": "3507090002", "padi_mean": 0.5, "jagung_mean": 0.54571912072722761, "cabai_mean": 0.5, "tomat_mean": 0.5, "kentang_mean": 0.5, "wortel_mean": 0.70790199170754176, "tebu_mean": 0.045719120727227572 }, "geometry": { "type": "MultiPolygon", "coordinates": [ [ [ [ 112.8608, -8.2435 ], [ 112.8607, -8.245 ], [ 112.8588, -8.245 ], [ 112.8585, -8.25 ], [ 112.8622, -8.2543 ], [ 112.8598, -8.2597 ], [ 112.8621, -8.262 ], [ 112.868, -8.2631 ], [ 112.8677, -8.265 ], [ 112.8702, -8.2649 ], [ 112.8706, -8.2663 ], [ 112.8736, -8.265 ], [ 112.8774, -8.2698 ], [ 112.8807, -8.2821 ], [ 112.8766, -8.2847 ], [ 112.8692, -8.2805 ], [ 112.8683, -8.2759 ], [ 112.8612, -8.2708 ], [ 112.8582, -8.2713 ], [ 112.8568, -8.2737 ], [ 112.8514, -8.2737 ], [ 112.8489, -8.2755 ], [ 112.8469, -8.2742 ], [ 112.8485, -8.2531 ], [ 112.8442, -8.2429 ], [ 112.8445, -8.2392 ], [ 112.8462, -8.2374 ], [ 112.8485, -8.2385 ], [ 112.8497, -8.2413 ], [ 112.8608, -8.2435 ] ] ] ] } },
{ "type": "Feature", "properties": { "fid": 279, "GID_4": "IDN.11.22.2.1_1", "GID_0": "IDN", "COUNTRY": "Indonesia", "GID_1": "IDN.11_1", "NAME_1": "JawaTimur", "GID_2": "IDN.11.22_1", "NAME_2": "Malang", "GID_3": "IDN.11.22.2_1", "NAME_3": "Bantur", "NAME_4": "Bandungrejo", "VARNAME_4": "NA", "TYPE_4": "Desa", "ENGTYPE_4": "Village", "CC_4": "3507040001", "padi_mean": 0.5, "jagung_mean": 1.0, "cabai_mean": 0.5, "tomat_mean": 0.5, "kentang_mean": 0.5, "wortel_mean": 0.65000000596046448, "tebu_mean": 0.5 }, "geometry": { "type": "MultiPolygon", "coordinates": [ [ [ [ 112.5115, -8.3961 ], [ 112.511, -8.3946 ], [ 112.5095, -8.3966 ], [ 112.5089, -8.4015 ], [ 112.5068, -8.4025 ], [ 112.5055, -8.4009 ], [ 112.5054, -8.4038 ], [ 112.5047, -8.4023 ], [ 112.5029, -8.4047 ], [ 112.5034, -8.4021 ], [ 112.5016, -8.4025 ], [ 112.5017, -8.4009 ], [ 112.4964, -8.3995 ], [ 112.4962, -8.401 ], [ 112.4944, -8.4011 ], [ 112.4873, -8.3993 ], [ 112.4833, -8.3908 ], [ 112.4833, -8.3894 ], [ 112.4854, -8.3898 ], [ 112.4873, -8.3876 ], [ 112.4912, -8.3746 ], [ 112.4896, -8.3667 ], [ 112.4921, -8.3626 ], [ 112.4952, -8.3622 ], [ 112.4949, -8.3592 ], [ 112.4981, -8.3529 ], [ 112.4975, -8.3494 ], [ 112.4996, -8.3456 ], [ 112.4973, -8.3424 ], [ 112.505, -8.3381 ], [ 112.5026, -8.3322 ], [ 112.4992, -8.3289 ], [ 112.5051, -8.3142 ], [ 112.5032, -8.3134 ], [ 112.5062, -8.3047 ], [ 112.5047, -8.3026 ], [ 112.5067, -8.2988 ], [ 112.5056, -8.2956 ], [ 112.5075, -8.2935 ], [ 112.5122, -8.2945 ], [ 112.5239, -8.2924 ], [ 112.5355, -8.2937 ], [ 112.546, -8.2925 ], [ 112.5478, -8.2946 ], [ 112.5446, -8.2995 ], [ 112.5464, -8.3001 ], [ 112.5471, -8.3029 ], [ 112.5421, -8.313 ], [ 112.5388, -8.3144 ], [ 112.5306, -8.3126 ], [ 112.5274, -8.3149 ], [ 112.5262, -8.3321 ], [ 112.5276, -8.3354 ], [ 112.5266, -8.347 ], [ 112.5278, -8.3524 ], [ 112.526, -8.3575 ], [ 112.5266, -8.3653 ], [ 112.5234, -8.3732 ], [ 112.5191, -8.3775 ], [ 112.5115, -8.3961 ] ] ] ] } },
{ "type": "Feature", "properties": { "fid": 280, "GID_4": "IDN.11.22.2.2_1", "GID_0": "IDN", "COUNTRY": "Indonesia", "GID_1": "IDN.11_1", "NAME_1": "JawaTimur", "GID_2": "IDN.11.22_1", "NAME_2": "Malang", "GID_3": "IDN.11.22.2_1", "NAME_3": "Bantur", "NAME_4": "Bantur", "VARNAME_4": "NA", "TYPE_4": "Desa", "ENGTYPE_4": "Village", "CC_4": "3507040005", "padi_mean": 0.5, "jagung_mean": 1.0, "cabai_mean": 0.5, "tomat_mean": 0.5, "kentang_mean": 0.5, "wortel_mean": 0.65000000596046448, "tebu_mean": 0.5 }, "geometry": { "type": "MultiPolygon", "coordinates": [ [ [ [ 112.5506, -8.3009 ], [ 112.5615, -8.3017 ], [ 112.5618, -8.2975 ], [ 112.564, -8.2961 ], [ 112.5687, -8.2966 ], [ 112.569, -8.2996 ], [ 112.5731, -8.2991 ], [ 112.575, -8.3006 ], [ 112.5771, -8.2963 ], [ 112.5749, -8.2948 ], [ 112.5759, -8.2918 ], [ 112.5801, -8.2912 ], [ 112.5844, -8.2839 ], [ 112.5883, -8.2843 ], [ 112.5911, -8.2854 ], [ 112.598, -8.2932 ], [ 112.5981, -8.3006 ], [ 112.5927, -8.3003 ], [ 112.5929, -8.3035 ], [ 112.599, -8.3049 ], [ 112.6007, -8.3072 ], [ 112.6068, -8.3073 ], [ 112.6078, -8.3136 ], [ 112.6008, -8.3168 ], [ 112.6013, -8.32 ], [ 112.5996, -8.3238 ], [ 112.5837, -8.3296 ], [ 112.5811, -8.3339 ], [ 112.5758, -8.3368 ], [ 112.5747, -8.3356 ], [ 112.5797, -8.3233 ], [ 112.5787, -8.3178 ], [ 112.566, -8.3178 ], [ 112.5646, -8.3251 ], [ 112.5486, -8.3262 ], [ 112.5477, -8.3161 ], [ 112.5495, -8.3148 ], [ 112.5557, -8.3151 ], [ 112.5529, -8.31 ], [ 112.5541, -8.302 ], [ 112.5506, -8.3009 ] ] ] ] } },
{ "type": "Feature", "properties": { "fid": 281, "GID_4": "IDN.11.22.2.3_1", "GID_0": "IDN", "COUNTRY": "Indonesia", "GID_1": "IDN.11_1", "NAME_1": "JawaTimur", "GID_2": "IDN.11.22_1", "NAME_2": "Malang", "GID_3": "IDN.11.22.2_1", "NAME_3": "Bantur", "NAME_4": "Karangsari", "VARNAME_4": "NA", "TYPE_4": "Desa", "ENGTYPE_4": "Village", "CC_4": "3507040010", "padi_mean": 0.5, "jagung_mean": 0.98283551746948561, "cabai_mean": 0.5, "tomat_mean": 0.5, "kentang_mean": 0.5, "wortel_mean": 0.80000001192092896, "tebu_mean": 0.5 }, "geometry": { "type": "MultiPolygon", "coordinates": [ [ [ [ 112.5765, -8.262 ], [ 112.5734, -8.2586 ], [ 112.5741, -8.264 ], [ 112.5716, -8.2664 ], [ 112.5677, -8.2663 ], [ 112.564, -8.263 ], [ 112.5608, -8.2635 ], [ 112.5591, -8.2665 ], [ 112.5537, -8.2683 ], [ 112.5529, -8.2658 ], [ 112.5507, -8.2649 ], [ 112.5449, -8.2636 ], [ 112.5403, -8.2648 ], [ 112.5385, -8.2631 ], [ 112.5388, -8.2495 ], [ 112.5419, -8.2499 ], [ 112.5481, -8.2453 ], [ 112.5456, -8.2368 ], [ 112.5465, -8.235 ], [ 112.5523, -8.233 ], [ 112.5622, -8.2157 ], [ 112.5703, -8.2181 ], [ 112.5648, -8.2224 ], [ 112.5651, -8.2269 ], [ 112.5718, -8.2271 ], [ 112.5684, -8.2339 ], [ 112.567, -8.2342 ], [ 112.5747, -8.2341 ], [ 112.5752, -8.2367 ], [ 112.5831, -8.2371 ], [ 112.5784, -8.24 ], [ 112.5791, -8.2456 ], [ 112.5765, -8.262 ] ] ] ] } },
{ "type": "Feature", "properties": { "fid": 282, "GID_4": "IDN.11.22.2.4_1", "GID_0": "IDN", "COUNTRY": "Indonesia", "GID_1": "IDN.11_1", "NAME_1": "JawaTimur", "GID_2": "IDN.11.22_1", "NAME_2": "Malang", "GID_3": "IDN.11.22.2_1", "NAME_3": "Bantur", "NAME_4": "Pringgodani", "VARNAME_4": "NA", "TYPE_4": "Desa", "ENGTYPE_4": "Village", "CC_4": "3507040006", "padi_mean": 0.5, "jagung_mean": 1.0, "cabai_mean": 0.5, "tomat_mean": 0.5, "kentang_mean": 0.5, "wortel_mean": 0.73452484951767194, "tebu_mean": 0.5 }, "geometry": { "type": "MultiPolygon", "coordinates": [ [ [ [ 112.5464, -8.3001 ], [ 112.5446, -8.2995 ], [ 112.5478, -8.2946 ], [ 112.5463, -8.2927 ], [ 112.5462, -8.2852 ], [ 112.5478, -8.2799 ], [ 112.5509, -8.2795 ], [ 112.551, -8.2681 ], [ 112.5586, -8.2667 ], [ 112.5608, -8.2635 ], [ 112.564, -8.263 ], [ 112.5677, -8.2663 ], [ 112.5716, -8.2664 ], [ 112.5741, -8.264 ], [ 112.5734, -8.2586 ], [ 112.5766, -8.263 ], [ 112.581, -8.2644 ], [ 112.5818, -8.2816 ], [ 112.5844, -8.2839 ], [ 112.5801, -8.2912 ], [ 112.5754, -8.2925 ], [ 112.5749, -8.2948 ], [ 112.5771, -8.2963 ], [ 112.575, -8.3006 ], [ 112.5731, -8.2991 ], [ 112.569, -8.2996 ], [ 112.5675, -8.2961 ], [ 112.5622, -8.297 ], [ 112.5623, -8.3012 ], [ 112.5599, -8.3022 ], [ 112.5562, -8.3022 ], [ 112.5556, -8.3004 ], [ 112.554, -8.3005 ], [ 112.5541, -8.3019 ], [ 112.5464, -8.3001 ] ] ] ] } },
{ "type": "Feature", "properties": { "fid": 283, "GID_4": "IDN.11.22.2.5_1", "GID_0": "IDN", "COUNTRY": "Indonesia", "GID_1": "IDN.11_1", "NAME_1": "JawaTimur", "GID_2": "IDN.11.22_1", "NAME_2": "Malang", "GID_3": "IDN.11.22.2_1", "NAME_3": "Bantur", "NAME_4": "Rejosari", "VARNAME_4": "NA", "TYPE_4": "Desa", "ENGTYPE_4": "Village", "CC_4": "3507040007", "padi_mean": 0.5, "jagung_mean": 1.0, "cabai_mean": 0.5, "tomat_mean": 0.5, "kentang_mean": 0.5, "wortel_mean": 0.80000001192092884, "tebu_mean": 0.5 }, "geometry": { "type": "MultiPolygon", "coordinates": [ [ [ [ 112.5989, -8.2985 ], [ 112.598, -8.2932 ], [ 112.5911, -8.2854 ], [ 112.5853, -8.2843 ], [ 112.5818, -8.2816 ], [ 112.581, -8.2644 ], [ 112.5766, -8.263 ], [ 112.5771, -8.2528 ], [ 112.5983, -8.2554 ], [ 112.599, -8.2614 ], [ 112.6031, -8.2648 ], [ 112.6031, -8.2674 ], [ 112.6064, -8.2683 ], [ 112.6056, -8.2698 ], [ 112.6079, -8.2686 ], [ 112.6155, -8.2722 ], [ 112.615, -8.287 ], [ 112.6085, -8.2871 ], [ 112.6082, -8.2941 ], [ 112.6011, -8.2952 ], [ 112.6003, -8.2983 ], [ 112.5989, -8.2985 ] ] ] ] } },
{ "type": "Feature", "properties": { "fid": 284, "GID_4": "IDN.11.22.2.6_1", "GID_0": "IDN", "COUNTRY": "Indonesia", "GID_1": "IDN.11_1", "NAME_1": "JawaTimur", "GID_2": "IDN.11.22_1", "NAME_2": "Malang", "GID_3": "IDN.11.22.2_1", "NAME_3": "Bantur", "NAME_4": "Rejoyoso", "VARNAME_4": "NA", "TYPE_4": "Desa", "ENGTYPE_4": "Village", "CC_4": "3507040009", "padi_mean": 0.5, "jagung_mean": 1.0, "cabai_mean": 0.5, "tomat_mean": 0.5, "kentang_mean": 0.5, "wortel_mean": 0.71158664404477945, "tebu_mean": 0.5 }, "geometry": { "type": "MultiPolygon", "coordinates": [ [ [ [ 112.5831, -8.2371 ], [ 112.5752, -8.2367 ], [ 112.5747, -8.2341 ], [ 112.567, -8.2342 ], [ 112.5684, -8.2339 ], [ 112.5718, -8.2271 ], [ 112.5651, -8.2269 ], [ 112.5646, -8.2257 ], [ 112.5649, -8.2221 ], [ 112.5703, -8.2181 ], [ 112.5641, -8.2162 ], [ 112.5646, -8.2108 ], [ 112.561, -8.2009 ], [ 112.5629, -8.1992 ], [ 112.5704, -8.201 ], [ 112.5765, -8.2102 ], [ 112.5789, -8.2097 ], [ 112.5835, -8.2136 ], [ 112.5874, -8.2144 ], [ 112.5893, -8.2176 ], [ 112.5897, -8.2234 ], [ 112.5831, -8.2371 ] ] ] ] } },
{ "type": "Feature", "properties": { "fid": 285, "GID_4": "IDN.11.22.2.7_1", "GID_0": "IDN", "COUNTRY": "Indonesia", "GID_1": "IDN.11_1", "NAME_1": "JawaTimur", "GID_2": "IDN.11.22_1", "NAME_2": "Malang", "GID_3": "IDN.11.22.2_1", "NAME_3": "Bantur", "NAME_4": "Srigonco", "VARNAME_4": "NA", "TYPE_4": "Desa", "ENGTYPE_4": "Village", "CC_4": "3507040003", "padi_mean": 0.96386859446953044, "jagung_mean": 1.0, "cabai_mean": 0.5, "tomat_mean": 0.5, "kentang_mean": 0.5, "wortel_mean": 0.5, "tebu_mean": 0.5 }, "geometry": { "type": "MultiPolygon", "coordinates": [ [ [ [ 112.5495, -8.3267 ], [ 112.5648, -8.325 ], [ 112.5638, -8.333 ], [ 112.5716, -8.3404 ], [ 112.5728, -8.3453 ], [ 112.5717, -8.3502 ], [ 112.5736, -8.3521 ], [ 112.5719, -8.3542 ], [ 112.5739, -8.358 ], [ 112.5723, -8.3635 ], [ 112.5645, -8.3708 ], [ 112.5657, -8.3784 ], [ 112.5688, -8.3821 ], [ 112.5657, -8.3855 ], [ 112.5653, -8.3904 ], [ 112.5613, -8.3911 ], [ 112.5616, -8.3968 ], [ 112.5601, -8.3989 ], [ 112.5467, -8.4059 ], [ 112.5455, -8.4034 ], [ 112.5335, -8.4028 ], [ 112.5318, -8.4007 ], [ 112.5319, -8.3946 ], [ 112.533, -8.3856 ], [ 112.5389, -8.3703 ], [ 112.5402, -8.3618 ], [ 112.5435, -8.3604 ], [ 112.5457, -8.3544 ], [ 112.5492, -8.3516 ], [ 112.5466, -8.3416 ], [ 112.5488, -8.3363 ], [ 112.5495, -8.3267 ] ] ] ] } },
{ "type": "Feature", "properties": { "fid": 286, "GID_4": "IDN.11.22.2.8_1", "GID_0": "IDN", "COUNTRY": "Indonesia", "GID_1": "IDN.11_1", "NAME_1": "JawaTimur", "GID_2": "IDN.11.22_1", "NAME_2": "Malang", "GID_3": "IDN.11.22.2_1", "NAME_3": "Bantur", "NAME_4": "Sumberbening", "VARNAME_4": "NA", "TYPE_4": "Desa", "ENGTYPE_4": "Village", "CC_4": "3507040002", "padi_mean": 0.67175092924823065, "jagung_mean": 1.0, "cabai_mean": 0.5, "tomat_mean": 0.5, "kentang_mean": 0.5, "wortel_mean": 0.55034562788599106, "tebu_mean": 0.5 }, "geometry": { "type": "MultiPolygon", "coordinates": [ [ [ [ 112.5115, -8.3961 ], [ 112.5191, -8.3775 ], [ 112.5234, -8.3732 ], [ 112.5266, -8.3653 ], [ 112.526, -8.3575 ], [ 112.5278, -8.3524 ], [ 112.5266, -8.347 ], [ 112.5276, -8.3354 ], [ 112.5262, -8.3321 ], [ 112.5274, -8.3149 ], [ 112.5306, -8.3126 ], [ 112.5408, -8.3141 ], [ 112.5466, -8.3049 ], [ 112.5465, -8.3 ], [ 112.5541, -8.302 ], [ 112.5529, -8.31 ], [ 112.5557, -8.3151 ], [ 112.5495, -8.3148 ], [ 112.5473, -8.3171 ], [ 112.5495, -8.3302 ], [ 112.5467, -8.3434 ], [ 112.5492, -8.3516 ], [ 112.5457, -8.3544 ], [ 112.5435, -8.3604 ], [ 112.5402, -8.3618 ], [ 112.5389, -8.3703 ], [ 112.533, -8.3856 ], [ 112.5318, -8.4007 ], [ 112.533, -8.4039 ], [ 112.5283, -8.4023 ], [ 112.5271, -8.406 ], [ 112.521, -8.3978 ], [ 112.5163, -8.3958 ], [ 112.5151, -8.3979 ], [ 112.5115, -8.3961 ] ] ] ] } },
{ "type": "Feature", "properties": { "fid": 287, "GID_4": "IDN.11.22.2.9_1", "GID_0": "IDN", "COUNTRY": "Indonesia", "GID_1": "IDN.11_1", "NAME_1": "JawaTimur", "GID_2": "IDN.11.22_1", "NAME_2": "Malang", "GID_3": "IDN.11.22.2_1", "NAME_3": "Bantur", "NAME_4": "Wonokerto", "VARNAME_4": "NA", "TYPE_4": "Desa", "ENGTYPE_4": "Village", "CC_4": "3507040008", "padi_mean": 0.5, "jagung_mean": 1.0, "cabai_mean": 0.5, "tomat_mean": 0.5, "kentang_mean": 0.5, "wortel_mean": 0.58947127982739633, "tebu_mean": 0.5 }, "geometry": { "type": "MultiPolygon", "coordinates": [ [ [ [ 112.578, -8.2526 ], [ 112.5784, -8.24 ], [ 112.584, -8.237 ], [ 112.5897, -8.2234 ], [ 112.5885, -8.2161 ], [ 112.596, -8.2195 ], [ 112.5977, -8.2223 ], [ 112.6005, -8.2223 ], [ 112.602, -8.2274 ], [ 112.6049, -8.2289 ], [ 112.6053, -8.231 ], [ 112.6001, -8.2415 ], [ 112.6022, -8.2425 ], [ 112.6015, -8.2446 ], [ 112.6039, -8.2452 ], [ 112.6027, -8.2497 ], [ 112.6068, -8.2521 ], [ 112.6073, -8.2587 ], [ 112.6064, -8.2604 ], [ 112.598, -8.2585 ], [ 112.5983, -8.2554 ], [ 112.578, -8.2526 ] ] ] ] } },
{ "type": "Feature", "properties": { "fid": 288, "GID_4": "IDN.11.22.2.10_1", "GID_0": "IDN", "COUNTRY": "Indonesia", "GID_1": "IDN.11_1", "NAME_1": "JawaTimur", "GID_2": "IDN.11.22_1", "NAME_2": "Malang", "GID_3": "IDN.11.22.2_1", "NAME_3": "Bantur", "NAME_4": "Wonorejo", "VARNAME_4": "NA", "TYPE_4": "Desa", "ENGTYPE_4": "Village", "CC_4": "3507040004", "padi_mean": 0.60666182850215566, "jagung_mean": 1.0, "cabai_mean": 0.5, "tomat_mean": 0.5, "kentang_mean": 0.5, "wortel_mean": 0.5, "tebu_mean": 0.5 }, "geometry": { "type": "MultiPolygon", "coordinates": [ [ [ [ 112.5648, -8.325 ], [ 112.5657, -8.3179 ], [ 112.5766, -8.3171 ], [ 112.5799, -8.3198 ], [ 112.5747, -8.3356 ], [ 112.5759, -8.3368 ], [ 112.578, -8.3358 ], [ 112.572, -8.3424 ], [ 112.5712, -8.3399 ], [ 112.5639, -8.3333 ], [ 112.5648, -8.325 ] ] ] ] } },
{ "type": "Feature", "properties": { "fid": 289, "GID_4": "IDN.11.22.3.1_1", "GID_0": "IDN", "COUNTRY": "Indonesia", "GID_1": "IDN.11_1", "NAME_1": "JawaTimur", "GID_2": "IDN.11.22_1", "NAME_2": "Malang", "GID_3": "IDN.11.22.3_1", "NAME_3": "Bululawang", "NAME_4": "Bakalan", "VARNAME_4": "NA", "TYPE_4": "Desa", "ENGTYPE_4": "Village", "CC_4": "3507130004", "padi_mean": 0.5, "jagung_mean": 0.65697443079436402, "cabai_mean": 0.5, "tomat_mean": 0.5, "kentang_mean": 0.5, "wortel_mean": 0.80000001192092896, "tebu_mean": 0.5 }, "geometry": { "type": "MultiPolygon", "coordinates": [ [ [ [ 112.6683, -8.1088 ], [ 112.6596, -8.1345 ], [ 112.6404, -8.1313 ], [ 112.6389, -8.1261 ], [ 112.6421, -8.1263 ], [ 112.6433, -8.1228 ], [ 112.6467, -8.1219 ], [ 112.6518, -8.1029 ], [ 112.661, -8.1035 ], [ 112.6683, -8.1088 ] ] ] ] } },
{ "type": "Feature", "properties": { "fid": 290, "GID_4": "IDN.11.22.3.3_1", "GID_0": "IDN", "COUNTRY": "Indonesia", "GID_1": "IDN.11_1", "NAME_1": "JawaTimur", "GID_2": "IDN.11.22_1", "NAME_2": "Malang", "GID_3": "IDN.11.22.3_1", "NAME_3": "Bululawang", "NAME_4": "Gading", "VARNAME_4": "NA", "TYPE_4": "Desa", "ENGTYPE_4": "Village", "CC_4": "3507130002", "padi_mean": 0.5, "jagung_mean": 0.57183785053868752, "cabai_mean": 0.5, "tomat_mean": 0.5, "kentang_mean": 0.5, "wortel_mean": 0.80000001192092896, "tebu_mean": 0.5 }, "geometry": { "type": "MultiPolygon", "coordinates": [ [ [ [ 112.6353, -8.0972 ], [ 112.6365, -8.1181 ], [ 112.6346, -8.1193 ], [ 112.6249, -8.1166 ], [ 112.6264, -8.1138 ], [ 112.6248, -8.113 ], [ 112.6267, -8.1115 ], [ 112.6221, -8.1098 ], [ 112.6234, -8.1077 ], [ 112.6189, -8.1051 ], [ 112.6238, -8.0994 ], [ 112.6268, -8.0993 ], [ 112.6297, -8.0961 ], [ 112.6353, -8.0972 ] ] ] ] } },
{ "type": "Feature", "properties": { "fid": 291, "GID_4": "IDN.11.22.3.4_1", "GID_0": "IDN", "COUNTRY": "Indonesia", "GID_1": "IDN.11_1", "NAME_1": "JawaTimur", "GID_2": "IDN.11.22_1", "NAME_2": "Malang", "GID_3": "IDN.11.22.3_1", "NAME_3": "Bululawang", "NAME_4": "Kasembon", "VARNAME_4": "NA", "TYPE_4": "Desa", "ENGTYPE_4": "Village", "CC_4": "3507130008", "padi_mean": 0.5, "jagung_mean": 0.5, "cabai_mean": 0.5, "tomat_mean": 0.5, "kentang_mean": 0.5, "wortel_mean": 0.80000001192092907, "tebu_mean": 0.45225930344923265 }, "geometry": { "type": "MultiPolygon", "coordinates": [ [ [ [ 112.6532, -8.0868 ], [ 112.6551, -8.0825 ], [ 112.661, -8.0825 ], [ 112.6635, -8.0799 ], [ 112.667, -8.0828 ], [ 112.6731, -8.0839 ], [ 112.6744, -8.0784 ], [ 112.6774, -8.0761 ], [ 112.6822, -8.077 ], [ 112.6806, -8.0828 ], [ 112.6837, -8.0848 ], [ 112.6831, -8.0869 ], [ 112.6813, -8.0864 ], [ 112.6779, -8.0968 ], [ 112.6708, -8.0944 ], [ 112.6712, -8.0919 ], [ 112.6638, -8.0909 ], [ 112.6647, -8.0928 ], [ 112.6586, -8.0906 ], [ 112.6548, -8.0879 ], [ 112.6553, -8.0866 ], [ 112.6532, -8.0868 ] ] ] ] } },
{ "type": "Feature", "properties": { "fid": 292, "GID_4": "IDN.11.22.3.5_1", "GID_0": "IDN", "COUNTRY": "Indonesia", "GID_1": "IDN.11_1", "NAME_1": "JawaTimur", "GID_2": "IDN.11.22_1", "NAME_2": "Malang", "GID_3": "IDN.11.22.3_1", "NAME_3": "Bululawang", "NAME_4": "Kasri", "VARNAME_4": "NA", "TYPE_4": "Desa", "ENGTYPE_4": "Village", "CC_4": "3507130006", "padi_mean": 0.5, "jagung_mean": 0.5, "cabai_mean": 0.5, "tomat_mean": 0.5, "kentang_mean": 0.5, "wortel_mean": 0.80000001192092907, "tebu_mean": 0.5 }, "geometry": { "type": "MultiPolygon", "coordinates": [ [ [ [ 112.6671, -8.1136 ], [ 112.6713, -8.1003 ], [ 112.6852, -8.1019 ], [ 112.6864, -8.1023 ], [ 112.6859, -8.1046 ], [ 112.6878, -8.1051 ], [ 112.6883, -8.1153 ], [ 112.6865, -8.1149 ], [ 112.6863, -8.1169 ], [ 112.6888, -8.1178 ], [ 112.6827, -8.1242 ], [ 112.6758, -8.1196 ], [ 112.6764, -8.1177 ], [ 112.6741, -8.1156 ], [ 112.6671, -8.1136 ] ] ] ] } },
{ "type": "Feature", "properties": { "fid": 293, "GID_4": "IDN.11.22.3.6_1", "GID_0": "IDN", "COUNTRY": "Indonesia", "GID_1": "IDN.11_1", "NAME_1": "JawaTimur", "GID_2": "IDN.11.22_1", "NAME_2": "Malang", "GID_3": "IDN.11.22.3_1", "NAME_3": "Bululawang", "NAME_4": "Krebet", "VARNAME_4": "NA", "TYPE_4": "Desa", "ENGTYPE_4": "Village", "CC_4": "3507130003", "padi_mean": 0.5, "jagung_mean": 0.50710109427576544, "cabai_mean": 0.5, "tomat_mean": 0.5, "kentang_mean": 0.5, "wortel_mean": 0.80000001192092907, "tebu_mean": 0.5 }, "geometry": { "type": "MultiPolygon", "coordinates": [ [ [ [ 112.6433, -8.1228 ], [ 112.6421, -8.1263 ], [ 112.6389, -8.1261 ], [ 112.6365, -8.1181 ], [ 112.6359, -8.0921 ], [ 112.6346, -8.0909 ], [ 112.6362, -8.0888 ], [ 112.6461, -8.0923 ], [ 112.6457, -8.0939 ], [ 112.6484, -8.0946 ], [ 112.6421, -8.1201 ], [ 112.6436, -8.1207 ], [ 112.6433, -8.1228 ] ] ] ] } },
{ "type": "Feature", "properties": { "fid": 294, "GID_4": "IDN.11.22.3.7_1", "GID_0": "IDN", "COUNTRY": "Indonesia", "GID_1": "IDN.11_1", "NAME_1": "JawaTimur", "GID_2": "IDN.11.22_1", "NAME_2": "Malang", "GID_3": "IDN.11.22.3_1", "NAME_3": "Bululawang", "NAME_4": "KrebetSenggrong", "VARNAME_4": "NA", "TYPE_4": "Desa", "ENGTYPE_4": "Village", "CC_4": "3507130010", "padi_mean": 0.5, "jagung_mean": 0.5, "cabai_mean": 0.5, "tomat_mean": 0.5, "kentang_mean": 0.5, "wortel_mean": 0.80000001192092884, "tebu_mean": 0.5 }, "geometry": { "type": "MultiPolygon", "coordinates": [ [ [ [ 112.6518, -8.1029 ], [ 112.6471, -8.1211 ], [ 112.6433, -8.1228 ], [ 112.6436, -8.1207 ], [ 112.6421, -8.1201 ], [ 112.6484, -8.0946 ], [ 112.6457, -8.0939 ], [ 112.645, -8.0918 ], [ 112.6353, -8.0891 ], [ 112.6367, -8.0835 ], [ 112.6405, -8.0853 ], [ 112.6454, -8.0818 ], [ 112.6503, -8.0837 ], [ 112.6551, -8.0825 ], [ 112.6499, -8.098 ], [ 112.6479, -8.0993 ], [ 112.6518, -8.1029 ] ] ] ] } },
{ "type": "Feature", "properties": { "fid": 295, "GID_4": "IDN.11.22.3.8_1", "GID_0": "IDN", "COUNTRY": "Indonesia", "GID_1": "IDN.11_1", "NAME_1": "JawaTimur", "GID_2": "IDN.11.22_1", "NAME_2": "Malang", "GID_3": "IDN.11.22.3_1", "NAME_3": "Bululawang", "NAME_4": "Kuwolu", "VARNAME_4": "NA", "TYPE_4": "Desa", "ENGTYPE_4": "Village", "CC_4": "3507130009", "padi_mean": 0.5, "jagung_mean": 0.5, "cabai_mean": 0.5, "tomat_mean": 0.5, "kentang_mean": 0.5, "wortel_mean": 0.80000001192092896, "tebu_mean": 0.5 }, "geometry": { "type": "MultiPolygon", "coordinates": [ [ [ [ 112.6683, -8.1088 ], [ 112.6644, -8.1048 ], [ 112.657, -8.1028 ], [ 112.6564, -8.1039 ], [ 112.6523, -8.1035 ], [ 112.6479, -8.0993 ], [ 112.6499, -8.098 ], [ 112.6532, -8.0868 ], [ 112.6553, -8.0866 ], [ 112.6548, -8.0879 ], [ 112.6586, -8.0906 ], [ 112.6647, -8.0928 ], [ 112.6638, -8.0909 ], [ 112.6712, -8.0919 ], [ 112.6708, -8.0944 ], [ 112.6737, -8.0953 ], [ 112.6683, -8.1088 ] ] ] ] } },
{ "type": "Feature", "properties": { "fid": 296, "GID_4": "IDN.11.22.3.9_1", "GID_0": "IDN", "COUNTRY": "Indonesia", "GID_1": "IDN.11_1", "NAME_1": "JawaTimur", "GID_2": "IDN.11.22_1", "NAME_2": "Malang", "GID_3": "IDN.11.22.3_1", "NAME_3": "Bululawang", "NAME_4": "Lumbangsari", "VARNAME_4": "NA", "TYPE_4": "Desa", "ENGTYPE_4": "Village", "CC_4": "3507130011", "padi_mean": 0.5, "jagung_mean": 0.60997675763989856, "cabai_mean": 0.5, "tomat_mean": 0.5, "kentang_mean": 0.5, "wortel_mean": 0.80000001192092896, "tebu_mean": 0.5 }, "geometry": { "type": "MultiPolygon", "coordinates": [ [ [ [ 112.6353, -8.0972 ], [ 112.6297, -8.0961 ], [ 112.6268, -8.0993 ], [ 112.6238, -8.0994 ], [ 112.6229, -8.1017 ], [ 112.6217, -8.1014 ], [ 112.6258, -8.0926 ], [ 112.6229, -8.0922 ], [ 112.6179, -8.0882 ], [ 112.626, -8.0829 ], [ 112.6371, -8.0826 ], [ 112.6346, -8.0909 ], [ 112.6359, -8.0921 ], [ 112.6353, -8.0972 ] ] ] ] } },
{ "type": "Feature", "properties": { "fid": 297, "GID_4": "IDN.11.22.3.10_1", "GID_0": "IDN", "COUNTRY": "Indonesia", "GID_1": "IDN.11_1", "NAME_1": "JawaTimur", "GID_2": "IDN.11.22_1", "NAME_2": "Malang", "GID_3": "IDN.11.22.3_1", "NAME_3": "Bululawang", "NAME_4": "Pringu", "VARNAME_4": "NA", "TYPE_4": "Desa", "ENGTYPE_4": "Village", "CC_4": "3507130007", "padi_mean": 0.5, "jagung_mean": 0.5, "cabai_mean": 0.5, "tomat_mean": 0.5, "kentang_mean": 0.5, "wortel_mean": 0.80000001192092896, "tebu_mean": 0.5 }, "geometry": { "type": "MultiPolygon", "coordinates": [ [ [ [ 112.6737, -8.0953 ], [ 112.6779, -8.0968 ], [ 112.6813, -8.0864 ], [ 112.6831, -8.0869 ], [ 112.6827, -8.0843 ], [ 112.6842, -8.0835 ], [ 112.688, -8.0838 ], [ 112.6882, -8.0867 ], [ 112.6851, -8.0889 ], [ 112.6878, -8.0898 ], [ 112.6879, -8.0926 ], [ 112.695, -8.0934 ], [ 112.6962, -8.0951 ], [ 112.6945, -8.1009 ], [ 112.6905, -8.1019 ], [ 112.6879, -8.1052 ], [ 112.6859, -8.1046 ], [ 112.686, -8.1022 ], [ 112.6717, -8.1002 ], [ 112.6737, -8.0953 ] ] ] ] } },
{ "type": "Feature", "properties": { "fid": 298, "GID_4": "IDN.11.22.3.12_1", "GID_0": "IDN", "COUNTRY": "Indonesia", "GID_1": "IDN.11_1", "NAME_1": "JawaTimur", "GID_2": "IDN.11.22_1", "NAME_2": "Malang", "GID_3": "IDN.11.22.3_1", "NAME_3": "Bululawang", "NAME_4": "Sudimoro", "VARNAME_4": "NA", "TYPE_4": "Desa", "ENGTYPE_4": "Village", "CC_4": "3507130005", "padi_mean": 0.5, "jagung_mean": 0.57954645324879661, "cabai_mean": 0.5, "tomat_mean": 0.5, "kentang_mean": 0.5, "wortel_mean": 0.80000001192092884, "tebu_mean": 0.5 }, "geometry": { "type": "MultiPolygon", "coordinates": [ [ [ [ 112.6601, -8.1323 ], [ 112.6669, -8.1135 ], [ 112.6741, -8.1156 ], [ 112.6764, -8.1177 ], [ 112.6758, -8.1196 ], [ 112.6827, -8.1242 ], [ 112.6754, -8.1336 ], [ 112.6636, -8.1338 ], [ 112.6601, -8.1323 ] ] ] ] } },
{ "type": "Feature", "properties": { "fid": 299, "GID_4": "IDN.11.22.3.13_1", "GID_0": "IDN", "COUNTRY": "Indonesia", "GID_1": "IDN.11_1", "NAME_1": "JawaTimur", "GID_2": "IDN.11.22_1", "NAME_2": "Malang", "GID_3": "IDN.11.22.3_1", "NAME_3": "Bululawang", "NAME_4": "Sukonolo", "VARNAME_4": "NA", "TYPE_4": "Desa", "ENGTYPE_4": "Village", "CC_4": "3507130001", "padi_mean": 0.5, "jagung_mean": 0.99902497405682544, "cabai_mean": 0.5, "tomat_mean": 0.5, "kentang_mean": 0.5, "wortel_mean": 0.7981015563744619, "tebu_mean": 0.5 }, "geometry": { "type": "MultiPolygon", "coordinates": [ [ [ [ 112.6217, -8.1014 ], [ 112.6189, -8.1051 ], [ 112.6234, -8.1077 ], [ 112.6223, -8.1095 ], [ 112.6194, -8.1136 ], [ 112.6169, -8.1124 ], [ 112.6144, -8.1157 ], [ 112.6124, -8.1153 ], [ 112.6104, -8.1187 ], [ 112.6086, -8.119 ], [ 112.6052, -8.126 ], [ 112.5958, -8.1238 ], [ 112.5956, -8.1213 ], [ 112.5991, -8.119 ], [ 112.6, -8.1152 ], [ 112.604, -8.1143 ], [ 112.6073, -8.1089 ], [ 112.6107, -8.1085 ], [ 112.6112, -8.1049 ], [ 112.6148, -8.1009 ], [ 112.6133, -8.0965 ], [ 112.6158, -8.091 ], [ 112.615, -8.0899 ], [ 112.6179, -8.0882 ], [ 112.6229, -8.0922 ], [ 112.6258, -8.0926 ], [ 112.6217, -8.1014 ] ] ] ] } },
{ "type": "Feature", "properties": { "fid": 300, "GID_4": "IDN.11.22.4.1_1", "GID_0": "IDN", "COUNTRY": "Indonesia", "GID_1": "IDN.11_1", "NAME_1": "JawaTimur", "GID_2": "IDN.11.22_1", "NAME_2": "Malang", "GID_3": "IDN.11.22.4_1", "NAME_3": "Dampit", "NAME_4": "Amadanom", "VARNAME_4": "NA", "TYPE_4": "Desa", "ENGTYPE_4": "Village", "CC_4": "3507070006", "padi_mean": 0.5, "jagung_mean": 0.43776187601249306, "cabai_mean": 0.5, "tomat_mean": 0.5, "kentang_mean": 0.5, "wortel_mean": 0.69626980424461715, "tebu_mean": 0.32585551356188347 }, "geometry": { "type": "MultiPolygon", "coordinates": [ [ [ [ 112.7839, -8.2237 ], [ 112.7785, -8.2252 ], [ 112.7743, -8.2239 ], [ 112.7744, -8.2287 ], [ 112.7738, -8.2261 ], [ 112.7705, -8.2257 ], [ 112.7689, -8.2265 ], [ 112.7689, -8.2285 ], [ 112.7657, -8.2284 ], [ 112.7658, -8.226 ], [ 112.7691, -8.2241 ], [ 112.7682, -8.2207 ], [ 112.7648, -8.2184 ], [ 112.7669, -8.218 ], [ 112.7674, -8.2156 ], [ 112.7742, -8.2159 ], [ 112.7779, -8.2068 ], [ 112.7862, -8.2015 ], [ 112.7917, -8.1949 ], [ 112.8005, -8.1941 ], [ 112.8004, -8.2041 ], [ 112.793, -8.2132 ], [ 112.7925, -8.2193 ], [ 112.7905, -8.2213 ], [ 112.7887, -8.218 ], [ 112.7889, -8.2209 ], [ 112.7869, -8.2215 ], [ 112.7856, -8.2198 ], [ 112.7855, -8.2229 ], [ 112.7839, -8.2237 ] ] ] ] } },
{ "type": "Feature", "properties": { "fid": 301, "GID_4": "IDN.11.22.4.2_1", "GID_0": "IDN", "COUNTRY": "Indonesia", "GID_1": "IDN.11_1", "NAME_1": "JawaTimur", "GID_2": "IDN.11.22_1", "NAME_2": "Malang", "GID_3": "IDN.11.22.4_1", "NAME_3": "Dampit", "NAME_4": "Baturetno", "VARNAME_4": "NA", "TYPE_4": "Desa", "ENGTYPE_4": "Village", "CC_4": "3507070003", "padi_mean": 0.5, "jagung_mean": 0.5, "cabai_mean": 0.5, "tomat_mean": 0.5, "kentang_mean": 0.5, "wortel_mean": 0.80000001192092884, "tebu_mean": 0.0 }, "geometry": { "type": "MultiPolygon", "coordinates": [ [ [ [ 112.782, -8.2581 ], [ 112.7854, -8.2598 ], [ 112.7876, -8.2585 ], [ 112.7904, -8.2607 ], [ 112.7949, -8.2592 ], [ 112.7953, -8.2572 ], [ 112.7979, -8.2601 ], [ 112.8014, -8.2603 ], [ 112.8021, -8.258 ], [ 112.804, -8.2583 ], [ 112.81, -8.2645 ], [ 112.8087, -8.2706 ], [ 112.8123, -8.2762 ], [ 112.8048, -8.2829 ], [ 112.7877, -8.2776 ], [ 112.7869, -8.2748 ], [ 112.781, -8.269 ], [ 112.782, -8.2581 ] ] ] ] } },
{ "type": "Feature", "properties": { "fid": 302, "GID_4": "IDN.11.22.4.3_1", "GID_0": "IDN", "COUNTRY": "Indonesia", "GID_1": "IDN.11_1", "NAME_1": "JawaTimur", "GID_2": "IDN.11.22_1", "NAME_2": "Malang", "GID_3": "IDN.11.22.4_1", "NAME_3": "Dampit", "NAME_4": "Bumirejo", "VARNAME_4": "NA", "TYPE_4": "Desa", "ENGTYPE_4": "Village", "CC_4": "3507070004", "padi_mean": 0.5, "jagung_mean": 0.5, "cabai_mean": 0.5, "tomat_mean": 0.5, "kentang_mean": 0.5, "wortel_mean": 0.80000001192092896, "tebu_mean": 0.26817629796945186 }, "geometry": { "type": "MultiPolygon", "coordinates": [ [ [ [ 112.7657, -8.2284 ], [ 112.7689, -8.2285 ], [ 112.7689, -8.2265 ], [ 112.7705, -8.2257 ], [ 112.7738, -8.2261 ], [ 112.7744, -8.2287 ], [ 112.7743, -8.2239 ], [ 112.7785, -8.2252 ], [ 112.7819, -8.2236 ], [ 112.7868, -8.2265 ], [ 112.7881, -8.2244 ], [ 112.7915, -8.2273 ], [ 112.7929, -8.2262 ], [ 112.7983, -8.2285 ], [ 112.8035, -8.2284 ], [ 112.8047, -8.2415 ], [ 112.8062, -8.2441 ], [ 112.8049, -8.246 ], [ 112.8056, -8.2494 ], [ 112.8017, -8.2544 ], [ 112.8014, -8.2603 ], [ 112.7979, -8.2601 ], [ 112.7955, -8.2572 ], [ 112.7949, -8.2592 ], [ 112.7904, -8.2607 ], [ 112.7876, -8.2585 ], [ 112.7854, -8.2598 ], [ 112.7805, -8.258 ], [ 112.7804, -8.2548 ], [ 112.7752, -8.2523 ], [ 112.776, -8.2503 ], [ 112.7724, -8.2446 ], [ 112.763, -8.2391 ], [ 112.7643, -8.238 ], [ 112.7622, -8.2359 ], [ 112.7637, -8.2351 ], [ 112.7657, -8.2284 ] ] ] ] } },
{ "type": "Feature", "properties": { "fid": 303, "GID_4": "IDN.11.22.4.4_1", "GID_0": "IDN", "COUNTRY": "Indonesia", "GID_1": "IDN.11_1", "NAME_1": "JawaTimur", "GID_2": "IDN.11.22_1", "NAME_2": "Malang", "GID_3": "IDN.11.22.4_1", "NAME_3": "Dampit", "NAME_4": "Dampit", "VARNAME_4": "NA", "TYPE_4": "Desa", "ENGTYPE_4": "Village", "CC_4": "3507070007", "padi_mean": 0.5, "jagung_mean": 0.63983076522289295, "cabai_mean": 0.5, "tomat_mean": 0.5, "kentang_mean": 0.5, "wortel_mean": 0.767894204679615, "tebu_mean": 0.3839738219086346 }, "geometry": { "type": "MultiPolygon", "coordinates": [ [ [ [ 112.7438, -8.2456 ], [ 112.7438, -8.2489 ], [ 112.7359, -8.2482 ], [ 112.7343, -8.2407 ], [ 112.735, -8.235 ], [ 112.7392, -8.2354 ], [ 112.742, -8.233 ], [ 112.7453, -8.2337 ], [ 112.7481, -8.231 ], [ 112.7536, -8.2308 ], [ 112.7488, -8.2422 ], [ 112.7482, -8.2501 ], [ 112.7511, -8.2509 ], [ 112.7496, -8.2555 ], [ 112.7438, -8.2456 ] ] ], [ [ [ 112.7917, -8.1949 ], [ 112.7862, -8.2015 ], [ 112.7779, -8.2068 ], [ 112.7742, -8.2159 ], [ 112.7674, -8.2156 ], [ 112.7669, -8.218 ], [ 112.765, -8.218 ], [ 112.7648, -8.2193 ], [ 112.7682, -8.2207 ], [ 112.7691, -8.2241 ], [ 112.7658, -8.226 ], [ 112.7648, -8.2301 ], [ 112.7592, -8.2281 ], [ 112.7593, -8.2255 ], [ 112.7623, -8.2229 ], [ 112.7563, -8.2195 ], [ 112.7464, -8.2204 ], [ 112.7387, -8.217 ], [ 112.7413, -8.2113 ], [ 112.74, -8.2097 ], [ 112.7407, -8.2067 ], [ 112.7462, -8.2078 ], [ 112.7482, -8.2073 ], [ 112.748, -8.2048 ], [ 112.7543, -8.2066 ], [ 112.7694, -8.2039 ], [ 112.7709, -8.2009 ], [ 112.7742, -8.1994 ], [ 112.7747, -8.1971 ], [ 112.7828, -8.1923 ], [ 112.7865, -8.1927 ], [ 112.7948, -8.1868 ], [ 112.7977, -8.1871 ], [ 112.801, -8.1847 ], [ 112.8, -8.1941 ], [ 112.7917, -8.1949 ] ] ] ] } },
{ "type": "Feature", "properties": { "fid": 304, "GID_4": "IDN.11.22.4.5_1", "GID_0": "IDN", "COUNTRY": "Indonesia", "GID_1": "IDN.11_1", "NAME_1": "JawaTimur", "GID_2": "IDN.11.22_1", "NAME_2": "Malang", "GID_3": "IDN.11.22.4_1", "NAME_3": "Dampit", "NAME_4": "Jambangan", "VARNAME_4": "NA", "TYPE_4": "Desa", "ENGTYPE_4": "Village", "CC_4": "3507070012", "padi_mean": 0.5, "jagung_mean": 0.49722408886410308, "cabai_mean": 0.5, "tomat_mean": 0.5, "kentang_mean": 0.5, "wortel_mean": 0.79537349331514062, "tebu_mean": 0.23168135937141729 }, "geometry": { "type": "MultiPolygon", "coordinates": [ [ [ [ 112.7347, -8.1802 ], [ 112.733, -8.1802 ], [ 112.7325, -8.1759 ], [ 112.7226, -8.1714 ], [ 112.7247, -8.17 ], [ 112.7228, -8.1702 ], [ 112.7282, -8.1627 ], [ 112.7292, -8.1572 ], [ 112.7309, -8.1578 ], [ 112.7316, -8.1566 ], [ 112.7395, -8.1583 ], [ 112.7442, -8.1567 ], [ 112.7459, -8.1576 ], [ 112.7575, -8.1534 ], [ 112.7609, -8.1614 ], [ 112.776, -8.1627 ], [ 112.7766, -8.168 ], [ 112.7848, -8.1649 ], [ 112.7966, -8.1685 ], [ 112.7897, -8.1724 ], [ 112.7882, -8.1742 ], [ 112.7893, -8.1758 ], [ 112.7844, -8.181 ], [ 112.7785, -8.1822 ], [ 112.7771, -8.1839 ], [ 112.7763, -8.1817 ], [ 112.7726, -8.1805 ], [ 112.7718, -8.1771 ], [ 112.77, -8.1762 ], [ 112.7652, -8.1775 ], [ 112.7616, -8.1745 ], [ 112.7546, -8.1773 ], [ 112.7466, -8.1756 ], [ 112.7417, -8.1773 ], [ 112.7395, -8.18 ], [ 112.7347, -8.1802 ] ] ] ] } },
{ "type": "Feature", "properties": { "fid": 305, "GID_4": "IDN.11.22.4.6_1", "GID_0": "IDN", "COUNTRY": "Indonesia", "GID_1": "IDN.11_1", "NAME_1": "JawaTimur", "GID_2": "IDN.11.22_1", "NAME_2": "Malang", "GID_3": "IDN.11.22.4_1", "NAME_3": "Dampit", "NAME_4": "MajangTengah", "VARNAME_4": "NA", "TYPE_4": "Desa", "ENGTYPE_4": "Village", "CC_4": "3507070009", "padi_mean": 0.5, "jagung_mean": 0.80167237872556796, "cabai_mean": 0.5, "tomat_mean": 0.5, "kentang_mean": 0.5, "wortel_mean": 0.80000001192092896, "tebu_mean": 0.5 }, "geometry": { "type": "MultiPolygon", "coordinates": [ [ [ [ 112.733, -8.1802 ], [ 112.7347, -8.1802 ], [ 112.7281, -8.194 ], [ 112.7242, -8.2113 ], [ 112.7266, -8.2121 ], [ 112.7264, -8.2136 ], [ 112.733, -8.2154 ], [ 112.7264, -8.238 ], [ 112.7216, -8.2413 ], [ 112.7171, -8.2404 ], [ 112.7138, -8.234 ], [ 112.711, -8.2332 ], [ 112.7116, -8.2309 ], [ 112.7034, -8.2282 ], [ 112.709, -8.2246 ], [ 112.7104, -8.2199 ], [ 112.7129, -8.2172 ], [ 112.7148, -8.2181 ], [ 112.7161, -8.2159 ], [ 112.717, -8.2085 ], [ 112.7146, -8.2062 ], [ 112.7151, -8.2031 ], [ 112.7134, -8.203 ], [ 112.7121, -8.1982 ], [ 112.7151, -8.1879 ], [ 112.7166, -8.1867 ], [ 112.7213, -8.187 ], [ 112.7226, -8.1845 ], [ 112.7247, -8.1854 ], [ 112.7286, -8.1813 ], [ 112.733, -8.1802 ] ] ] ] } },
{ "type": "Feature", "properties": { "fid": 306, "GID_4": "IDN.11.22.4.7_1", "GID_0": "IDN", "COUNTRY": "Indonesia", "GID_1": "IDN.11_1", "NAME_1": "JawaTimur", "GID_2": "IDN.11.22_1", "NAME_2": "Malang", "GID_3": "IDN.11.22.4_1", "NAME_3": "Dampit", "NAME_4": "Pamotan", "VARNAME_4": "NA", "TYPE_4": "Desa", "ENGTYPE_4": "Village", "CC_4": "3507070008", "padi_mean": 0.5, "jagung_mean": 0.5415782338331806, "cabai_mean": 0.5, "tomat_mean": 0.5, "kentang_mean": 0.5, "wortel_mean": 0.80000001192092907, "tebu_mean": 0.3572689500755985 }, "geometry": { "type": "MultiPolygon", "coordinates": [ [ [ [ 112.7707, -8.2011 ], [ 112.7697, -8.2038 ], [ 112.7638, -8.2055 ], [ 112.7609, -8.2047 ], [ 112.7523, -8.2066 ], [ 112.748, -8.2048 ], [ 112.7475, -8.2076 ], [ 112.7441, -8.2067 ], [ 112.7425, -8.208 ], [ 112.7407, -8.2067 ], [ 112.74, -8.2097 ], [ 112.7413, -8.2113 ], [ 112.7387, -8.217 ], [ 112.7398, -8.2185 ], [ 112.7322, -8.2175 ], [ 112.733, -8.2154 ], [ 112.7264, -8.2136 ], [ 112.7266, -8.2121 ], [ 112.7242, -8.2113 ], [ 112.7281, -8.194 ], [ 112.7345, -8.1796 ], [ 112.7384, -8.1804 ], [ 112.7466, -8.1756 ], [ 112.7546, -8.1773 ], [ 112.7616, -8.1745 ], [ 112.7652, -8.1775 ], [ 112.77, -8.1762 ], [ 112.7724, -8.1777 ], [ 112.7726, -8.1805 ], [ 112.7763, -8.1817 ], [ 112.7768, -8.1847 ], [ 112.7727, -8.1897 ], [ 112.7738, -8.1961 ], [ 112.7708, -8.1975 ], [ 112.7707, -8.2011 ] ] ] ] } },
{ "type": "Feature", "properties": { "fid": 307, "GID_4": "IDN.11.22.4.8_1", "GID_0": "IDN", "COUNTRY": "Indonesia", "GID_1": "IDN.11_1", "NAME_1": "JawaTimur", "GID_2": "IDN.11.22_1", "NAME_2": "Malang", "GID_3": "IDN.11.22.4_1", "NAME_3": "Dampit", "NAME_4": "Pojok", "VARNAME_4": "NA", "TYPE_4": "Desa", "ENGTYPE_4": "Village", "CC_4": "3507070011", "padi_mean": 0.5, "jagung_mean": 0.5, "cabai_mean": 0.5, "tomat_mean": 0.5, "kentang_mean": 0.5, "wortel_mean": 0.80000001192092896, "tebu_mean": 0.5 }, "geometry": { "type": "MultiPolygon", "coordinates": [ [ [ [ 112.7228, -8.1702 ], [ 112.7247, -8.17 ], [ 112.7226, -8.1714 ], [ 112.7325, -8.1759 ], [ 112.7322, -8.1811 ], [ 112.7286, -8.1813 ], [ 112.7247, -8.1854 ], [ 112.7226, -8.1845 ], [ 112.7217, -8.1863 ], [ 112.7157, -8.1825 ], [ 112.7119, -8.184 ], [ 112.7095, -8.1831 ], [ 112.7099, -8.1809 ], [ 112.7126, -8.1801 ], [ 112.7128, -8.1774 ], [ 112.7153, -8.1774 ], [ 112.7155, -8.174 ], [ 112.7228, -8.1702 ] ] ] ] } },
{ "type": "Feature", "properties": { "fid": 308, "GID_4": "IDN.11.22.4.9_1", "GID_0": "IDN", "COUNTRY": "Indonesia", "GID_1": "IDN.11_1", "NAME_1": "JawaTimur", "GID_2": "IDN.11.22_1", "NAME_2": "Malang", "GID_3": "IDN.11.22.4_1", "NAME_3": "Dampit", "NAME_4": "Rembun", "VARNAME_4": "NA", "TYPE_4": "Desa", "ENGTYPE_4": "Village", "CC_4": "3507070010", "padi_mean": 0.5, "jagung_mean": 0.84441631766925951, "cabai_mean": 0.5, "tomat_mean": 0.5, "kentang_mean": 0.5, "wortel_mean": 0.75245538109616539, "tebu_mean": 0.5 }, "geometry": { "type": "MultiPolygon", "coordinates": [ [ [ [ 112.7217, -8.1863 ], [ 112.7151, -8.1879 ], [ 112.7121, -8.1982 ], [ 112.7134, -8.203 ], [ 112.7151, -8.2031 ], [ 112.7146, -8.2062 ], [ 112.717, -8.2085 ], [ 112.7149, -8.2179 ], [ 112.7129, -8.2172 ], [ 112.709, -8.2246 ], [ 112.7045, -8.228 ], [ 112.703, -8.2266 ], [ 112.6954, -8.2259 ], [ 112.6971, -8.2248 ], [ 112.6955, -8.2239 ], [ 112.6988, -8.224 ], [ 112.6964, -8.2209 ], [ 112.6969, -8.2196 ], [ 112.6997, -8.2196 ], [ 112.6988, -8.2101 ], [ 112.7012, -8.2071 ], [ 112.703, -8.2081 ], [ 112.7024, -8.205 ], [ 112.7051, -8.2007 ], [ 112.7074, -8.2007 ], [ 112.7062, -8.1998 ], [ 112.7072, -8.1984 ], [ 112.7052, -8.1984 ], [ 112.7036, -8.1945 ], [ 112.7041, -8.192 ], [ 112.707, -8.1907 ], [ 112.7063, -8.1881 ], [ 112.7099, -8.1848 ], [ 112.7095, -8.1831 ], [ 112.7119, -8.184 ], [ 112.7157, -8.1825 ], [ 112.7217, -8.1863 ] ] ] ] } },
{ "type": "Feature", "properties": { "fid": 309, "GID_4": "IDN.11.22.4.10_1", "GID_0": "IDN", "COUNTRY": "Indonesia", "GID_1": "IDN.11_1", "NAME_1": "JawaTimur", "GID_2": "IDN.11.22_1", "NAME_2": "Malang", "GID_3": "IDN.11.22.4_1", "NAME_3": "Dampit", "NAME_4": "Srimulyo", "VARNAME_4": "NA", "TYPE_4": "Desa", "ENGTYPE_4": "Village", "CC_4": "3507070002", "padi_mean": 0.5, "jagung_mean": 0.37628721106192015, "cabai_mean": 0.5, "tomat_mean": 0.5, "kentang_mean": 0.5, "wortel_mean": 0.58129473869048465, "tebu_mean": 0.016600804877398113 }, "geometry": { "type": "MultiPolygon", "coordinates": [ [ [ [ 112.782, -8.2581 ], [ 112.781, -8.269 ], [ 112.7869, -8.2748 ], [ 112.7875, -8.2775 ], [ 112.801, -8.2809 ], [ 112.8037, -8.2828 ], [ 112.8112, -8.2837 ], [ 112.8088, -8.2878 ], [ 112.8124, -8.2959 ], [ 112.8114, -8.3002 ], [ 112.8232, -8.3067 ], [ 112.8346, -8.3063 ], [ 112.8422, -8.3113 ], [ 112.8438, -8.3161 ], [ 112.8436, -8.3198 ], [ 112.8401, -8.3256 ], [ 112.8424, -8.3284 ], [ 112.8411, -8.3329 ], [ 112.8215, -8.3332 ], [ 112.8154, -8.3379 ], [ 112.8117, -8.3372 ], [ 112.8113, -8.3321 ], [ 112.8079, -8.3324 ], [ 112.8076, -8.3267 ], [ 112.8098, -8.3244 ], [ 112.8111, -8.319 ], [ 112.8125, -8.305 ], [ 112.8004, -8.3032 ], [ 112.799, -8.2998 ], [ 112.7887, -8.3021 ], [ 112.7857, -8.2995 ], [ 112.786, -8.2963 ], [ 112.7819, -8.2942 ], [ 112.7783, -8.2874 ], [ 112.7717, -8.2828 ], [ 112.7734, -8.2789 ], [ 112.7686, -8.2577 ], [ 112.7673, -8.2568 ], [ 112.7681, -8.2514 ], [ 112.7674, -8.2492 ], [ 112.766, -8.2492 ], [ 112.7664, -8.2408 ], [ 112.7724, -8.2446 ], [ 112.776, -8.2503 ], [ 112.7752, -8.2523 ], [ 112.7804, -8.2548 ], [ 112.7805, -8.258 ], [ 112.782, -8.2581 ] ] ] ] } },
{ "type": "Feature", "properties": { "fid": 310, "GID_4": "IDN.11.22.4.11_1", "GID_0": "IDN", "COUNTRY": "Indonesia", "GID_1": "IDN.11_1", "NAME_1": "JawaTimur", "GID_2": "IDN.11.22_1", "NAME_2": "Malang", "GID_3": "IDN.11.22.4_1", "NAME_3": "Dampit", "NAME_4": "Sukodono", "VARNAME_4": "NA", "TYPE_4": "Desa", "ENGTYPE_4": "Village", "CC_4": "3507070001", "padi_mean": 0.5, "jagung_mean": 0.42115031540845205, "cabai_mean": 0.5, "tomat_mean": 0.5, "kentang_mean": 0.5, "wortel_mean": 0.66858386962951366, "tebu_mean": 0.0 }, "geometry": { "type": "MultiPolygon", "coordinates": [ [ [ [ 112.7717, -8.2828 ], [ 112.7783, -8.2874 ], [ 112.7819, -8.2942 ], [ 112.786, -8.2963 ], [ 112.7857, -8.2995 ], [ 112.7887, -8.3021 ], [ 112.799, -8.2998 ], [ 112.8004, -8.3032 ], [ 112.8125, -8.305 ], [ 112.8111, -8.319 ], [ 112.8085, -8.3263 ], [ 112.7948, -8.3309 ], [ 112.7949, -8.3286 ], [ 112.7861, -8.3283 ], [ 112.7796, -8.333 ], [ 112.7805, -8.3288 ], [ 112.7708, -8.329 ], [ 112.7671, -8.3248 ], [ 112.7616, -8.3245 ], [ 112.7608, -8.333 ], [ 112.755, -8.3321 ], [ 112.7553, -8.33 ], [ 112.7537, -8.329 ], [ 112.7551, -8.3139 ], [ 112.7596, -8.3051 ], [ 112.7602, -8.2791 ], [ 112.769, -8.2792 ], [ 112.7717, -8.2828 ] ] ] ] } },
{ "type": "Feature", "properties": { "fid": 311, "GID_4": "IDN.11.22.4.12_1", "GID_0": "IDN", "COUNTRY": "Indonesia", "GID_1": "IDN.11_1", "NAME_1": "JawaTimur", "GID_2": "IDN.11.22_1", "NAME_2": "Malang", "GID_3": "IDN.11.22.4_1", "NAME_3": "Dampit", "NAME_4": "Sumbersuko", "VARNAME_4": "NA", "TYPE_4": "Desa", "ENGTYPE_4": "Village", "CC_4": "3507070005", "padi_mean": 0.5, "jagung_mean": 0.71584193042347, "cabai_mean": 0.5, "tomat_mean": 0.5, "kentang_mean": 0.5, "wortel_mean": 0.80000001192092884, "tebu_mean": 0.42461542680034609 }, "geometry": { "type": "MultiPolygon", "coordinates": [ [ [ [ 112.7645, -8.2301 ], [ 112.7637, -8.2351 ], [ 112.7621, -8.2361 ], [ 112.7643, -8.238 ], [ 112.763, -8.2391 ], [ 112.767, -8.242 ], [ 112.7655, -8.242 ], [ 112.766, -8.2492 ], [ 112.7674, -8.2492 ], [ 112.7682, -8.2548 ], [ 112.7648, -8.261 ], [ 112.7559, -8.2562 ], [ 112.7516, -8.2569 ], [ 112.7496, -8.2555 ], [ 112.7511, -8.2509 ], [ 112.7482, -8.2501 ], [ 112.7488, -8.2422 ], [ 112.7536, -8.2308 ], [ 112.7481, -8.231 ], [ 112.7453, -8.2337 ], [ 112.742, -8.233 ], [ 112.7392, -8.2354 ], [ 112.735, -8.235 ], [ 112.7343, -8.2407 ], [ 112.7359, -8.2482 ], [ 112.733, -8.2489 ], [ 112.7307, -8.2483 ], [ 112.7302, -8.24 ], [ 112.726, -8.2368 ], [ 112.7322, -8.2175 ], [ 112.7467, -8.2204 ], [ 112.7563, -8.2195 ], [ 112.7623, -8.2229 ], [ 112.7593, -8.2255 ], [ 112.7592, -8.2281 ], [ 112.7645, -8.2301 ] ] ] ] } },
{ "type": "Feature", "properties": { "fid": 312, "GID_4": "IDN.11.22.6.1_1", "GID_0": "IDN", "COUNTRY": "Indonesia", "GID_1": "IDN.11_1", "NAME_1": "JawaTimur", "GID_2": "IDN.11.22_1", "NAME_2": "Malang", "GID_3": "IDN.11.22.6_1", "NAME_3": "Donomulyo", "NAME_4": "Banjarjo", "VARNAME_4": "NA", "TYPE_4": "Desa", "ENGTYPE_4": "Village", "CC_4": "3507010008", "padi_mean": 0.85047760212986889, "jagung_mean": 1.0, "cabai_mean": 0.5, "tomat_mean": 0.5, "kentang_mean": 0.5, "wortel_mean": 0.58971344228697031, "tebu_mean": 0.5 }, "geometry": { "type": "MultiPolygon", "coordinates": [ [ [ [ 112.4699, -8.3941 ], [ 112.4642, -8.3968 ], [ 112.4612, -8.3958 ], [ 112.4522, -8.3975 ], [ 112.4549, -8.3859 ], [ 112.4527, -8.383 ], [ 112.459, -8.3736 ], [ 112.4579, -8.3675 ], [ 112.4595, -8.3674 ], [ 112.4617, -8.3617 ], [ 112.4592, -8.3557 ], [ 112.4611, -8.3533 ], [ 112.4607, -8.3512 ], [ 112.4633, -8.3519 ], [ 112.4633, -8.3503 ], [ 112.4673, -8.3475 ], [ 112.4674, -8.3388 ], [ 112.4654, -8.334 ], [ 112.4709, -8.3304 ], [ 112.4747, -8.3093 ], [ 112.486, -8.3108 ], [ 112.4846, -8.3125 ], [ 112.486, -8.313 ], [ 112.4856, -8.3149 ], [ 112.4925, -8.3194 ], [ 112.4936, -8.3229 ], [ 112.488, -8.3335 ], [ 112.4877, -8.3377 ], [ 112.4822, -8.3433 ], [ 112.4827, -8.3459 ], [ 112.4807, -8.3473 ], [ 112.4816, -8.349 ], [ 112.4787, -8.352 ], [ 112.4783, -8.3551 ], [ 112.4746, -8.3574 ], [ 112.4751, -8.3641 ], [ 112.4702, -8.3705 ], [ 112.4675, -8.386 ], [ 112.4699, -8.3941 ] ] ] ] } },
{ "type": "Feature", "properties": { "fid": 313, "GID_4": "IDN.11.22.6.2_1", "GID_0": "IDN", "COUNTRY": "Indonesia", "GID_1": "IDN.11_1", "NAME_1": "JawaTimur", "GID_2": "IDN.11.22_1", "NAME_2": "Malang", "GID_3": "IDN.11.22.6_1", "NAME_3": "Donomulyo", "NAME_4": "Donomulyo", "VARNAME_4": "NA", "TYPE_4": "Desa", "ENGTYPE_4": "Village", "CC_4": "3507010004", "padi_mean": 0.5, "jagung_mean": 0.6345955055008069, "cabai_mean": 0.5, "tomat_mean": 0.5, "kentang_mean": 0.5, "wortel_mean": 0.78293184938237381, "tebu_mean": 0.5 }, "geometry": { "type": "MultiPolygon", "coordinates": [ [ [ [ 112.4125, -8.3039 ], [ 112.4091, -8.2999 ], [ 112.4091, -8.2978 ], [ 112.4116, -8.2952 ], [ 112.4126, -8.2879 ], [ 112.4151, -8.2857 ], [ 112.4136, -8.274 ], [ 112.4158, -8.2574 ], [ 112.4259, -8.2621 ], [ 112.4318, -8.2629 ], [ 112.4388, -8.2677 ], [ 112.4543, -8.2726 ], [ 112.4511, -8.2797 ], [ 112.4523, -8.2821 ], [ 112.4505, -8.285 ], [ 112.4487, -8.2846 ], [ 112.4452, -8.2881 ], [ 112.4436, -8.2934 ], [ 112.4409, -8.2959 ], [ 112.4351, -8.2964 ], [ 112.4323, -8.3059 ], [ 112.4179, -8.3061 ], [ 112.4125, -8.3039 ] ] ] ] } },
{ "type": "Feature", "properties": { "fid": 314, "GID_4": "IDN.11.22.6.3_1", "GID_0": "IDN", "COUNTRY": "Indonesia", "GID_1": "IDN.11_1", "NAME_1": "JawaTimur", "GID_2": "IDN.11.22_1", "NAME_2": "Malang", "GID_3": "IDN.11.22.6_1", "NAME_3": "Donomulyo", "NAME_4": "Kedungsalam", "VARNAME_4": "NA", "TYPE_4": "Desa", "ENGTYPE_4": "Village", "CC_4": "3507010007", "padi_mean": 0.84987577141196058, "jagung_mean": 1.0, "cabai_mean": 0.5, "tomat_mean": 0.5, "kentang_mean": 0.5, "wortel_mean": 0.59007454073206422, "tebu_mean": 0.5 }, "geometry": { "type": "MultiPolygon", "coordinates": [ [ [ [ 112.4747, -8.3093 ], [ 112.4709, -8.3304 ], [ 112.4654, -8.334 ], [ 112.4674, -8.3388 ], [ 112.4673, -8.3475 ], [ 112.4633, -8.3503 ], [ 112.4633, -8.3519 ], [ 112.4607, -8.3512 ], [ 112.4611, -8.3533 ], [ 112.4592, -8.3557 ], [ 112.4617, -8.3617 ], [ 112.4595, -8.3674 ], [ 112.4579, -8.3675 ], [ 112.459, -8.3736 ], [ 112.4527, -8.383 ], [ 112.4549, -8.3859 ], [ 112.4523, -8.3925 ], [ 112.4531, -8.3948 ], [ 112.4464, -8.3972 ], [ 112.4465, -8.3986 ], [ 112.4443, -8.397 ], [ 112.4433, -8.3984 ], [ 112.4396, -8.3944 ], [ 112.4384, -8.3947 ], [ 112.4386, -8.3934 ], [ 112.4369, -8.3939 ], [ 112.4379, -8.3922 ], [ 112.436, -8.3897 ], [ 112.4248, -8.3889 ], [ 112.4255, -8.3858 ], [ 112.4222, -8.3857 ], [ 112.4241, -8.3835 ], [ 112.418, -8.3812 ], [ 112.4189, -8.3735 ], [ 112.415, -8.3684 ], [ 112.4153, -8.3637 ], [ 112.4192, -8.3524 ], [ 112.4213, -8.3514 ], [ 112.4218, -8.3468 ], [ 112.4203, -8.3461 ], [ 112.4225, -8.3446 ], [ 112.4217, -8.3409 ], [ 112.4254, -8.3385 ], [ 112.4304, -8.3289 ], [ 112.4336, -8.3276 ], [ 112.4356, -8.3242 ], [ 112.4408, -8.3243 ], [ 112.4486, -8.3189 ], [ 112.4469, -8.2987 ], [ 112.4485, -8.297 ], [ 112.4547, -8.2954 ], [ 112.4597, -8.2963 ], [ 112.469, -8.3015 ], [ 112.4696, -8.3054 ], [ 112.4747, -8.3093 ] ] ] ] } },
{ "type": "Feature", "properties": { "fid": 315, "GID_4": "IDN.11.22.6.4_1", "GID_0": "IDN", "COUNTRY": "Indonesia", "GID_1": "IDN.11_1", "NAME_1": "JawaTimur", "GID_2": "IDN.11.22_1", "NAME_2": "Malang", "GID_3": "IDN.11.22.6_1", "NAME_3": "Donomulyo", "NAME_4": "Mentaraman", "VARNAME_4": "NA", "TYPE_4": "Desa", "ENGTYPE_4": "Village", "CC_4": "3507010003", "padi_mean": 0.81345178582062316, "jagung_mean": 1.0, "cabai_mean": 0.5, "tomat_mean": 0.5, "kentang_mean": 0.5, "wortel_mean": 0.56325081710401037, "tebu_mean": 0.5 }, "geometry": { "type": "MultiPolygon", "coordinates": [ [ [ [ 112.4179, -8.3061 ], [ 112.4323, -8.3059 ], [ 112.4287, -8.3106 ], [ 112.43, -8.316 ], [ 112.429, -8.3183 ], [ 112.4311, -8.323 ], [ 112.4293, -8.3285 ], [ 112.4309, -8.3293 ], [ 112.4277, -8.3351 ], [ 112.4256, -8.336 ], [ 112.4254, -8.3385 ], [ 112.4217, -8.3409 ], [ 112.4225, -8.3446 ], [ 112.4203, -8.3461 ], [ 112.4218, -8.3468 ], [ 112.4213, -8.3514 ], [ 112.4192, -8.3524 ], [ 112.4153, -8.3637 ], [ 112.415, -8.3684 ], [ 112.4189, -8.3735 ], [ 112.4188, -8.3787 ], [ 112.4168, -8.3832 ], [ 112.4106, -8.3794 ], [ 112.4101, -8.3806 ], [ 112.4079, -8.3804 ], [ 112.4055, -8.3771 ], [ 112.4018, -8.381 ], [ 112.4016, -8.3799 ], [ 112.396, -8.3812 ], [ 112.3961, -8.38 ], [ 112.3924, -8.3797 ], [ 112.3941, -8.3759 ], [ 112.3923, -8.3723 ], [ 112.3964, -8.3651 ], [ 112.3949, -8.3613 ], [ 112.3997, -8.3507 ], [ 112.3986, -8.3474 ], [ 112.4006, -8.3477 ], [ 112.3979, -8.3356 ], [ 112.3988, -8.3305 ], [ 112.4087, -8.3226 ], [ 112.408, -8.3182 ], [ 112.4111, -8.3102 ], [ 112.41, -8.3065 ], [ 112.4136, -8.3041 ], [ 112.4179, -8.3061 ] ] ], [ [ [ 112.4118, -8.3038 ], [ 112.4125, -8.3039 ], [ 112.4117, -8.3039 ], [ 112.4118, -8.3026 ], [ 112.4118, -8.3038 ] ] ] ] } },
{ "type": "Feature", "properties": { "fid": 316, "GID_4": "IDN.11.22.6.5_1", "GID_0": "IDN", "COUNTRY": "Indonesia", "GID_1": "IDN.11_1", "NAME_1": "JawaTimur", "GID_2": "IDN.11.22_1", "NAME_2": "Malang", "GID_3": "IDN.11.22.6_1", "NAME_3": "Donomulyo", "NAME_4": "Purwodadi", "VARNAME_4": "NA", "TYPE_4": "Desa", "ENGTYPE_4": "Village", "CC_4": "3507010010", "padi_mean": 0.75, "jagung_mean": 1.0, "cabai_mean": 0.5, "tomat_mean": 0.5, "kentang_mean": 0.5, "wortel_mean": 0.5, "tebu_mean": 0.5 }, "geometry": { "type": "MultiPolygon", "coordinates": [ [ [ [ 112.4096, -8.2965 ], [ 112.4091, -8.2999 ], [ 112.4125, -8.3039 ], [ 112.41, -8.3065 ], [ 112.4111, -8.3102 ], [ 112.408, -8.3182 ], [ 112.4087, -8.3226 ], [ 112.3988, -8.3305 ], [ 112.3979, -8.3356 ], [ 112.4006, -8.3477 ], [ 112.3985, -8.3476 ], [ 112.3997, -8.3507 ], [ 112.3949, -8.3613 ], [ 112.3964, -8.3651 ], [ 112.3923, -8.3723 ], [ 112.3935, -8.3745 ], [ 112.3889, -8.3752 ], [ 112.3898, -8.3711 ], [ 112.3874, -8.3656 ], [ 112.3899, -8.3583 ], [ 112.3835, -8.353 ], [ 112.3814, -8.3486 ], [ 112.3861, -8.34 ], [ 112.3825, -8.3255 ], [ 112.3866, -8.3241 ], [ 112.3878, -8.3213 ], [ 112.3867, -8.3191 ], [ 112.3843, -8.3197 ], [ 112.3838, -8.3172 ], [ 112.3877, -8.3133 ], [ 112.3881, -8.3095 ], [ 112.3925, -8.3071 ], [ 112.3936, -8.303 ], [ 112.3926, -8.2974 ], [ 112.4096, -8.2965 ] ] ] ] } },
{ "type": "Feature", "properties": { "fid": 317, "GID_4": "IDN.11.22.6.6_1", "GID_0": "IDN", "COUNTRY": "Indonesia", "GID_1": "IDN.11_1", "NAME_1": "JawaTimur", "GID_2": "IDN.11.22_1", "NAME_2": "Malang", "GID_3": "IDN.11.22.6_1", "NAME_3": "Donomulyo", "NAME_4": "Purworejo", "VARNAME_4": "NA", "TYPE_4": "Desa", "ENGTYPE_4": "Village", "CC_4": "3507010002", "padi_mean": 0.5, "jagung_mean": 0.5405914805366242, "cabai_mean": 0.5, "tomat_mean": 0.5, "kentang_mean": 0.5, "wortel_mean": 0.71052334401338502, "tebu_mean": 0.5 }, "geometry": { "type": "MultiPolygon", "coordinates": [ [ [ [ 112.4158, -8.2574 ], [ 112.4136, -8.274 ], [ 112.4151, -8.2857 ], [ 112.4113, -8.291 ], [ 112.4116, -8.2952 ], [ 112.41, -8.2965 ], [ 112.3926, -8.2974 ], [ 112.3943, -8.2861 ], [ 112.397, -8.2868 ], [ 112.397, -8.2838 ], [ 112.3948, -8.2823 ], [ 112.3932, -8.2608 ], [ 112.3977, -8.2415 ], [ 112.395, -8.2374 ], [ 112.3954, -8.2342 ], [ 112.4089, -8.2345 ], [ 112.4131, -8.2366 ], [ 112.4128, -8.2521 ], [ 112.4158, -8.2574 ] ] ] ] } },
{ "type": "Feature", "properties": { "fid": 318, "GID_4": "IDN.11.22.6.7_1", "GID_0": "IDN", "COUNTRY": "Indonesia", "GID_1": "IDN.11_1", "NAME_1": "JawaTimur", "GID_2": "IDN.11.22_1", "NAME_2": "Malang", "GID_3": "IDN.11.22.6_1", "NAME_3": "Donomulyo", "NAME_4": "Sumberoto", "VARNAME_4": "NA", "TYPE_4": "Desa", "ENGTYPE_4": "Village", "CC_4": "3507010001", "padi_mean": 0.69820163140147906, "jagung_mean": 0.84243784177137604, "cabai_mean": 0.5, "tomat_mean": 0.5, "kentang_mean": 0.5, "wortel_mean": 0.5671383710793606, "tebu_mean": 0.5 }, "geometry": { "type": "MultiPolygon", "coordinates": [ [ [ [ 112.3822, -8.2378 ], [ 112.3868, -8.2367 ], [ 112.3886, -8.2379 ], [ 112.3947, -8.235 ], [ 112.3977, -8.2406 ], [ 112.3932, -8.2608 ], [ 112.3948, -8.2823 ], [ 112.397, -8.2838 ], [ 112.397, -8.2868 ], [ 112.3943, -8.2861 ], [ 112.3928, -8.2916 ], [ 112.3936, -8.303 ], [ 112.3925, -8.3071 ], [ 112.3881, -8.3095 ], [ 112.3877, -8.3133 ], [ 112.3838, -8.3172 ], [ 112.3843, -8.3197 ], [ 112.3867, -8.3191 ], [ 112.3878, -8.3217 ], [ 112.3866, -8.3241 ], [ 112.3824, -8.3258 ], [ 112.3862, -8.3377 ], [ 112.386, -8.3409 ], [ 112.3814, -8.3486 ], [ 112.3835, -8.353 ], [ 112.3899, -8.3583 ], [ 112.3874, -8.3656 ], [ 112.3888, -8.371 ], [ 112.3841, -8.376 ], [ 112.38, -8.3755 ], [ 112.3793, -8.3766 ], [ 112.3781, -8.3752 ], [ 112.3719, -8.375 ], [ 112.3735, -8.373 ], [ 112.37, -8.3695 ], [ 112.3651, -8.3531 ], [ 112.359, -8.3485 ], [ 112.3631, -8.3399 ], [ 112.3622, -8.3376 ], [ 112.3643, -8.3285 ], [ 112.3701, -8.3237 ], [ 112.3711, -8.3114 ], [ 112.3752, -8.3083 ], [ 112.3762, -8.3058 ], [ 112.3806, -8.3058 ], [ 112.3795, -8.302 ], [ 112.3845, -8.2891 ], [ 112.385, -8.2832 ], [ 112.3816, -8.2682 ], [ 112.3806, -8.2518 ], [ 112.3822, -8.2378 ] ] ] ] } },
{ "type": "Feature", "properties": { "fid": 319, "GID_4": "IDN.11.22.6.8_1", "GID_0": "IDN", "COUNTRY": "Indonesia", "GID_1": "IDN.11_1", "NAME_1": "JawaTimur", "GID_2": "IDN.11.22_1", "NAME_2": "Malang", "GID_3": "IDN.11.22.6_1", "NAME_3": "Donomulyo", "NAME_4": "Tempursari", "VARNAME_4": "NA", "TYPE_4": "Desa", "ENGTYPE_4": "Village", "CC_4": "3507010005", "padi_mean": 0.5, "jagung_mean": 0.94326672869021744, "cabai_mean": 0.5, "tomat_mean": 0.5, "kentang_mean": 0.5, "wortel_mean": 0.80000001192092896, "tebu_mean": 0.5 }, "geometry": { "type": "MultiPolygon", "coordinates": [ [ [ [ 112.4323, -8.3059 ], [ 112.4351, -8.2964 ], [ 112.4409, -8.2959 ], [ 112.4487, -8.2846 ], [ 112.4589, -8.2885 ], [ 112.4591, -8.2961 ], [ 112.4505, -8.2961 ], [ 112.4469, -8.2987 ], [ 112.4486, -8.3189 ], [ 112.4408, -8.3243 ], [ 112.4356, -8.3242 ], [ 112.4336, -8.3276 ], [ 112.4297, -8.3289 ], [ 112.4293, -8.3262 ], [ 112.4311, -8.323 ], [ 112.429, -8.3183 ], [ 112.43, -8.316 ], [ 112.4287, -8.3106 ], [ 112.4323, -8.3059 ] ] ] ] } },
{ "type": "Feature", "properties": { "fid": 320, "GID_4": "IDN.11.22.6.9_1", "GID_0": "IDN", "COUNTRY": "Indonesia", "GID_1": "IDN.11_1", "NAME_1": "JawaTimur", "GID_2": "IDN.11.22_1", "NAME_2": "Malang", "GID_3": "IDN.11.22.6_1", "NAME_3": "Donomulyo", "NAME_4": "Tlogosari", "VARNAME_4": "NA", "TYPE_4": "Desa", "ENGTYPE_4": "Village", "CC_4": "3507010006", "padi_mean": 0.5, "jagung_mean": 0.55517287871346377, "cabai_mean": 0.5, "tomat_mean": 0.5, "kentang_mean": 0.5, "wortel_mean": 0.80000001192092884, "tebu_mean": 0.5 }, "geometry": { "type": "MultiPolygon", "coordinates": [ [ [ [ 112.4505, -8.285 ], [ 112.4523, -8.2821 ], [ 112.4511, -8.2797 ], [ 112.4543, -8.2726 ], [ 112.4636, -8.2704 ], [ 112.4666, -8.2676 ], [ 112.4654, -8.2569 ], [ 112.4707, -8.2601 ], [ 112.474, -8.2598 ], [ 112.4725, -8.2725 ], [ 112.4735, -8.2754 ], [ 112.4823, -8.2739 ], [ 112.4854, -8.2709 ], [ 112.4868, -8.2718 ], [ 112.4849, -8.2794 ], [ 112.4862, -8.2825 ], [ 112.4814, -8.2833 ], [ 112.4802, -8.285 ], [ 112.4815, -8.291 ], [ 112.4767, -8.2905 ], [ 112.4734, -8.2947 ], [ 112.4671, -8.2967 ], [ 112.4673, -8.3004 ], [ 112.4591, -8.2961 ], [ 112.4589, -8.2885 ], [ 112.4505, -8.285 ] ] ] ] } },
{ "type": "Feature", "properties": { "fid": 321, "GID_4": "IDN.11.22.6.10_1", "GID_0": "IDN", "COUNTRY": "Indonesia", "GID_1": "IDN.11_1", "NAME_1": "JawaTimur", "GID_2": "IDN.11.22_1", "NAME_2": "Malang", "GID_3": "IDN.11.22.6_1", "NAME_3": "Donomulyo", "NAME_4": "Tulungrejo", "VARNAME_4": "NA", "TYPE_4": "Desa", "ENGTYPE_4": "Village", "CC_4": "3507010009", "padi_mean": 1.0, "jagung_mean": 1.0, "cabai_mean": 0.5, "tomat_mean": 0.5, "kentang_mean": 0.5, "wortel_mean": 0.5, "tebu_mean": 0.5 }, "geometry": { "type": "MultiPolygon", "coordinates": [ [ [ [ 112.5009, -8.3238 ], [ 112.4994, -8.3296 ], [ 112.5026, -8.3322 ], [ 112.505, -8.3381 ], [ 112.4973, -8.3424 ], [ 112.4996, -8.3456 ], [ 112.4975, -8.3494 ], [ 112.4981, -8.3529 ], [ 112.4949, -8.3592 ], [ 112.4952, -8.3622 ], [ 112.4921, -8.3626 ], [ 112.4896, -8.3667 ], [ 112.4912, -8.3746 ], [ 112.4873, -8.3876 ], [ 112.4854, -8.3898 ], [ 112.4833, -8.3894 ], [ 112.4845, -8.396 ], [ 112.4818, -8.3971 ], [ 112.4699, -8.3941 ], [ 112.4699, -8.3917 ], [ 112.4678, -8.3897 ], [ 112.4677, -8.3833 ], [ 112.4702, -8.3705 ], [ 112.4751, -8.3641 ], [ 112.4746, -8.3574 ], [ 112.4783, -8.3551 ], [ 112.4787, -8.352 ], [ 112.4816, -8.349 ], [ 112.4807, -8.3473 ], [ 112.4827, -8.3459 ], [ 112.4822, -8.3433 ], [ 112.4877, -8.3377 ], [ 112.488, -8.3335 ], [ 112.4936, -8.3229 ], [ 112.5009, -8.3238 ] ] ] ] } },
{ "type": "Feature", "properties": { "fid": 322, "GID_4": "IDN.11.22.7.1_1", "GID_0": "IDN", "COUNTRY": "Indonesia", "GID_1": "IDN.11_1", "NAME_1": "JawaTimur", "GID_2": "IDN.11.22_1", "NAME_2": "Malang", "GID_3": "IDN.11.22.7_1", "NAME_3": "Gedangan", "NAME_4": "Gajahrejo", "VARNAME_4": "NA", "TYPE_4": "Desa", "ENGTYPE_4": "Village", "CC_4": "3507050003", "padi_mean": 0.84415736186584589, "jagung_mean": 1.0, "cabai_mean": 0.5, "tomat_mean": 0.5, "kentang_mean": 0.5, "wortel_mean": 0.51194805500984297, "tebu_mean": 0.48805194558362325 }, "geometry": { "type": "MultiPolygon", "coordinates": [ [ [ [ 112.6426, -8.4392 ], [ 112.64, -8.4349 ], [ 112.6286, -8.4285 ], [ 112.628, -8.4298 ], [ 112.6243, -8.4288 ], [ 112.6219, -8.4299 ], [ 112.6218, -8.4324 ], [ 112.6205, -8.4311 ], [ 112.6182, -8.4343 ], [ 112.6158, -8.4338 ], [ 112.6167, -8.4328 ], [ 112.6152, -8.4306 ], [ 112.6136, -8.432 ], [ 112.6154, -8.4297 ], [ 112.6148, -8.4267 ], [ 112.6109, -8.4219 ], [ 112.5941, -8.4167 ], [ 112.5991, -8.4127 ], [ 112.6057, -8.4102 ], [ 112.6076, -8.4079 ], [ 112.6082, -8.4032 ], [ 112.6099, -8.4007 ], [ 112.612, -8.4006 ], [ 112.6117, -8.3989 ], [ 112.6138, -8.3983 ], [ 112.6143, -8.3963 ], [ 112.6162, -8.3966 ], [ 112.6177, -8.3923 ], [ 112.621, -8.3901 ], [ 112.6206, -8.3881 ], [ 112.6226, -8.3868 ], [ 112.6212, -8.3845 ], [ 112.6268, -8.3794 ], [ 112.6259, -8.3681 ], [ 112.6301, -8.3671 ], [ 112.6313, -8.3647 ], [ 112.6317, -8.357 ], [ 112.6375, -8.3565 ], [ 112.6423, -8.3488 ], [ 112.6409, -8.3462 ], [ 112.6424, -8.3429 ], [ 112.6416, -8.336 ], [ 112.6431, -8.3278 ], [ 112.6419, -8.3242 ], [ 112.6482, -8.3272 ], [ 112.6544, -8.3273 ], [ 112.6574, -8.3252 ], [ 112.6592, -8.325 ], [ 112.6573, -8.3258 ], [ 112.6554, -8.3331 ], [ 112.6527, -8.3358 ], [ 112.6532, -8.3585 ], [ 112.647, -8.3673 ], [ 112.6447, -8.3851 ], [ 112.6415, -8.3937 ], [ 112.6383, -8.3968 ], [ 112.6387, -8.4025 ], [ 112.6368, -8.4037 ], [ 112.6383, -8.4079 ], [ 112.6366, -8.4119 ], [ 112.6381, -8.4173 ], [ 112.6415, -8.4217 ], [ 112.6428, -8.428 ], [ 112.6451, -8.4272 ], [ 112.6451, -8.4252 ], [ 112.6479, -8.4271 ], [ 112.643, -8.435 ], [ 112.6454, -8.437 ], [ 112.6426, -8.4392 ] ] ] ] } },
{ "type": "Feature", "properties": { "fid": 323, "GID_4": "IDN.11.22.7.2_1", "GID_0": "IDN", "COUNTRY": "Indonesia", "GID_1": "IDN.11_1", "NAME_1": "JawaTimur", "GID_2": "IDN.11.22_1", "NAME_2": "Malang", "GID_3": "IDN.11.22.7_1", "NAME_3": "Gedangan", "NAME_4": "Gedangan", "VARNAME_4": "NA", "TYPE_4": "Desa", "ENGTYPE_4": "Village", "CC_4": "3507050005", "padi_mean": 0.5, "jagung_mean": 0.98758601661390766, "cabai_mean": 0.5, "tomat_mean": 0.5, "kentang_mean": 0.5, "wortel_mean": 0.80000001192092884, "tebu_mean": 0.33396698677389908 }, "geometry": { "type": "MultiPolygon", "coordinates": [ [ [ [ 112.6078, -8.3108 ], [ 112.6068, -8.3073 ], [ 112.6007, -8.3072 ], [ 112.599, -8.3049 ], [ 112.5929, -8.3035 ], [ 112.5927, -8.3003 ], [ 112.5981, -8.3006 ], [ 112.6011, -8.2952 ], [ 112.6082, -8.2941 ], [ 112.6083, -8.2919 ], [ 112.6259, -8.292 ], [ 112.6264, -8.2881 ], [ 112.6298, -8.2879 ], [ 112.6301, -8.2861 ], [ 112.6334, -8.2858 ], [ 112.6345, -8.2876 ], [ 112.6372, -8.2857 ], [ 112.6389, -8.2868 ], [ 112.6443, -8.2813 ], [ 112.6541, -8.2792 ], [ 112.6591, -8.2746 ], [ 112.6621, -8.2748 ], [ 112.6565, -8.2942 ], [ 112.6582, -8.2971 ], [ 112.6628, -8.2976 ], [ 112.67, -8.2946 ], [ 112.6688, -8.2986 ], [ 112.6662, -8.2981 ], [ 112.6642, -8.2998 ], [ 112.6696, -8.3053 ], [ 112.6672, -8.3116 ], [ 112.6687, -8.3185 ], [ 112.6659, -8.3251 ], [ 112.6626, -8.3237 ], [ 112.6544, -8.3273 ], [ 112.6555, -8.3121 ], [ 112.6527, -8.3072 ], [ 112.6316, -8.3051 ], [ 112.6185, -8.3057 ], [ 112.6186, -8.307 ], [ 112.6147, -8.3071 ], [ 112.6127, -8.3098 ], [ 112.6115, -8.3086 ], [ 112.61, -8.3107 ], [ 112.6078, -8.3108 ] ] ] ] } },
{ "type": "Feature", "properties": { "fid": 324, "GID_4": "IDN.11.22.7.3_1", "GID_0": "IDN", "COUNTRY": "Indonesia", "GID_1": "IDN.11_1", "NAME_1": "JawaTimur", "GID_2": "IDN.11.22_1", "NAME_2": "Malang", "GID_3": "IDN.11.22.7_1", "NAME_3": "Gedangan", "NAME_4": "Girimulyo", "VARNAME_4": "NA", "TYPE_4": "Desa", "ENGTYPE_4": "Village", "CC_4": "3507050008", "padi_mean": 0.5, "jagung_mean": 1.0, "cabai_mean": 0.5, "tomat_mean": 0.5, "kentang_mean": 0.5, "wortel_mean": 0.80000001192092896, "tebu_mean": 0.27346680901248255 }, "geometry": { "type": "MultiPolygon", "coordinates": [ [ [ [ 112.6078, -8.3136 ], [ 112.6078, -8.3108 ], [ 112.61, -8.3107 ], [ 112.6115, -8.3086 ], [ 112.6127, -8.3098 ], [ 112.6147, -8.3071 ], [ 112.6186, -8.307 ], [ 112.6185, -8.3057 ], [ 112.6316, -8.3051 ], [ 112.6527, -8.3072 ], [ 112.6555, -8.3121 ], [ 112.6544, -8.3273 ], [ 112.6474, -8.3271 ], [ 112.6331, -8.3218 ], [ 112.6273, -8.3245 ], [ 112.6147, -8.3189 ], [ 112.6162, -8.3143 ], [ 112.6078, -8.3136 ] ] ] ] } },
{ "type": "Feature", "properties": { "fid": 325, "GID_4": "IDN.11.22.7.4_1", "GID_0": "IDN", "COUNTRY": "Indonesia", "GID_1": "IDN.11_1", "NAME_1": "JawaTimur", "GID_2": "IDN.11.22_1", "NAME_2": "Malang", "GID_3": "IDN.11.22.7_1", "NAME_3": "Gedangan", "NAME_4": "Segaran", "VARNAME_4": "NA", "TYPE_4": "Desa", "ENGTYPE_4": "Village", "CC_4": "3507050006", "padi_mean": 0.5, "jagung_mean": 1.0, "cabai_mean": 0.5, "tomat_mean": 0.5, "kentang_mean": 0.5, "wortel_mean": 0.74012728723127441, "tebu_mean": 0.5 }, "geometry": { "type": "MultiPolygon", "coordinates": [ [ [ [ 112.6621, -8.2748 ], [ 112.6591, -8.2746 ], [ 112.6541, -8.2792 ], [ 112.6443, -8.2813 ], [ 112.6389, -8.2868 ], [ 112.6372, -8.2857 ], [ 112.6345, -8.2876 ], [ 112.6334, -8.2858 ], [ 112.6301, -8.2861 ], [ 112.631, -8.2814 ], [ 112.6274, -8.2736 ], [ 112.6315, -8.2724 ], [ 112.6319, -8.2613 ], [ 112.6292, -8.2527 ], [ 112.6296, -8.2476 ], [ 112.6276, -8.2393 ], [ 112.6312, -8.239 ], [ 112.6326, -8.2403 ], [ 112.6338, -8.2388 ], [ 112.6367, -8.2402 ], [ 112.6359, -8.2375 ], [ 112.6399, -8.2379 ], [ 112.6483, -8.2424 ], [ 112.6459, -8.2512 ], [ 112.6463, -8.2555 ], [ 112.65, -8.2581 ], [ 112.652, -8.265 ], [ 112.6648, -8.2669 ], [ 112.6621, -8.2748 ] ] ] ] } },
{ "type": "Feature", "properties": { "fid": 326, "GID_4": "IDN.11.22.7.5_1", "GID_0": "IDN", "COUNTRY": "Indonesia", "GID_1": "IDN.11_1", "NAME_1": "JawaTimur", "GID_2": "IDN.11.22_1", "NAME_2": "Malang", "GID_3": "IDN.11.22.7_1", "NAME_3": "Gedangan", "NAME_4": "Sidodadi", "VARNAME_4": "NA", "TYPE_4": "Desa", "ENGTYPE_4": "Village", "CC_4": "3507050004", "padi_mean": 0.75108945760065826, "jagung_mean": 1.0, "cabai_mean": 0.5, "tomat_mean": 0.5, "kentang_mean": 0.5, "wortel_mean": 0.51686798528244249, "tebu_mean": 0.48313201555539942 }, "geometry": { "type": "MultiPolygon", "coordinates": [ [ [ [ 112.6429, -8.4267 ], [ 112.6366, -8.4119 ], [ 112.6383, -8.4079 ], [ 112.6368, -8.4037 ], [ 112.6387, -8.4025 ], [ 112.6383, -8.3968 ], [ 112.6415, -8.3937 ], [ 112.6447, -8.3851 ], [ 112.647, -8.3673 ], [ 112.6532, -8.3585 ], [ 112.6527, -8.3358 ], [ 112.6554, -8.3331 ], [ 112.6573, -8.3258 ], [ 112.6626, -8.3237 ], [ 112.6655, -8.3255 ], [ 112.665, -8.3358 ], [ 112.6669, -8.3407 ], [ 112.6653, -8.3551 ], [ 112.6682, -8.3586 ], [ 112.6684, -8.363 ], [ 112.6664, -8.3643 ], [ 112.6683, -8.3669 ], [ 112.6616, -8.3728 ], [ 112.6574, -8.3795 ], [ 112.6596, -8.3818 ], [ 112.6571, -8.3867 ], [ 112.6584, -8.3878 ], [ 112.6564, -8.3888 ], [ 112.6582, -8.39 ], [ 112.657, -8.3928 ], [ 112.6582, -8.3934 ], [ 112.6557, -8.394 ], [ 112.6569, -8.3951 ], [ 112.6557, -8.3976 ], [ 112.6584, -8.3982 ], [ 112.6585, -8.4011 ], [ 112.6506, -8.4065 ], [ 112.6514, -8.4096 ], [ 112.6484, -8.411 ], [ 112.6497, -8.4202 ], [ 112.6452, -8.4223 ], [ 112.6476, -8.4238 ], [ 112.6429, -8.4267 ] ] ] ] } },
{ "type": "Feature", "properties": { "fid": 327, "GID_4": "IDN.11.22.7.6_1", "GID_0": "IDN", "COUNTRY": "Indonesia", "GID_1": "IDN.11_1", "NAME_1": "JawaTimur", "GID_2": "IDN.11.22_1", "NAME_2": "Malang", "GID_3": "IDN.11.22.7_1", "NAME_3": "Gedangan", "NAME_4": "Sindurejo", "VARNAME_4": "NA", "TYPE_4": "Desa", "ENGTYPE_4": "Village", "CC_4": "3507050002", "padi_mean": 0.75, "jagung_mean": 1.0, "cabai_mean": 0.5, "tomat_mean": 0.5, "kentang_mean": 0.5, "wortel_mean": 0.5, "tebu_mean": 0.5 }, "geometry": { "type": "MultiPolygon", "coordinates": [ [ [ [ 112.6419, -8.3242 ], [ 112.6431, -8.3278 ], [ 112.6416, -8.336 ], [ 112.6424, -8.3429 ], [ 112.6409, -8.3462 ], [ 112.6423, -8.3488 ], [ 112.6375, -8.3565 ], [ 112.6317, -8.357 ], [ 112.6313, -8.3647 ], [ 112.6301, -8.3671 ], [ 112.6258, -8.3683 ], [ 112.6268, -8.3794 ], [ 112.6212, -8.3845 ], [ 112.6226, -8.3868 ], [ 112.6206, -8.3881 ], [ 112.621, -8.3901 ], [ 112.6177, -8.3923 ], [ 112.6162, -8.3966 ], [ 112.6143, -8.3963 ], [ 112.6138, -8.3983 ], [ 112.6117, -8.3989 ], [ 112.612, -8.4006 ], [ 112.6099, -8.4007 ], [ 112.6082, -8.4032 ], [ 112.6076, -8.4079 ], [ 112.6057, -8.4102 ], [ 112.5991, -8.4127 ], [ 112.5932, -8.4181 ], [ 112.5911, -8.4171 ], [ 112.5865, -8.4185 ], [ 112.5836, -8.4159 ], [ 112.579, -8.4148 ], [ 112.5768, -8.4101 ], [ 112.5732, -8.4076 ], [ 112.568, -8.4077 ], [ 112.5691, -8.4061 ], [ 112.5663, -8.4049 ], [ 112.5686, -8.4019 ], [ 112.5668, -8.3968 ], [ 112.5692, -8.3953 ], [ 112.5676, -8.394 ], [ 112.5681, -8.3922 ], [ 112.5714, -8.3914 ], [ 112.5733, -8.3878 ], [ 112.5766, -8.3886 ], [ 112.5813, -8.3837 ], [ 112.5867, -8.3809 ], [ 112.5892, -8.3755 ], [ 112.5967, -8.3667 ], [ 112.5958, -8.3601 ], [ 112.5974, -8.3576 ], [ 112.6006, -8.357 ], [ 112.6031, -8.351 ], [ 112.6059, -8.3489 ], [ 112.6067, -8.3423 ], [ 112.6095, -8.3367 ], [ 112.6079, -8.328 ], [ 112.6104, -8.3231 ], [ 112.6102, -8.3195 ], [ 112.6146, -8.3189 ], [ 112.6273, -8.3245 ], [ 112.6331, -8.3218 ], [ 112.6419, -8.3242 ] ] ] ] } },
{ "type": "Feature", "properties": { "fid": 328, "GID_4": "IDN.11.22.7.7_1", "GID_0": "IDN", "COUNTRY": "Indonesia", "GID_1": "IDN.11_1", "NAME_1": "JawaTimur", "GID_2": "IDN.11.22_1", "NAME_2": "Malang", "GID_3": "IDN.11.22.7_1", "NAME_3": "Gedangan", "NAME_4": "Sumberejo", "VARNAME_4": "NA", "TYPE_4": "Desa", "ENGTYPE_4": "Village", "CC_4": "3507050007", "padi_mean": 0.5, "jagung_mean": 1.0, "cabai_mean": 0.5, "tomat_mean": 0.5, "kentang_mean": 0.5, "wortel_mean": 0.71024756861043858, "tebu_mean": 0.49992671746569045 }, "geometry": { "type": "MultiPolygon", "coordinates": [ [ [ [ 112.6083, -8.2919 ], [ 112.6085, -8.2871 ], [ 112.615, -8.287 ], [ 112.6159, -8.2741 ], [ 112.6147, -8.2713 ], [ 112.6079, -8.2686 ], [ 112.6056, -8.2698 ], [ 112.6064, -8.2683 ], [ 112.6031, -8.2674 ], [ 112.6031, -8.2648 ], [ 112.5987, -8.2606 ], [ 112.599, -8.2587 ], [ 112.6064, -8.2604 ], [ 112.6073, -8.2587 ], [ 112.6068, -8.2521 ], [ 112.6027, -8.2497 ], [ 112.6039, -8.2452 ], [ 112.6015, -8.2446 ], [ 112.6022, -8.2425 ], [ 112.6001, -8.2415 ], [ 112.6053, -8.231 ], [ 112.6092, -8.2317 ], [ 112.6106, -8.2341 ], [ 112.6139, -8.2342 ], [ 112.6179, -8.2375 ], [ 112.6274, -8.2401 ], [ 112.6319, -8.2613 ], [ 112.6315, -8.2724 ], [ 112.6274, -8.2736 ], [ 112.631, -8.2814 ], [ 112.6298, -8.2879 ], [ 112.6264, -8.2881 ], [ 112.6259, -8.292 ], [ 112.6083, -8.2919 ] ] ] ] } },
{ "type": "Feature", "properties": { "fid": 329, "GID_4": "IDN.11.22.7.8_1", "GID_0": "IDN", "COUNTRY": "Indonesia", "GID_1": "IDN.11_1", "NAME_1": "JawaTimur", "GID_2": "IDN.11.22_1", "NAME_2": "Malang", "GID_3": "IDN.11.22.7_1", "NAME_3": "Gedangan", "NAME_4": "Tumpakrejo", "VARNAME_4": "NA", "TYPE_4": "Desa", "ENGTYPE_4": "Village", "CC_4": "3507050001", "padi_mean": 0.72485769047070914, "jagung_mean": 1.0, "cabai_mean": 0.5, "tomat_mean": 0.5, "kentang_mean": 0.5, "wortel_mean": 0.54812130529369252, "tebu_mean": 0.5 }, "geometry": { "type": "MultiPolygon", "coordinates": [ [ [ [ 112.578, -8.3358 ], [ 112.5837, -8.3296 ], [ 112.6001, -8.3235 ], [ 112.6016, -8.3162 ], [ 112.607, -8.3137 ], [ 112.6162, -8.3143 ], [ 112.6149, -8.3189 ], [ 112.6102, -8.3195 ], [ 112.6104, -8.3231 ], [ 112.6079, -8.328 ], [ 112.6095, -8.3367 ], [ 112.6067, -8.3423 ], [ 112.6059, -8.3489 ], [ 112.6031, -8.351 ], [ 112.6006, -8.357 ], [ 112.5974, -8.3576 ], [ 112.5958, -8.3601 ], [ 112.5966, -8.3668 ], [ 112.5892, -8.3755 ], [ 112.5867, -8.3809 ], [ 112.5813, -8.3837 ], [ 112.5766, -8.3886 ], [ 112.5733, -8.3878 ], [ 112.5714, -8.3914 ], [ 112.5681, -8.3922 ], [ 112.5676, -8.394 ], [ 112.5692, -8.3953 ], [ 112.5668, -8.3968 ], [ 112.5686, -8.4019 ], [ 112.5663, -8.4049 ], [ 112.5689, -8.4059 ], [ 112.5685, -8.4068 ], [ 112.5531, -8.402 ], [ 112.5609, -8.398 ], [ 112.5613, -8.3911 ], [ 112.5652, -8.3906 ], [ 112.5658, -8.3853 ], [ 112.5686, -8.3833 ], [ 112.5682, -8.38 ], [ 112.5662, -8.3795 ], [ 112.5649, -8.3764 ], [ 112.5645, -8.3708 ], [ 112.5723, -8.3635 ], [ 112.5739, -8.358 ], [ 112.5719, -8.3542 ], [ 112.5736, -8.3521 ], [ 112.5717, -8.3502 ], [ 112.5721, -8.342 ], [ 112.578, -8.3358 ] ] ] ] } },
{ "type": "Feature", "properties": { "fid": 330, "GID_4": "IDN.11.22.8.1_1", "GID_0": "IDN", "COUNTRY": "Indonesia", "GID_1": "IDN.11_1", "NAME_1": "JawaTimur", "GID_2": "IDN.11.22_1", "NAME_2": "Malang", "GID_3": "IDN.11.22.8_1", "NAME_3": "Gondanglegi", "NAME_4": "Bulupitu", "VARNAME_4": "NA", "TYPE_4": "Desa", "ENGTYPE_4": "Village", "CC_4": "3507140002", "padi_mean": 0.5, "jagung_mean": 1.0, "cabai_mean": 0.5, "tomat_mean": 0.5, "kentang_mean": 0.5, "wortel_mean": 0.50338007244454674, "tebu_mean": 0.5 }, "geometry": { "type": "MultiPolygon", "coordinates": [ [ [ [ 112.5958, -8.1238 ], [ 112.6052, -8.126 ], [ 112.6057, -8.1251 ], [ 112.6151, -8.1308 ], [ 112.6107, -8.1312 ], [ 112.6053, -8.138 ], [ 112.6015, -8.1387 ], [ 112.6001, -8.1415 ], [ 112.5968, -8.1421 ], [ 112.5957, -8.1471 ], [ 112.5972, -8.1489 ], [ 112.5944, -8.153 ], [ 112.5957, -8.1574 ], [ 112.5894, -8.1548 ], [ 112.5916, -8.1465 ], [ 112.5971, -8.1391 ], [ 112.5908, -8.1342 ], [ 112.5921, -8.1303 ], [ 112.5942, -8.1296 ], [ 112.5958, -8.1238 ] ] ] ] } },
{ "type": "Feature", "properties": { "fid": 331, "GID_4": "IDN.11.22.8.2_1", "GID_0": "IDN", "COUNTRY": "Indonesia", "GID_1": "IDN.11_1", "NAME_1": "JawaTimur", "GID_2": "IDN.11.22_1", "NAME_2": "Malang", "GID_3": "IDN.11.22.8_1", "NAME_3": "Gondanglegi", "NAME_4": "Ganjaran", "VARNAME_4": "NA", "TYPE_4": "Desa", "ENGTYPE_4": "Village", "CC_4": "3507140012", "padi_mean": 0.5, "jagung_mean": 1.0, "cabai_mean": 0.5, "tomat_mean": 0.5, "kentang_mean": 0.5, "wortel_mean": 0.57361144149440657, "tebu_mean": 0.5 }, "geometry": { "type": "MultiPolygon", "coordinates": [ [ [ [ 112.6001, -8.1415 ], [ 112.6015, -8.1387 ], [ 112.6053, -8.138 ], [ 112.6107, -8.1312 ], [ 112.6156, -8.1308 ], [ 112.6188, -8.1249 ], [ 112.6242, -8.1334 ], [ 112.6345, -8.1396 ], [ 112.635, -8.1417 ], [ 112.6297, -8.1538 ], [ 112.6256, -8.1552 ], [ 112.6242, -8.1577 ], [ 112.6249, -8.1611 ], [ 112.6184, -8.1561 ], [ 112.6197, -8.1537 ], [ 112.6001, -8.1415 ] ] ] ] } },
{ "type": "Feature", "properties": { "fid": 332, "GID_4": "IDN.11.22.8.3_1", "GID_0": "IDN", "COUNTRY": "Indonesia", "GID_1": "IDN.11_1", "NAME_1": "JawaTimur", "GID_2": "IDN.11.22_1", "NAME_2": "Malang", "GID_3": "IDN.11.22.8_1", "NAME_3": "Gondanglegi", "NAME_4": "GondanglegiKulon", "VARNAME_4": "NA", "TYPE_4": "Desa", "ENGTYPE_4": "Village", "CC_4": "3507140005", "padi_mean": 0.5, "jagung_mean": 1.0, "cabai_mean": 0.5, "tomat_mean": 0.5, "kentang_mean": 0.5, "wortel_mean": 0.53918084040349579, "tebu_mean": 0.5 }, "geometry": { "type": "MultiPolygon", "coordinates": [ [ [ [ 112.6196, -8.1571 ], [ 112.6255, -8.1613 ], [ 112.6308, -8.163 ], [ 112.6316, -8.1612 ], [ 112.6399, -8.1641 ], [ 112.6409, -8.1669 ], [ 112.6389, -8.1722 ], [ 112.6329, -8.183 ], [ 112.6095, -8.1748 ], [ 112.6121, -8.1707 ], [ 112.6106, -8.1691 ], [ 112.6124, -8.1655 ], [ 112.6177, -8.1572 ], [ 112.6188, -8.1582 ], [ 112.6196, -8.1571 ] ] ] ] } },
{ "type": "Feature", "properties": { "fid": 333, "GID_4": "IDN.11.22.8.4_1", "GID_0": "IDN", "COUNTRY": "Indonesia", "GID_1": "IDN.11_1", "NAME_1": "JawaTimur", "GID_2": "IDN.11.22_1", "NAME_2": "Malang", "GID_3": "IDN.11.22.8_1", "NAME_3": "Gondanglegi", "NAME_4": "GondanglegiWetan", "VARNAME_4": "NA", "TYPE_4": "Desa", "ENGTYPE_4": "Village", "CC_4": "3507140006", "padi_mean": 0.5, "jagung_mean": 1.0, "cabai_mean": 0.5, "tomat_mean": 0.5, "kentang_mean": 0.5, "wortel_mean": 0.5, "tebu_mean": 0.5 }, "geometry": { "type": "MultiPolygon", "coordinates": [ [ [ [ 112.6329, -8.183 ], [ 112.6412, -8.1686 ], [ 112.6426, -8.1698 ], [ 112.6416, -8.1752 ], [ 112.6463, -8.1783 ], [ 112.643, -8.1809 ], [ 112.648, -8.1852 ], [ 112.6468, -8.1883 ], [ 112.6485, -8.189 ], [ 112.6436, -8.2028 ], [ 112.6408, -8.2047 ], [ 112.6287, -8.1985 ], [ 112.6294, -8.1969 ], [ 112.6267, -8.1947 ], [ 112.6373, -8.1869 ], [ 112.6365, -8.1842 ], [ 112.6329, -8.183 ] ] ] ] } },
{ "type": "Feature", "properties": { "fid": 334, "GID_4": "IDN.11.22.8.5_1", "GID_0": "IDN", "COUNTRY": "Indonesia", "GID_1": "IDN.11_1", "NAME_1": "JawaTimur", "GID_2": "IDN.11.22_1", "NAME_2": "Malang", "GID_3": "IDN.11.22.8_1", "NAME_3": "Gondanglegi", "NAME_4": "Ketawang", "VARNAME_4": "NA", "TYPE_4": "Desa", "ENGTYPE_4": "Village", "CC_4": "3507140011", "padi_mean": 0.5, "jagung_mean": 1.0, "cabai_mean": 0.5, "tomat_mean": 0.5, "kentang_mean": 0.5, "wortel_mean": 0.80000001192092907, "tebu_mean": 0.5 }, "geometry": { "type": "MultiPolygon", "coordinates": [ [ [ [ 112.6404, -8.1313 ], [ 112.6596, -8.1345 ], [ 112.6569, -8.1454 ], [ 112.6511, -8.1521 ], [ 112.6494, -8.1521 ], [ 112.65, -8.1504 ], [ 112.633, -8.1475 ], [ 112.6369, -8.1315 ], [ 112.6404, -8.1313 ] ] ] ] } },
{ "type": "Feature", "properties": { "fid": 335, "GID_4": "IDN.11.22.8.6_1", "GID_0": "IDN", "COUNTRY": "Indonesia", "GID_1": "IDN.11_1", "NAME_1": "JawaTimur", "GID_2": "IDN.11.22_1", "NAME_2": "Malang", "GID_3": "IDN.11.22.8_1", "NAME_3": "Gondanglegi", "NAME_4": "Panggungrejo", "VARNAME_4": "NA", "TYPE_4": "Desa", "ENGTYPE_4": "Village", "CC_4": "3507140004", "padi_mean": 0.5, "jagung_mean": 1.0, "cabai_mean": 0.5, "tomat_mean": 0.5, "kentang_mean": 0.5, "wortel_mean": 0.5, "tebu_mean": 0.5 }, "geometry": { "type": "MultiPolygon", "coordinates": [ [ [ [ 112.5972, -8.1489 ], [ 112.5957, -8.1471 ], [ 112.5963, -8.1434 ], [ 112.5989, -8.141 ], [ 112.6197, -8.1537 ], [ 112.6184, -8.1561 ], [ 112.6196, -8.1571 ], [ 112.6167, -8.1587 ], [ 112.5972, -8.1489 ] ] ] ] } },
{ "type": "Feature", "properties": { "fid": 336, "GID_4": "IDN.11.22.8.7_1", "GID_0": "IDN", "COUNTRY": "Indonesia", "GID_1": "IDN.11_1", "NAME_1": "JawaTimur", "GID_2": "IDN.11.22_1", "NAME_2": "Malang", "GID_3": "IDN.11.22.8_1", "NAME_3": "Gondanglegi", "NAME_4": "PutatKidul", "VARNAME_4": "NA", "TYPE_4": "Desa", "ENGTYPE_4": "Village", "CC_4": "3507140008", "padi_mean": 0.5, "jagung_mean": 1.0, "cabai_mean": 0.5, "tomat_mean": 0.5, "kentang_mean": 0.5, "wortel_mean": 0.61295794389298786, "tebu_mean": 0.5 }, "geometry": { "type": "MultiPolygon", "coordinates": [ [ [ [ 112.6249, -8.1611 ], [ 112.6242, -8.1577 ], [ 112.6265, -8.155 ], [ 112.6327, -8.1579 ], [ 112.6321, -8.1595 ], [ 112.6414, -8.1624 ], [ 112.648, -8.164 ], [ 112.6488, -8.162 ], [ 112.6522, -8.1623 ], [ 112.6501, -8.1687 ], [ 112.6562, -8.169 ], [ 112.6486, -8.1858 ], [ 112.643, -8.1809 ], [ 112.6463, -8.1783 ], [ 112.6416, -8.1752 ], [ 112.6426, -8.1698 ], [ 112.6403, -8.1684 ], [ 112.6399, -8.1641 ], [ 112.6316, -8.1612 ], [ 112.6308, -8.163 ], [ 112.6249, -8.1611 ] ] ] ] } },
{ "type": "Feature", "properties": { "fid": 337, "GID_4": "IDN.11.22.8.8_1", "GID_0": "IDN", "COUNTRY": "Indonesia", "GID_1": "IDN.11_1", "NAME_1": "JawaTimur", "GID_2": "IDN.11.22_1", "NAME_2": "Malang", "GID_3": "IDN.11.22.8_1", "NAME_3": "Gondanglegi", "NAME_4": "PutatLor", "VARNAME_4": "NA", "TYPE_4": "Desa", "ENGTYPE_4": "Village", "CC_4": "3507140009", "padi_mean": 0.5, "jagung_mean": 1.0, "cabai_mean": 0.5, "tomat_mean": 0.5, "kentang_mean": 0.5, "wortel_mean": 0.78667105379211777, "tebu_mean": 0.5 }, "geometry": { "type": "MultiPolygon", "coordinates": [ [ [ [ 112.6274, -8.1553 ], [ 112.6334, -8.1472 ], [ 112.65, -8.1504 ], [ 112.6489, -8.1533 ], [ 112.6623, -8.1566 ], [ 112.6643, -8.1585 ], [ 112.6604, -8.1632 ], [ 112.6601, -8.1666 ], [ 112.6532, -8.1698 ], [ 112.6501, -8.1687 ], [ 112.6522, -8.1623 ], [ 112.6488, -8.162 ], [ 112.648, -8.164 ], [ 112.6414, -8.1624 ], [ 112.6321, -8.1595 ], [ 112.6327, -8.1579 ], [ 112.6274, -8.1553 ] ] ] ] } },
{ "type": "Feature", "properties": { "fid": 338, "GID_4": "IDN.11.22.8.9_1", "GID_0": "IDN", "COUNTRY": "Indonesia", "GID_1": "IDN.11_1", "NAME_1": "JawaTimur", "GID_2": "IDN.11.22_1", "NAME_2": "Malang", "GID_3": "IDN.11.22.8_1", "NAME_3": "Gondanglegi", "NAME_4": "Putukrejo", "VARNAME_4": "NA", "TYPE_4": "Desa", "ENGTYPE_4": "Village", "CC_4": "3507140013", "padi_mean": 0.5, "jagung_mean": 0.85769612051948474, "cabai_mean": 0.5, "tomat_mean": 0.5, "kentang_mean": 0.5, "wortel_mean": 0.77109768362310349, "tebu_mean": 0.5 }, "geometry": { "type": "MultiPolygon", "coordinates": [ [ [ [ 112.6389, -8.1261 ], [ 112.6405, -8.1317 ], [ 112.6369, -8.1315 ], [ 112.6345, -8.1396 ], [ 112.6242, -8.1334 ], [ 112.6188, -8.1249 ], [ 112.6234, -8.1162 ], [ 112.6346, -8.1193 ], [ 112.6365, -8.1181 ], [ 112.6389, -8.1261 ] ] ] ] } },
{ "type": "Feature", "properties": { "fid": 339, "GID_4": "IDN.11.22.8.10_1", "GID_0": "IDN", "COUNTRY": "Indonesia", "GID_1": "IDN.11_1", "NAME_1": "JawaTimur", "GID_2": "IDN.11.22_1", "NAME_2": "Malang", "GID_3": "IDN.11.22.8_1", "NAME_3": "Gondanglegi", "NAME_4": "Sepanjang", "VARNAME_4": "NA", "TYPE_4": "Desa", "ENGTYPE_4": "Village", "CC_4": "3507140007", "padi_mean": 0.5, "jagung_mean": 0.99154811183064484, "cabai_mean": 0.5, "tomat_mean": 0.5, "kentang_mean": 0.5, "wortel_mean": 0.51753762829172345, "tebu_mean": 0.5 }, "geometry": { "type": "MultiPolygon", "coordinates": [ [ [ [ 112.6436, -8.2028 ], [ 112.6485, -8.189 ], [ 112.6468, -8.1883 ], [ 112.6469, -8.1864 ], [ 112.6493, -8.1848 ], [ 112.657, -8.1674 ], [ 112.6601, -8.1666 ], [ 112.6607, -8.1627 ], [ 112.6653, -8.1592 ], [ 112.6734, -8.1686 ], [ 112.6681, -8.1789 ], [ 112.6705, -8.1894 ], [ 112.6738, -8.1912 ], [ 112.6732, -8.1928 ], [ 112.6749, -8.1938 ], [ 112.6736, -8.1966 ], [ 112.6688, -8.2046 ], [ 112.6501, -8.2063 ], [ 112.6436, -8.2028 ] ] ] ] } },
{ "type": "Feature", "properties": { "fid": 340, "GID_4": "IDN.11.22.8.11_1", "GID_0": "IDN", "COUNTRY": "Indonesia", "GID_1": "IDN.11_1", "NAME_1": "JawaTimur", "GID_2": "IDN.11.22_1", "NAME_2": "Malang", "GID_3": "IDN.11.22.8_1", "NAME_3": "Gondanglegi", "NAME_4": "Sukorejo", "VARNAME_4": "NA", "TYPE_4": "Desa", "ENGTYPE_4": "Village", "CC_4": "3507140001", "padi_mean": 0.5, "jagung_mean": 1.0, "cabai_mean": 0.5, "tomat_mean": 0.5, "kentang_mean": 0.5, "wortel_mean": 0.5, "tebu_mean": 0.5 }, "geometry": { "type": "MultiPolygon", "coordinates": [ [ [ [ 112.5908, -8.1342 ], [ 112.5971, -8.1391 ], [ 112.5916, -8.1465 ], [ 112.588, -8.1614 ], [ 112.5847, -8.1606 ], [ 112.582, -8.1715 ], [ 112.5709, -8.1736 ], [ 112.5765, -8.1719 ], [ 112.577, -8.1696 ], [ 112.5788, -8.1703 ], [ 112.58, -8.1689 ], [ 112.5783, -8.1598 ], [ 112.5845, -8.1547 ], [ 112.5843, -8.146 ], [ 112.5876, -8.1428 ], [ 112.5858, -8.1404 ], [ 112.5908, -8.1342 ] ] ] ] } },
{ "type": "Feature", "properties": { "fid": 341, "GID_4": "IDN.11.22.8.12_1", "GID_0": "IDN", "COUNTRY": "Indonesia", "GID_1": "IDN.11_1", "NAME_1": "JawaTimur", "GID_2": "IDN.11.22_1", "NAME_2": "Malang", "GID_3": "IDN.11.22.8_1", "NAME_3": "Gondanglegi", "NAME_4": "Sukosari", "VARNAME_4": "NA", "TYPE_4": "Desa", "ENGTYPE_4": "Village", "CC_4": "3507140003", "padi_mean": 0.5, "jagung_mean": 1.0, "cabai_mean": 0.5, "tomat_mean": 0.5, "kentang_mean": 0.5, "wortel_mean": 0.5, "tebu_mean": 0.5 }, "geometry": { "type": "MultiPolygon", "coordinates": [ [ [ [ 112.5959, -8.1573 ], [ 112.5944, -8.153 ], [ 112.5972, -8.1489 ], [ 112.6167, -8.1587 ], [ 112.612, -8.1662 ], [ 112.5959, -8.1573 ] ] ] ] } },
{ "type": "Feature", "properties": { "fid": 342, "GID_4": "IDN.11.22.8.13_1", "GID_0": "IDN", "COUNTRY": "Indonesia", "GID_1": "IDN.11_1", "NAME_1": "JawaTimur", "GID_2": "IDN.11.22_1", "NAME_2": "Malang", "GID_3": "IDN.11.22.8_1", "NAME_3": "Gondanglegi", "NAME_4": "Sumberjaya", "VARNAME_4": "NA", "TYPE_4": "Desa", "ENGTYPE_4": "Village", "CC_4": "3507140014", "padi_mean": 0.5, "jagung_mean": 0.98974256003960959, "cabai_mean": 0.5, "tomat_mean": 0.5, "kentang_mean": 0.5, "wortel_mean": 0.74118769267659201, "tebu_mean": 0.5 }, "geometry": { "type": "MultiPolygon", "coordinates": [ [ [ [ 112.6221, -8.1098 ], [ 112.6267, -8.1115 ], [ 112.6248, -8.113 ], [ 112.6264, -8.1138 ], [ 112.6249, -8.1166 ], [ 112.6234, -8.1162 ], [ 112.6156, -8.1308 ], [ 112.6057, -8.1251 ], [ 112.6124, -8.1153 ], [ 112.6144, -8.1157 ], [ 112.6169, -8.1124 ], [ 112.6194, -8.1136 ], [ 112.6221, -8.1098 ] ] ] ] } },
{ "type": "Feature", "properties": { "fid": 343, "GID_4": "IDN.11.22.8.14_1", "GID_0": "IDN", "COUNTRY": "Indonesia", "GID_1": "IDN.11_1", "NAME_1": "JawaTimur", "GID_2": "IDN.11.22_1", "NAME_2": "Malang", "GID_3": "IDN.11.22.8_1", "NAME_3": "Gondanglegi", "NAME_4": "UrekUrek", "VARNAME_4": "NA", "TYPE_4": "Desa", "ENGTYPE_4": "Village", "CC_4": "3507140010", "padi_mean": 0.5, "jagung_mean": 0.82139241071077285, "cabai_mean": 0.5, "tomat_mean": 0.5, "kentang_mean": 0.5, "wortel_mean": 0.80000001192092907, "tebu_mean": 0.5 }, "geometry": { "type": "MultiPolygon", "coordinates": [ [ [ [ 112.6596, -8.1345 ], [ 112.6605, -8.1323 ], [ 112.6636, -8.1338 ], [ 112.6739, -8.1335 ], [ 112.675, -8.1357 ], [ 112.6742, -8.14 ], [ 112.6753, -8.1406 ], [ 112.6705, -8.1503 ], [ 112.6708, -8.1541 ], [ 112.664, -8.1592 ], [ 112.6641, -8.1574 ], [ 112.6623, -8.1566 ], [ 112.6489, -8.1533 ], [ 112.6554, -8.1485 ], [ 112.6596, -8.1345 ] ] ] ] } },
{ "type": "Feature", "properties": { "fid": 344, "GID_4": "IDN.11.22.9.1_1", "GID_0": "IDN", "COUNTRY": "Indonesia", "GID_1": "IDN.11_1", "NAME_1": "JawaTimur", "GID_2": "IDN.11.22_1", "NAME_2": "Malang", "GID_3": "IDN.11.22.9_1", "NAME_3": "Jabung", "NAME_4": "Argosari", "VARNAME_4": "NA", "TYPE_4": "Desa", "ENGTYPE_4": "Village", "CC_4": "3507260011", "padi_mean": 0.48129194985711066, "jagung_mean": 0.20000000298023227, "cabai_mean": 0.5, "tomat_mean": 0.5, "kentang_mean": 0.51247203280910036, "wortel_mean": 0.31247204473002926, "tebu_mean": 0.0 }, "geometry": { "type": "MultiPolygon", "coordinates": [ [ [ [ 112.7964, -7.9396 ], [ 112.7922, -7.9442 ], [ 112.7921, -7.9466 ], [ 112.7879, -7.9465 ], [ 112.788, -7.948 ], [ 112.786, -7.9487 ], [ 112.784, -7.9466 ], [ 112.7733, -7.9523 ], [ 112.7625, -7.9518 ], [ 112.7629, -7.9504 ], [ 112.7582, -7.9492 ], [ 112.7565, -7.9443 ], [ 112.7586, -7.944 ], [ 112.7597, -7.9399 ], [ 112.7622, -7.9403 ], [ 112.7626, -7.9387 ], [ 112.7648, -7.939 ], [ 112.7646, -7.9408 ], [ 112.7678, -7.9396 ], [ 112.7677, -7.9413 ], [ 112.7702, -7.9422 ], [ 112.7755, -7.9415 ], [ 112.775, -7.9439 ], [ 112.7773, -7.943 ], [ 112.786, -7.9363 ], [ 112.7869, -7.9318 ], [ 112.7936, -7.9282 ], [ 112.792, -7.932 ], [ 112.7934, -7.9356 ], [ 112.7908, -7.9422 ], [ 112.7959, -7.9379 ], [ 112.7964, -7.9396 ] ] ] ] } },
{ "type": "Feature", "properties": { "fid": 345, "GID_4": "IDN.11.22.9.2_1", "GID_0": "IDN", "COUNTRY": "Indonesia", "GID_1": "IDN.11_1", "NAME_1": "JawaTimur", "GID_2": "IDN.11.22_1", "NAME_2": "Malang", "GID_3": "IDN.11.22.9_1", "NAME_3": "Jabung", "NAME_4": "GadingKembar", "VARNAME_4": "NA", "TYPE_4": "Desa", "ENGTYPE_4": "Village", "CC_4": "3507260009", "padi_mean": 0.41050438329396821, "jagung_mean": 0.20000000298023224, "cabai_mean": 0.5, "tomat_mean": 0.5, "kentang_mean": 0.55656844412844375, "wortel_mean": 0.35966375342808654, "tebu_mean": 0.0 }, "geometry": { "type": "MultiPolygon", "coordinates": [ [ [ [ 112.7582, -7.9492 ], [ 112.7629, -7.9504 ], [ 112.7625, -7.9518 ], [ 112.7643, -7.9526 ], [ 112.7689, -7.9513 ], [ 112.7733, -7.9523 ], [ 112.784, -7.9466 ], [ 112.786, -7.9487 ], [ 112.788, -7.948 ], [ 112.7879, -7.9465 ], [ 112.7921, -7.9466 ], [ 112.7922, -7.9442 ], [ 112.7964, -7.9396 ], [ 112.8052, -7.9513 ], [ 112.802, -7.952 ], [ 112.7951, -7.9594 ], [ 112.7869, -7.9649 ], [ 112.7813, -7.965 ], [ 112.7782, -7.9618 ], [ 112.7705, -7.9604 ], [ 112.7709, -7.9531 ], [ 112.768, -7.9542 ], [ 112.7653, -7.9577 ], [ 112.7638, -7.9558 ], [ 112.7631, -7.9574 ], [ 112.7541, -7.9557 ], [ 112.7582, -7.9492 ] ] ] ] } },
{ "type": "Feature", "properties": { "fid": 346, "GID_4": "IDN.11.22.9.4_1", "GID_0": "IDN", "COUNTRY": "Indonesia", "GID_1": "IDN.11_1", "NAME_1": "JawaTimur", "GID_2": "IDN.11.22_1", "NAME_2": "Malang", "GID_3": "IDN.11.22.9_1", "NAME_3": "Jabung", "NAME_4": "Jabung", "VARNAME_4": "NA", "TYPE_4": "Desa", "ENGTYPE_4": "Village", "CC_4": "3507260014", "padi_mean": 0.44364185740565121, "jagung_mean": 0.31604322497083781, "cabai_mean": 0.5, "tomat_mean": 0.5, "kentang_mean": 0.5, "wortel_mean": 0.44642023107578371, "tebu_mean": 0.0 }, "geometry": { "type": "MultiPolygon", "coordinates": [ [ [ [ 112.7632, -7.9388 ], [ 112.7622, -7.9403 ], [ 112.7597, -7.9399 ], [ 112.7586, -7.944 ], [ 112.7532, -7.9455 ], [ 112.7539, -7.9365 ], [ 112.7499, -7.9304 ], [ 112.7503, -7.9287 ], [ 112.7318, -7.9196 ], [ 112.7335, -7.9173 ], [ 112.7383, -7.9173 ], [ 112.7401, -7.9126 ], [ 112.7364, -7.9089 ], [ 112.7455, -7.9073 ], [ 112.7519, -7.9082 ], [ 112.7574, -7.904 ], [ 112.7599, -7.9043 ], [ 112.7608, -7.9173 ], [ 112.7568, -7.9261 ], [ 112.7588, -7.9295 ], [ 112.765, -7.933 ], [ 112.7632, -7.9388 ] ] ] ] } },
{ "type": "Feature", "properties": { "fid": 347, "GID_4": "IDN.11.22.9.5_1", "GID_0": "IDN", "COUNTRY": "Indonesia", "GID_1": "IDN.11_1", "NAME_1": "JawaTimur", "GID_2": "IDN.11.22_1", "NAME_2": "Malang", "GID_3": "IDN.11.22.9_1", "NAME_3": "Jabung", "NAME_4": "Kemantren", "VARNAME_4": "NA", "TYPE_4": "Desa", "ENGTYPE_4": "Village", "CC_4": "3507260010", "padi_mean": 0.5, "jagung_mean": 0.43401026396700743, "cabai_mean": 0.5, "tomat_mean": 0.5, "kentang_mean": 0.5, "wortel_mean": 0.69001711744002614, "tebu_mean": 0.0 }, "geometry": { "type": "MultiPolygon", "coordinates": [ [ [ [ 112.7318, -7.9527 ], [ 112.7329, -7.9489 ], [ 112.7346, -7.9483 ], [ 112.74, -7.9514 ], [ 112.7393, -7.9528 ], [ 112.7372, -7.952 ], [ 112.7361, -7.954 ], [ 112.7318, -7.9527 ] ] ], [ [ [ 112.7582, -7.9492 ], [ 112.7535, -7.9551 ], [ 112.7501, -7.956 ], [ 112.7491, -7.9553 ], [ 112.7515, -7.9497 ], [ 112.7485, -7.9509 ], [ 112.7475, -7.9482 ], [ 112.7419, -7.9478 ], [ 112.7369, -7.9444 ], [ 112.7384, -7.9418 ], [ 112.7368, -7.9395 ], [ 112.7373, -7.9371 ], [ 112.7308, -7.9307 ], [ 112.7334, -7.9204 ], [ 112.7503, -7.9287 ], [ 112.7499, -7.9304 ], [ 112.7539, -7.9365 ], [ 112.7532, -7.9455 ], [ 112.7567, -7.9446 ], [ 112.7582, -7.9492 ] ] ] ] } },
{ "type": "Feature", "properties": { "fid": 348, "GID_4": "IDN.11.22.9.6_1", "GID_0": "IDN", "COUNTRY": "Indonesia", "GID_1": "IDN.11_1", "NAME_1": "JawaTimur", "GID_2": "IDN.11.22_1", "NAME_2": "Malang", "GID_3": "IDN.11.22.9_1", "NAME_3": "Jabung", "NAME_4": "Kemiri", "VARNAME_4": "NA", "TYPE_4": "Desa", "ENGTYPE_4": "Village", "CC_4": "3507260013", "padi_mean": 0.20729298052567319, "jagung_mean": 0.20000000298023224, "cabai_mean": 0.5, "tomat_mean": 0.5, "kentang_mean": 0.5, "wortel_mean": 0.49513801521120338, "tebu_mean": 0.0 }, "geometry": { "type": "MultiPolygon", "coordinates": [ [ [ [ 112.7605, -7.9184 ], [ 112.7603, -7.9053 ], [ 112.7586, -7.9038 ], [ 112.7533, -7.9039 ], [ 112.7515, -7.9022 ], [ 112.7518, -7.896 ], [ 112.7501, -7.8938 ], [ 112.7516, -7.8882 ], [ 112.755, -7.8838 ], [ 112.7534, -7.8832 ], [ 112.7556, -7.8812 ], [ 112.7548, -7.8794 ], [ 112.7588, -7.8776 ], [ 112.759, -7.8749 ], [ 112.7608, -7.8746 ], [ 112.7622, -7.8784 ], [ 112.7656, -7.8793 ], [ 112.7719, -7.8774 ], [ 112.7767, -7.8824 ], [ 112.7757, -7.8846 ], [ 112.7778, -7.8865 ], [ 112.7726, -7.8869 ], [ 112.7754, -7.8894 ], [ 112.7768, -7.8995 ], [ 112.7805, -7.9012 ], [ 112.776, -7.9054 ], [ 112.7784, -7.9053 ], [ 112.7801, -7.9071 ], [ 112.7791, -7.9128 ], [ 112.7823, -7.915 ], [ 112.7757, -7.9198 ], [ 112.7693, -7.9162 ], [ 112.7605, -7.9184 ] ] ] ] } },
{ "type": "Feature", "properties": { "fid": 349, "GID_4": "IDN.11.22.9.7_1", "GID_0": "IDN", "COUNTRY": "Indonesia", "GID_1": "IDN.11_1", "NAME_1": "JawaTimur", "GID_2": "IDN.11.22_1", "NAME_2": "Malang", "GID_3": "IDN.11.22.9_1", "NAME_3": "Jabung", "NAME_4": "Kenongo", "VARNAME_4": "NA", "TYPE_4": "Desa", "ENGTYPE_4": "Village", "CC_4": "3507260001", "padi_mean": 0.5, "jagung_mean": 0.20000000298023221, "cabai_mean": 0.5, "tomat_mean": 0.5, "kentang_mean": 0.5, "wortel_mean": 0.30000001192092896, "tebu_mean": 0.0 }, "geometry": { "type": "MultiPolygon", "coordinates": [ [ [ [ 112.7856, -7.9903 ], [ 112.7826, -7.9929 ], [ 112.7785, -7.9904 ], [ 112.7687, -7.9882 ], [ 112.7656, -7.9896 ], [ 112.7655, -7.9884 ], [ 112.7606, -7.9877 ], [ 112.7549, -7.9818 ], [ 112.7575, -7.9816 ], [ 112.7582, -7.9768 ], [ 112.7599, -7.9767 ], [ 112.7638, -7.9821 ], [ 112.7666, -7.9821 ], [ 112.7762, -7.9875 ], [ 112.7856, -7.9903 ] ] ] ] } },
{ "type": "Feature", "properties": { "fid": 350, "GID_4": "IDN.11.22.9.8_1", "GID_0": "IDN", "COUNTRY": "Indonesia", "GID_1": "IDN.11_1", "NAME_1": "JawaTimur", "GID_2": "IDN.11.22_1", "NAME_2": "Malang", "GID_3": "IDN.11.22.9_1", "NAME_3": "Jabung", "NAME_4": "Ngadirejo", "VARNAME_4": "NA", "TYPE_4": "Desa", "ENGTYPE_4": "Village", "CC_4": "3507260002", "padi_mean": 0.2142895992354156, "jagung_mean": 0.17850168543833023, "cabai_mean": 0.5, "tomat_mean": 0.46775252448802168, "kentang_mean": 0.55374579305388039, "wortel_mean": 0.49047360296972575, "tebu_mean": 0.0 }, "geometry": { "type": "MultiPolygon", "coordinates": [ [ [ [ 112.7836, -7.9922 ], [ 112.7872, -7.9904 ], [ 112.7869, -7.9879 ], [ 112.7906, -7.9889 ], [ 112.799, -7.9852 ], [ 112.801, -7.9823 ], [ 112.8082, -7.9818 ], [ 112.8149, -7.9788 ], [ 112.8373, -7.9783 ], [ 112.8393, -7.979 ], [ 112.8419, -7.9851 ], [ 112.8443, -7.9867 ], [ 112.8392, -7.9894 ], [ 112.8342, -7.9883 ], [ 112.8297, -7.9893 ], [ 112.8236, -7.9959 ], [ 112.8115, -8.0002 ], [ 112.7937, -7.9973 ], [ 112.7905, -7.996 ], [ 112.7903, -7.9939 ], [ 112.7883, -7.995 ], [ 112.7836, -7.9922 ] ] ] ] } },
{ "type": "Feature", "properties": { "fid": 351, "GID_4": "IDN.11.22.9.9_1", "GID_0": "IDN", "COUNTRY": "Indonesia", "GID_1": "IDN.11_1", "NAME_1": "JawaTimur", "GID_2": "IDN.11.22_1", "NAME_2": "Malang", "GID_3": "IDN.11.22.9_1", "NAME_3": "Jabung", "NAME_4": "PandansariLor", "VARNAME_4": "NA", "TYPE_4": "Desa", "ENGTYPE_4": "Village", "CC_4": "3507260004", "padi_mean": 0.34242685125990113, "jagung_mean": 0.20000000298023221, "cabai_mean": 0.5, "tomat_mean": 0.5, "kentang_mean": 0.51787842184089339, "wortel_mean": 0.40504877252983268, "tebu_mean": 0.0 }, "geometry": { "type": "MultiPolygon", "coordinates": [ [ [ [ 112.7812, -7.965 ], [ 112.7869, -7.9649 ], [ 112.7951, -7.9594 ], [ 112.802, -7.952 ], [ 112.8056, -7.9518 ], [ 112.8046, -7.966 ], [ 112.7988, -7.9773 ], [ 112.7977, -7.9756 ], [ 112.782, -7.977 ], [ 112.7714, -7.9741 ], [ 112.7715, -7.9685 ], [ 112.7812, -7.965 ] ] ] ] } },
{ "type": "Feature", "properties": { "fid": 352, "GID_4": "IDN.11.22.9.10_1", "GID_0": "IDN", "COUNTRY": "Indonesia", "GID_1": "IDN.11_1", "NAME_1": "JawaTimur", "GID_2": "IDN.11.22_1", "NAME_2": "Malang", "GID_3": "IDN.11.22.9_1", "NAME_3": "Jabung", "NAME_4": "Sidomulyo", "VARNAME_4": "NA", "TYPE_4": "Desa", "ENGTYPE_4": "Village", "CC_4": "3507260008", "padi_mean": 0.5, "jagung_mean": 0.20039304149558135, "cabai_mean": 0.5, "tomat_mean": 0.5, "kentang_mean": 0.5, "wortel_mean": 0.30065507611968489, "tebu_mean": 0.0 }, "geometry": { "type": "MultiPolygon", "coordinates": [ [ [ [ 112.7535, -7.9551 ], [ 112.7631, -7.9574 ], [ 112.7638, -7.9558 ], [ 112.7653, -7.9577 ], [ 112.768, -7.9542 ], [ 112.7709, -7.9531 ], [ 112.7705, -7.9604 ], [ 112.7782, -7.9618 ], [ 112.7812, -7.965 ], [ 112.7755, -7.9679 ], [ 112.7741, -7.9674 ], [ 112.7765, -7.964 ], [ 112.7642, -7.9656 ], [ 112.7594, -7.9722 ], [ 112.7614, -7.9727 ], [ 112.7605, -7.9744 ], [ 112.7538, -7.971 ], [ 112.7535, -7.9675 ], [ 112.7507, -7.9665 ], [ 112.7497, -7.9579 ], [ 112.7533, -7.9578 ], [ 112.7514, -7.956 ], [ 112.7535, -7.9551 ] ] ] ] } },
{ "type": "Feature", "properties": { "fid": 353, "GID_4": "IDN.11.22.9.11_1", "GID_0": "IDN", "COUNTRY": "Indonesia", "GID_1": "IDN.11_1", "NAME_1": "JawaTimur", "GID_2": "IDN.11.22_1", "NAME_2": "Malang", "GID_3": "IDN.11.22.9_1", "NAME_3": "Jabung", "NAME_4": "Sidorejo", "VARNAME_4": "NA", "TYPE_4": "Desa", "ENGTYPE_4": "Village", "CC_4": "3507260006", "padi_mean": 0.5, "jagung_mean": 0.34077089265836558, "cabai_mean": 0.5, "tomat_mean": 0.5, "kentang_mean": 0.5, "wortel_mean": 0.53461816371520643, "tebu_mean": 0.0 }, "geometry": { "type": "MultiPolygon", "coordinates": [ [ [ [ 112.7599, -7.9767 ], [ 112.7564, -7.9769 ], [ 112.7543, -7.9812 ], [ 112.7423, -7.9733 ], [ 112.7432, -7.9707 ], [ 112.749, -7.9712 ], [ 112.7499, -7.9693 ], [ 112.7468, -7.9653 ], [ 112.7451, -7.9579 ], [ 112.7497, -7.9579 ], [ 112.7507, -7.9665 ], [ 112.7535, -7.9675 ], [ 112.7538, -7.971 ], [ 112.7605, -7.9744 ], [ 112.7599, -7.9767 ] ] ] ] } },
{ "type": "Feature", "properties": { "fid": 354, "GID_4": "IDN.11.22.9.12_1", "GID_0": "IDN", "COUNTRY": "Indonesia", "GID_1": "IDN.11_1", "NAME_1": "JawaTimur", "GID_2": "IDN.11.22_1", "NAME_2": "Malang", "GID_3": "IDN.11.22.9_1", "NAME_3": "Jabung", "NAME_4": "Slamparejo", "VARNAME_4": "NA", "TYPE_4": "Desa", "ENGTYPE_4": "Village", "CC_4": "3507260012", "padi_mean": 0.49948972662711116, "jagung_mean": 0.20000000298023227, "cabai_mean": 0.5, "tomat_mean": 0.5, "kentang_mean": 0.5, "wortel_mean": 0.30034019415262453, "tebu_mean": 0.0 }, "geometry": { "type": "MultiPolygon", "coordinates": [ [ [ [ 112.7755, -7.9415 ], [ 112.7702, -7.9422 ], [ 112.7677, -7.9413 ], [ 112.7678, -7.9396 ], [ 112.7646, -7.9408 ], [ 112.7648, -7.939 ], [ 112.7632, -7.9388 ], [ 112.765, -7.933 ], [ 112.7588, -7.9295 ], [ 112.7568, -7.9261 ], [ 112.76, -7.9186 ], [ 112.7689, -7.9162 ], [ 112.7757, -7.9198 ], [ 112.7808, -7.9167 ], [ 112.7804, -7.9193 ], [ 112.7762, -7.9234 ], [ 112.768, -7.9233 ], [ 112.7674, -7.9276 ], [ 112.7738, -7.928 ], [ 112.7774, -7.9262 ], [ 112.7769, -7.9283 ], [ 112.7799, -7.9273 ], [ 112.7808, -7.9288 ], [ 112.7761, -7.9298 ], [ 112.7796, -7.9342 ], [ 112.7755, -7.9415 ] ] ] ] } },
{ "type": "Feature", "properties": { "fid": 355, "GID_4": "IDN.11.22.9.13_1", "GID_0": "IDN", "COUNTRY": "Indonesia", "GID_1": "IDN.11_1", "NAME_1": "JawaTimur", "GID_2": "IDN.11.22_1", "NAME_2": "Malang", "GID_3": "IDN.11.22.9_1", "NAME_3": "Jabung", "NAME_4": "Sukolilo", "VARNAME_4": "NA", "TYPE_4": "Desa", "ENGTYPE_4": "Village", "CC_4": "3507260007", "padi_mean": 0.5, "jagung_mean": 0.49364019686991084, "cabai_mean": 0.5, "tomat_mean": 0.5, "kentang_mean": 0.5, "wortel_mean": 0.78940033993214886, "tebu_mean": 0.0 }, "geometry": { "type": "MultiPolygon", "coordinates": [ [ [ [ 112.7364, -7.9541 ], [ 112.7372, -7.952 ], [ 112.7393, -7.9528 ], [ 112.74, -7.9514 ], [ 112.7346, -7.9483 ], [ 112.7329, -7.9489 ], [ 112.731, -7.9461 ], [ 112.732, -7.9444 ], [ 112.7305, -7.9408 ], [ 112.728, -7.9381 ], [ 112.7308, -7.9307 ], [ 112.7373, -7.9371 ], [ 112.7368, -7.9395 ], [ 112.7384, -7.9418 ], [ 112.7369, -7.9444 ], [ 112.7419, -7.9478 ], [ 112.7475, -7.9482 ], [ 112.7485, -7.9509 ], [ 112.7515, -7.9497 ], [ 112.7491, -7.9553 ], [ 112.7533, -7.9578 ], [ 112.7469, -7.9574 ], [ 112.745, -7.958 ], [ 112.7445, -7.9608 ], [ 112.7423, -7.9591 ], [ 112.7418, -7.961 ], [ 112.7389, -7.9606 ], [ 112.7382, -7.9584 ], [ 112.7397, -7.9589 ], [ 112.7404, -7.955 ], [ 112.7364, -7.9541 ] ] ] ] } },
{ "type": "Feature", "properties": { "fid": 356, "GID_4": "IDN.11.22.9.14_1", "GID_0": "IDN", "COUNTRY": "Indonesia", "GID_1": "IDN.11_1", "NAME_1": "JawaTimur", "GID_2": "IDN.11.22_1", "NAME_2": "Malang", "GID_3": "IDN.11.22.9_1", "NAME_3": "Jabung", "NAME_4": "Sukopuro", "VARNAME_4": "NA", "TYPE_4": "Desa", "ENGTYPE_4": "Village", "CC_4": "3507260005", "padi_mean": 0.46866328725860362, "jagung_mean": 0.20000000298023224, "cabai_mean": 0.5, "tomat_mean": 0.5, "kentang_mean": 0.5, "wortel_mean": 0.32089115271085233, "tebu_mean": 0.0 }, "geometry": { "type": "MultiPolygon", "coordinates": [ [ [ [ 112.7856, -7.9903 ], [ 112.7628, -7.9815 ], [ 112.7598, -7.9767 ], [ 112.7614, -7.9727 ], [ 112.7594, -7.9722 ], [ 112.7639, -7.9658 ], [ 112.777, -7.9642 ], [ 112.7713, -7.9689 ], [ 112.7723, -7.971 ], [ 112.7714, -7.9741 ], [ 112.7736, -7.9754 ], [ 112.7756, -7.9746 ], [ 112.7838, -7.9772 ], [ 112.7984, -7.9759 ], [ 112.7997, -7.9777 ], [ 112.7989, -7.979 ], [ 112.7911, -7.9817 ], [ 112.7915, -7.9829 ], [ 112.7974, -7.9832 ], [ 112.7958, -7.9862 ], [ 112.7906, -7.9889 ], [ 112.7869, -7.9879 ], [ 112.7872, -7.9904 ], [ 112.7856, -7.9903 ] ] ] ] } },
{ "type": "Feature", "properties": { "fid": 357, "GID_4": "IDN.11.22.9.15_1", "GID_0": "IDN", "COUNTRY": "Indonesia", "GID_1": "IDN.11_1", "NAME_1": "JawaTimur", "GID_2": "IDN.11.22_1", "NAME_2": "Malang", "GID_3": "IDN.11.22.9_1", "NAME_3": "Jabung", "NAME_4": "Taji", "VARNAME_4": "NA", "TYPE_4": "Desa", "ENGTYPE_4": "Village", "CC_4": "3507260003", "padi_mean": 0.20000000298023224, "jagung_mean": 0.20000000298023224, "cabai_mean": 0.5, "tomat_mean": 0.5, "kentang_mean": 0.59999999403953552, "wortel_mean": 0.5, "tebu_mean": 0.0 }, "geometry": { "type": "MultiPolygon", "coordinates": [ [ [ [ 112.7964, -7.9396 ], [ 112.7959, -7.9379 ], [ 112.7908, -7.9422 ], [ 112.7934, -7.9356 ], [ 112.792, -7.932 ], [ 112.7936, -7.9282 ], [ 112.7869, -7.9318 ], [ 112.7856, -7.9368 ], [ 112.775, -7.9439 ], [ 112.7796, -7.9342 ], [ 112.7761, -7.9298 ], [ 112.7801, -7.9297 ], [ 112.7803, -7.9278 ], [ 112.7769, -7.9283 ], [ 112.7774, -7.9262 ], [ 112.7738, -7.928 ], [ 112.7674, -7.9276 ], [ 112.7682, -7.9227 ], [ 112.7762, -7.9234 ], [ 112.7823, -7.915 ], [ 112.7791, -7.9128 ], [ 112.7801, -7.9071 ], [ 112.7784, -7.9053 ], [ 112.776, -7.9054 ], [ 112.7805, -7.9012 ], [ 112.7768, -7.8995 ], [ 112.7754, -7.8894 ], [ 112.7726, -7.8869 ], [ 112.7778, -7.8865 ], [ 112.7757, -7.8846 ], [ 112.7767, -7.8824 ], [ 112.7719, -7.8774 ], [ 112.7656, -7.8793 ], [ 112.7616, -7.8773 ], [ 112.7618, -7.8746 ], [ 112.7694, -7.8716 ], [ 112.7725, -7.8672 ], [ 112.7741, -7.8687 ], [ 112.7766, -7.868 ], [ 112.7807, -7.874 ], [ 112.7773, -7.8794 ], [ 112.7801, -7.8875 ], [ 112.7799, -7.8915 ], [ 112.7851, -7.8971 ], [ 112.7844, -7.9007 ], [ 112.7948, -7.9158 ], [ 112.8012, -7.9192 ], [ 112.8054, -7.9255 ], [ 112.8134, -7.9279 ], [ 112.8216, -7.9281 ], [ 112.8234, -7.9329 ], [ 112.8358, -7.941 ], [ 112.8465, -7.9423 ], [ 112.8562, -7.9397 ], [ 112.87, -7.947 ], [ 112.8741, -7.9456 ], [ 112.8658, -7.9626 ], [ 112.8611, -7.9676 ], [ 112.8598, -7.9728 ], [ 112.8581, -7.9727 ], [ 112.8553, -7.9789 ], [ 112.8522, -7.9793 ], [ 112.8463, -7.9859 ], [ 112.8443, -7.9867 ], [ 112.8423, -7.9855 ], [ 112.8393, -7.979 ], [ 112.8332, -7.978 ], [ 112.8124, -7.9793 ], [ 112.8082, -7.9818 ], [ 112.801, -7.9823 ], [ 112.799, -7.9852 ], [ 112.7958, -7.9862 ], [ 112.7974, -7.9832 ], [ 112.7915, -7.9829 ], [ 112.7911, -7.9817 ], [ 112.7997, -7.9779 ], [ 112.8, -7.9744 ], [ 112.8046, -7.966 ], [ 112.806, -7.9538 ], [ 112.7964, -7.9396 ] ] ] ] } },
{ "type": "Feature", "properties": { "fid": 358, "GID_4": "IDN.11.22.10.1_1", "GID_0": "IDN", "COUNTRY": "Indonesia", "GID_1": "IDN.11_1", "NAME_1": "JawaTimur", "GID_2": "IDN.11.22_1", "NAME_2": "Malang", "GID_3": "IDN.11.22.10_1", "NAME_3": "Kalipare", "NAME_4": "Arjosari", "VARNAME_4": "NA", "TYPE_4": "Desa", "ENGTYPE_4": "Village", "CC_4": "3507020001", "padi_mean": 0.5, "jagung_mean": 0.69064444251599288, "cabai_mean": 0.5, "tomat_mean": 0.5, "kentang_mean": 0.5, "wortel_mean": 0.52424006563646519, "tebu_mean": 0.5 }, "geometry": { "type": "MultiPolygon", "coordinates": [ [ [ [ 112.3829, -8.2078 ], [ 112.3866, -8.201 ], [ 112.3852, -8.1953 ], [ 112.3867, -8.1904 ], [ 112.3914, -8.1888 ], [ 112.396, -8.1915 ], [ 112.4089, -8.1917 ], [ 112.4108, -8.1983 ], [ 112.4133, -8.1983 ], [ 112.4156, -8.2033 ], [ 112.4163, -8.2025 ], [ 112.42, -8.2047 ], [ 112.4181, -8.2095 ], [ 112.4201, -8.214 ], [ 112.424, -8.2149 ], [ 112.425, -8.2253 ], [ 112.4226, -8.2244 ], [ 112.4201, -8.2267 ], [ 112.4187, -8.2261 ], [ 112.4164, -8.23 ], [ 112.4127, -8.2293 ], [ 112.4124, -8.2332 ], [ 112.4102, -8.2342 ], [ 112.4017, -8.2353 ], [ 112.3961, -8.234 ], [ 112.3933, -8.2365 ], [ 112.3873, -8.2379 ], [ 112.3868, -8.2367 ], [ 112.3932, -8.2316 ], [ 112.3934, -8.2279 ], [ 112.39, -8.2178 ], [ 112.3858, -8.2161 ], [ 112.3862, -8.2124 ], [ 112.3829, -8.2078 ] ] ] ] } },
{ "type": "Feature", "properties": { "fid": 359, "GID_4": "IDN.11.22.10.2_1", "GID_0": "IDN", "COUNTRY": "Indonesia", "GID_1": "IDN.11_1", "NAME_1": "JawaTimur", "GID_2": "IDN.11.22_1", "NAME_2": "Malang", "GID_3": "IDN.11.22.10_1", "NAME_3": "Kalipare", "NAME_4": "Arjowilangun", "VARNAME_4": "NA", "TYPE_4": "Desa", "ENGTYPE_4": "Village", "CC_4": "3507020008", "padi_mean": 0.5, "jagung_mean": 0.90174519856557556, "cabai_mean": 0.5, "tomat_mean": 0.5, "kentang_mean": 0.5, "wortel_mean": 0.55895288320323167, "tebu_mean": 0.5 }, "geometry": { "type": "MultiPolygon", "coordinates": [ [ [ [ 112.4154, -8.1664 ], [ 112.4179, -8.1597 ], [ 112.4225, -8.1581 ], [ 112.4255, -8.1597 ], [ 112.429, -8.1594 ], [ 112.4284, -8.164 ], [ 112.4383, -8.1786 ], [ 112.4359, -8.1847 ], [ 112.4372, -8.1864 ], [ 112.4348, -8.1969 ], [ 112.4382, -8.2111 ], [ 112.4372, -8.214 ], [ 112.4397, -8.2194 ], [ 112.4375, -8.2225 ], [ 112.4285, -8.2264 ], [ 112.4246, -8.2232 ], [ 112.424, -8.2149 ], [ 112.4201, -8.214 ], [ 112.4185, -8.211 ], [ 112.42, -8.2047 ], [ 112.4163, -8.2025 ], [ 112.4156, -8.2033 ], [ 112.4133, -8.1983 ], [ 112.4108, -8.1983 ], [ 112.4095, -8.1937 ], [ 112.4126, -8.1836 ], [ 112.4111, -8.1721 ], [ 112.4154, -8.1664 ] ] ] ] } },
{ "type": "Feature", "properties": { "fid": 360, "GID_4": "IDN.11.22.10.3_1", "GID_0": "IDN", "COUNTRY": "Indonesia", "GID_1": "IDN.11_1", "NAME_1": "JawaTimur", "GID_2": "IDN.11.22_1", "NAME_2": "Malang", "GID_3": "IDN.11.22.10_1", "NAME_3": "Kalipare", "NAME_4": "Kaliasri", "VARNAME_4": "NA", "TYPE_4": "Desa", "ENGTYPE_4": "Village", "CC_4": "3507020003", "padi_mean": 0.5, "jagung_mean": 0.5, "cabai_mean": 0.5, "tomat_mean": 0.5, "kentang_mean": 0.5, "wortel_mean": 0.79431092148009685, "tebu_mean": 0.5 }, "geometry": { "type": "MultiPolygon", "coordinates": [ [ [ [ 112.4543, -8.2726 ], [ 112.4388, -8.2677 ], [ 112.4318, -8.2629 ], [ 112.4259, -8.2621 ], [ 112.4158, -8.2574 ], [ 112.4128, -8.2521 ], [ 112.4128, -8.2459 ], [ 112.4246, -8.2445 ], [ 112.4255, -8.242 ], [ 112.4409, -8.2417 ], [ 112.4405, -8.2466 ], [ 112.4425, -8.2512 ], [ 112.4492, -8.2576 ], [ 112.4629, -8.2568 ], [ 112.4664, -8.2619 ], [ 112.4656, -8.2694 ], [ 112.4543, -8.2726 ] ] ] ] } },
{ "type": "Feature", "properties": { "fid": 361, "GID_4": "IDN.11.22.10.4_1", "GID_0": "IDN", "COUNTRY": "Indonesia", "GID_1": "IDN.11_1", "NAME_1": "JawaTimur", "GID_2": "IDN.11.22_1", "NAME_2": "Malang", "GID_3": "IDN.11.22.10_1", "NAME_3": "Kalipare", "NAME_4": "Kalipare", "VARNAME_4": "NA", "TYPE_4": "Desa", "ENGTYPE_4": "Village", "CC_4": "3507020006", "padi_mean": 0.5, "jagung_mean": 0.68028475436083347, "cabai_mean": 0.5, "tomat_mean": 0.5, "kentang_mean": 0.5, "wortel_mean": 0.69182915500610553, "tebu_mean": 0.5 }, "geometry": { "type": "MultiPolygon", "coordinates": [ [ [ [ 112.4755, -8.2338 ], [ 112.4715, -8.2306 ], [ 112.4498, -8.2343 ], [ 112.4503, -8.2313 ], [ 112.4479, -8.2289 ], [ 112.4497, -8.2222 ], [ 112.4473, -8.2217 ], [ 112.4488, -8.2188 ], [ 112.4479, -8.217 ], [ 112.4538, -8.2113 ], [ 112.4563, -8.2014 ], [ 112.461, -8.1946 ], [ 112.4604, -8.1926 ], [ 112.467, -8.1901 ], [ 112.472, -8.1829 ], [ 112.473, -8.1779 ], [ 112.4776, -8.1836 ], [ 112.4773, -8.1906 ], [ 112.4799, -8.1963 ], [ 112.479, -8.2021 ], [ 112.4834, -8.2091 ], [ 112.4824, -8.213 ], [ 112.4862, -8.2188 ], [ 112.4861, -8.2247 ], [ 112.4755, -8.2338 ] ] ] ] } },
{ "type": "Feature", "properties": { "fid": 362, "GID_4": "IDN.11.22.10.5_1", "GID_0": "IDN", "COUNTRY": "Indonesia", "GID_1": "IDN.11_1", "NAME_1": "JawaTimur", "GID_2": "IDN.11.22_1", "NAME_2": "Malang", "GID_3": "IDN.11.22.10_1", "NAME_3": "Kalipare", "NAME_4": "Kalirejo", "VARNAME_4": "NA", "TYPE_4": "Desa", "ENGTYPE_4": "Village", "CC_4": "3507020009", "padi_mean": 0.5, "jagung_mean": 1.0, "cabai_mean": 0.5, "tomat_mean": 0.5, "kentang_mean": 0.5, "wortel_mean": 0.5, "tebu_mean": 0.5 }, "geometry": { "type": "MultiPolygon", "coordinates": [ [ [ [ 112.3853, -8.1923 ], [ 112.3822, -8.1919 ], [ 112.3774, -8.1874 ], [ 112.3668, -8.1833 ], [ 112.366, -8.1755 ], [ 112.3731, -8.1699 ], [ 112.3787, -8.1708 ], [ 112.383, -8.1692 ], [ 112.3899, -8.1622 ], [ 112.3929, -8.1619 ], [ 112.3959, -8.1648 ], [ 112.4123, -8.1606 ], [ 112.4154, -8.1664 ], [ 112.4111, -8.1721 ], [ 112.4126, -8.1833 ], [ 112.41, -8.1922 ], [ 112.396, -8.1915 ], [ 112.3914, -8.1888 ], [ 112.3853, -8.1923 ] ] ] ] } },
{ "type": "Feature", "properties": { "fid": 363, "GID_4": "IDN.11.22.10.6_1", "GID_0": "IDN", "COUNTRY": "Indonesia", "GID_1": "IDN.11_1", "NAME_1": "JawaTimur", "GID_2": "IDN.11.22_1", "NAME_2": "Malang", "GID_3": "IDN.11.22.10_1", "NAME_3": "Kalipare", "NAME_4": "Putukrejo", "VARNAME_4": "NA", "TYPE_4": "Desa", "ENGTYPE_4": "Village", "CC_4": "3507020004", "padi_mean": 0.5, "jagung_mean": 0.5, "cabai_mean": 0.5, "tomat_mean": 0.5, "kentang_mean": 0.5, "wortel_mean": 0.80000001192092907, "tebu_mean": 0.5 }, "geometry": { "type": "MultiPolygon", "coordinates": [ [ [ [ 112.4654, -8.2569 ], [ 112.4655, -8.2602 ], [ 112.4629, -8.2568 ], [ 112.4492, -8.2576 ], [ 112.4425, -8.2512 ], [ 112.4405, -8.2466 ], [ 112.4409, -8.2417 ], [ 112.4454, -8.2425 ], [ 112.4462, -8.2375 ], [ 112.4536, -8.2329 ], [ 112.4639, -8.2309 ], [ 112.4735, -8.2312 ], [ 112.4788, -8.2367 ], [ 112.4792, -8.2411 ], [ 112.4756, -8.2417 ], [ 112.4743, -8.245 ], [ 112.4641, -8.2493 ], [ 112.4654, -8.2569 ] ] ] ] } },
{ "type": "Feature", "properties": { "fid": 364, "GID_4": "IDN.11.22.10.7_1", "GID_0": "IDN", "COUNTRY": "Indonesia", "GID_1": "IDN.11_1", "NAME_1": "JawaTimur", "GID_2": "IDN.11.22_1", "NAME_2": "Malang", "GID_3": "IDN.11.22.10_1", "NAME_3": "Kalipare", "NAME_4": "Sukowilangun", "VARNAME_4": "NA", "TYPE_4": "Desa", "ENGTYPE_4": "Village", "CC_4": "3507020007", "padi_mean": 0.5, "jagung_mean": 0.97256967437955166, "cabai_mean": 0.5, "tomat_mean": 0.5, "kentang_mean": 0.5, "wortel_mean": 0.51645819602625886, "tebu_mean": 0.5 }, "geometry": { "type": "MultiPolygon", "coordinates": [ [ [ [ 112.429, -8.1594 ], [ 112.4343, -8.1565 ], [ 112.4376, -8.1576 ], [ 112.4399, -8.1611 ], [ 112.4457, -8.1616 ], [ 112.4603, -8.1694 ], [ 112.464, -8.1796 ], [ 112.473, -8.1779 ], [ 112.472, -8.1829 ], [ 112.467, -8.1901 ], [ 112.4604, -8.1926 ], [ 112.461, -8.1946 ], [ 112.4563, -8.2014 ], [ 112.4519, -8.2143 ], [ 112.4419, -8.2122 ], [ 112.4372, -8.2134 ], [ 112.4382, -8.2111 ], [ 112.4348, -8.1969 ], [ 112.4372, -8.1864 ], [ 112.4359, -8.1847 ], [ 112.4383, -8.1786 ], [ 112.4284, -8.164 ], [ 112.429, -8.1594 ] ] ] ] } },
{ "type": "Feature", "properties": { "fid": 365, "GID_4": "IDN.11.22.10.8_1", "GID_0": "IDN", "COUNTRY": "Indonesia", "GID_1": "IDN.11_1", "NAME_1": "JawaTimur", "GID_2": "IDN.11.22_1", "NAME_2": "Malang", "GID_3": "IDN.11.22.10_1", "NAME_3": "Kalipare", "NAME_4": "Sumberpetung", "VARNAME_4": "NA", "TYPE_4": "Desa", "ENGTYPE_4": "Village", "CC_4": "3507020005", "padi_mean": 0.5, "jagung_mean": 0.75, "cabai_mean": 0.5, "tomat_mean": 0.5, "kentang_mean": 0.5, "wortel_mean": 0.65000000596046448, "tebu_mean": 0.5 }, "geometry": { "type": "MultiPolygon", "coordinates": [ [ [ [ 112.4846, -8.2715 ], [ 112.4823, -8.2739 ], [ 112.4735, -8.2754 ], [ 112.4725, -8.2725 ], [ 112.474, -8.2598 ], [ 112.4707, -8.2601 ], [ 112.4656, -8.2572 ], [ 112.4639, -8.252 ], [ 112.4643, -8.2491 ], [ 112.4743, -8.245 ], [ 112.4756, -8.2417 ], [ 112.4792, -8.2412 ], [ 112.4788, -8.2367 ], [ 112.4754, -8.234 ], [ 112.4861, -8.2247 ], [ 112.4862, -8.2188 ], [ 112.4824, -8.213 ], [ 112.4834, -8.2091 ], [ 112.479, -8.2021 ], [ 112.4799, -8.1963 ], [ 112.4773, -8.1906 ], [ 112.4776, -8.1836 ], [ 112.4846, -8.1837 ], [ 112.4892, -8.1898 ], [ 112.486, -8.1948 ], [ 112.4883, -8.1978 ], [ 112.4871, -8.2027 ], [ 112.4938, -8.2199 ], [ 112.4914, -8.224 ], [ 112.4938, -8.2311 ], [ 112.4925, -8.2358 ], [ 112.4931, -8.244 ], [ 112.4886, -8.2582 ], [ 112.4884, -8.2632 ], [ 112.4854, -8.2672 ], [ 112.4846, -8.2715 ] ] ] ] } },
{ "type": "Feature", "properties": { "fid": 366, "GID_4": "IDN.11.22.10.9_1", "GID_0": "IDN", "COUNTRY": "Indonesia", "GID_1": "IDN.11_1", "NAME_1": "JawaTimur", "GID_2": "IDN.11.22_1", "NAME_2": "Malang", "GID_3": "IDN.11.22.10_1", "NAME_3": "Kalipare", "NAME_4": "Tumpakrejo", "VARNAME_4": "NA", "TYPE_4": "Desa", "ENGTYPE_4": "Village", "CC_4": "3507020002", "padi_mean": 0.5, "jagung_mean": 0.5, "cabai_mean": 0.5, "tomat_mean": 0.5, "kentang_mean": 0.5, "wortel_mean": 0.77279863563118045, "tebu_mean": 0.5 }, "geometry": { "type": "MultiPolygon", "coordinates": [ [ [ [ 112.4128, -8.2459 ], [ 112.4131, -8.2366 ], [ 112.4089, -8.2345 ], [ 112.4124, -8.2332 ], [ 112.4127, -8.2293 ], [ 112.4164, -8.23 ], [ 112.4187, -8.2261 ], [ 112.4201, -8.2267 ], [ 112.4226, -8.2244 ], [ 112.4248, -8.2256 ], [ 112.4246, -8.2232 ], [ 112.4285, -8.2264 ], [ 112.4375, -8.2225 ], [ 112.4397, -8.2194 ], [ 112.4379, -8.213 ], [ 112.4425, -8.2122 ], [ 112.45, -8.2139 ], [ 112.4473, -8.2217 ], [ 112.4497, -8.2222 ], [ 112.4479, -8.2289 ], [ 112.4504, -8.2325 ], [ 112.4493, -8.2363 ], [ 112.4462, -8.2375 ], [ 112.4454, -8.2425 ], [ 112.4354, -8.2408 ], [ 112.433, -8.2428 ], [ 112.4255, -8.242 ], [ 112.4246, -8.2445 ], [ 112.4128, -8.2459 ] ] ] ] } },
{ "type": "Feature", "properties": { "fid": 367, "GID_4": "IDN.11.22.12.1_1", "GID_0": "IDN", "COUNTRY": "Indonesia", "GID_1": "IDN.11_1", "NAME_1": "JawaTimur", "GID_2": "IDN.11.22_1", "NAME_2": "Malang", "GID_3": "IDN.11.22.12_1", "NAME_3": "Kasembon", "NAME_4": "Bayem", "VARNAME_4": "NA", "TYPE_4": "Desa", "ENGTYPE_4": "Village", "CC_4": "3507330002", "padi_mean": 0.5, "jagung_mean": 0.84842048340218268, "cabai_mean": 0.5, "tomat_mean": 0.5, "kentang_mean": 0.5, "wortel_mean": 0.43936819697481039, "tebu_mean": 0.34842048340218273 }, "geometry": { "type": "MultiPolygon", "coordinates": [ [ [ [ 112.3056, -7.8106 ], [ 112.3071, -7.7993 ], [ 112.3051, -7.7968 ], [ 112.3054, -7.7955 ], [ 112.3094, -7.7975 ], [ 112.3094, -7.7924 ], [ 112.3227, -7.7934 ], [ 112.3342, -7.7986 ], [ 112.3422, -7.7975 ], [ 112.3483, -7.8153 ], [ 112.354, -7.8227 ], [ 112.3416, -7.8185 ], [ 112.3322, -7.819 ], [ 112.3279, -7.8173 ], [ 112.3193, -7.8187 ], [ 112.3071, -7.8181 ], [ 112.3056, -7.8106 ] ] ] ] } },
{ "type": "Feature", "properties": { "fid": 368, "GID_4": "IDN.11.22.12.2_1", "GID_0": "IDN", "COUNTRY": "Indonesia", "GID_1": "IDN.11_1", "NAME_1": "JawaTimur", "GID_2": "IDN.11.22_1", "NAME_2": "Malang", "GID_3": "IDN.11.22.12_1", "NAME_3": "Kasembon", "NAME_4": "Kasembon", "VARNAME_4": "NA", "TYPE_4": "Desa", "ENGTYPE_4": "Village", "CC_4": "3507330005", "padi_mean": 0.5, "jagung_mean": 0.99733364513845391, "cabai_mean": 0.5, "tomat_mean": 0.5, "kentang_mean": 0.5, "wortel_mean": 0.4989334581189524, "tebu_mean": 0.49733364513845391 }, "geometry": { "type": "MultiPolygon", "coordinates": [ [ [ [ 112.307, -7.7748 ], [ 112.3105, -7.7753 ], [ 112.3104, -7.7768 ], [ 112.3196, -7.7778 ], [ 112.3333, -7.7757 ], [ 112.3344, -7.7781 ], [ 112.3301, -7.7831 ], [ 112.3306, -7.7879 ], [ 112.3277, -7.7951 ], [ 112.3168, -7.7924 ], [ 112.3094, -7.7924 ], [ 112.3098, -7.7817 ], [ 112.307, -7.7748 ] ] ] ] } },
{ "type": "Feature", "properties": { "fid": 369, "GID_4": "IDN.11.22.12.3_1", "GID_0": "IDN", "COUNTRY": "Indonesia", "GID_1": "IDN.11_1", "NAME_1": "JawaTimur", "GID_2": "IDN.11.22_1", "NAME_2": "Malang", "GID_3": "IDN.11.22.12_1", "NAME_3": "Kasembon", "NAME_4": "Pait", "VARNAME_4": "NA", "TYPE_4": "Desa", "ENGTYPE_4": "Village", "CC_4": "3507330003", "padi_mean": 0.44380069031556452, "jagung_mean": 0.44380069031556452, "cabai_mean": 0.5, "tomat_mean": 0.49985600843175965, "kentang_mean": 0.5002399859494514, "wortel_mean": 0.33746621651625264, "tebu_mean": 0.0 }, "geometry": { "type": "MultiPolygon", "coordinates": [ [ [ [ 112.354, -7.8227 ], [ 112.3483, -7.8153 ], [ 112.3422, -7.7975 ], [ 112.3527, -7.7896 ], [ 112.3587, -7.7903 ], [ 112.3636, -7.7869 ], [ 112.3691, -7.7873 ], [ 112.3773, -7.7931 ], [ 112.3877, -7.7913 ], [ 112.3894, -7.7988 ], [ 112.3847, -7.8036 ], [ 112.3816, -7.8038 ], [ 112.3747, -7.8105 ], [ 112.3725, -7.8082 ], [ 112.3695, -7.8081 ], [ 112.3599, -7.815 ], [ 112.3561, -7.8217 ], [ 112.354, -7.8227 ] ] ] ] } },
{ "type": "Feature", "properties": { "fid": 370, "GID_4": "IDN.11.22.12.4_1", "GID_0": "IDN", "COUNTRY": "Indonesia", "GID_1": "IDN.11_1", "NAME_1": "JawaTimur", "GID_2": "IDN.11.22_1", "NAME_2": "Malang", "GID_3": "IDN.11.22.12_1", "NAME_3": "Kasembon", "NAME_4": "PondokAgung", "VARNAME_4": "NA", "TYPE_4": "Desa", "ENGTYPE_4": "Village", "CC_4": "3507330001", "padi_mean": 0.5, "jagung_mean": 0.55154928611864062, "cabai_mean": 0.5, "tomat_mean": 0.5, "kentang_mean": 0.5, "wortel_mean": 0.51763198103050201, "tebu_mean": 0.18950663035967283 }, "geometry": { "type": "MultiPolygon", "coordinates": [ [ [ [ 112.3253, -7.8705 ], [ 112.3182, -7.8615 ], [ 112.3189, -7.8576 ], [ 112.3213, -7.8554 ], [ 112.3203, -7.8501 ], [ 112.3173, -7.8469 ], [ 112.3194, -7.8391 ], [ 112.3156, -7.8375 ], [ 112.3076, -7.8389 ], [ 112.3095, -7.834 ], [ 112.3066, -7.8284 ], [ 112.3084, -7.8232 ], [ 112.3071, -7.8181 ], [ 112.3193, -7.8187 ], [ 112.3279, -7.8173 ], [ 112.3322, -7.819 ], [ 112.3416, -7.8185 ], [ 112.3545, -7.8228 ], [ 112.3563, -7.8286 ], [ 112.3524, -7.8346 ], [ 112.3514, -7.8394 ], [ 112.3484, -7.8389 ], [ 112.3434, -7.8428 ], [ 112.3464, -7.8468 ], [ 112.352, -7.8488 ], [ 112.347, -7.8542 ], [ 112.3378, -7.8576 ], [ 112.3342, -7.8655 ], [ 112.3253, -7.8705 ] ] ] ] } },
{ "type": "Feature", "properties": { "fid": 371, "GID_4": "IDN.11.22.12.5_1", "GID_0": "IDN", "COUNTRY": "Indonesia", "GID_1": "IDN.11_1", "NAME_1": "JawaTimur", "GID_2": "IDN.11.22_1", "NAME_2": "Malang", "GID_3": "IDN.11.22.12_1", "NAME_3": "Kasembon", "NAME_4": "Sukosari", "VARNAME_4": "NA", "TYPE_4": "Desa", "ENGTYPE_4": "Village", "CC_4": "3507330006", "padi_mean": 0.54892162964763702, "jagung_mean": 1.0, "cabai_mean": 0.5, "tomat_mean": 0.5, "kentang_mean": 0.5, "wortel_mean": 0.5, "tebu_mean": 0.5 }, "geometry": { "type": "MultiPolygon", "coordinates": [ [ [ [ 112.2877, -7.771 ], [ 112.2921, -7.7688 ], [ 112.2991, -7.7694 ], [ 112.3007, -7.7718 ], [ 112.3064, -7.7729 ], [ 112.3098, -7.7817 ], [ 112.3094, -7.7975 ], [ 112.3029, -7.7947 ], [ 112.3004, -7.7893 ], [ 112.2961, -7.7889 ], [ 112.2927, -7.7813 ], [ 112.2883, -7.7795 ], [ 112.2877, -7.771 ] ] ] ] } },
{ "type": "Feature", "properties": { "fid": 372, "GID_4": "IDN.11.22.12.6_1", "GID_0": "IDN", "COUNTRY": "Indonesia", "GID_1": "IDN.11_1", "NAME_1": "JawaTimur", "GID_2": "IDN.11.22_1", "NAME_2": "Malang", "GID_3": "IDN.11.22.12_1", "NAME_3": "Kasembon", "NAME_4": "Wonoagung", "VARNAME_4": "NA", "TYPE_4": "Desa", "ENGTYPE_4": "Village", "CC_4": "3507330004", "padi_mean": 0.47657224585640068, "jagung_mean": 0.50426635716616552, "cabai_mean": 0.5, "tomat_mean": 0.47822510934742718, "kentang_mean": 0.53629148478147814, "wortel_mean": 0.32669615777117589, "tebu_mean": 0.02769411130976487 }, "geometry": { "type": "MultiPolygon", "coordinates": [ [ [ [ 112.3494, -7.7611 ], [ 112.3576, -7.7663 ], [ 112.3674, -7.7685 ], [ 112.3737, -7.7749 ], [ 112.377, -7.7812 ], [ 112.3807, -7.7833 ], [ 112.3799, -7.7861 ], [ 112.3859, -7.7874 ], [ 112.3871, -7.791 ], [ 112.3773, -7.7931 ], [ 112.3664, -7.7866 ], [ 112.3587, -7.7903 ], [ 112.3527, -7.7896 ], [ 112.342, -7.7975 ], [ 112.3342, -7.7986 ], [ 112.3281, -7.7965 ], [ 112.3271, -7.7955 ], [ 112.3306, -7.7877 ], [ 112.3301, -7.7831 ], [ 112.3344, -7.7781 ], [ 112.3333, -7.7757 ], [ 112.3394, -7.7682 ], [ 112.3494, -7.7611 ] ] ] ] } },
{ "type": "Feature", "properties": { "fid": 373, "GID_4": "IDN.11.22.13.1_1", "GID_0": "IDN", "COUNTRY": "Indonesia", "GID_1": "IDN.11_1", "NAME_1": "JawaTimur", "GID_2": "IDN.11.22_1", "NAME_2": "Malang", "GID_3": "IDN.11.22.13_1", "NAME_3": "Kepanjen", "NAME_4": "Ardirejo", "VARNAME_4": "NA", "TYPE_4": "Desa", "ENGTYPE_4": "Village", "CC_4": "3507160013", "padi_mean": 0.5, "jagung_mean": 1.0, "cabai_mean": 0.5, "tomat_mean": 0.5, "kentang_mean": 0.5, "wortel_mean": 0.63903404132352659, "tebu_mean": 0.5 }, "geometry": { "type": "MultiPolygon", "coordinates": [ [ [ [ 112.5689, -8.1248 ], [ 112.5735, -8.1201 ], [ 112.577, -8.1194 ], [ 112.5813, -8.1211 ], [ 112.5836, -8.1185 ], [ 112.586, -8.1186 ], [ 112.5862, -8.1204 ], [ 112.5826, -8.1248 ], [ 112.5849, -8.1262 ], [ 112.5824, -8.1304 ], [ 112.5876, -8.1334 ], [ 112.5845, -8.1351 ], [ 112.5766, -8.1306 ], [ 112.5772, -8.1292 ], [ 112.5759, -8.1285 ], [ 112.5709, -8.1276 ], [ 112.5689, -8.1248 ] ] ] ] } },
{ "type": "Feature", "properties": { "fid": 374, "GID_4": "IDN.11.22.13.2_1", "GID_0": "IDN", "COUNTRY": "Indonesia", "GID_1": "IDN.11_1", "NAME_1": "JawaTimur", "GID_2": "IDN.11.22_1", "NAME_2": "Malang", "GID_3": "IDN.11.22.13_1", "NAME_3": "Kepanjen", "NAME_4": "Cepokomulyo", "VARNAME_4": "NA", "TYPE_4": "Desa", "ENGTYPE_4": "Village", "CC_4": "3507160009", "padi_mean": 0.5, "jagung_mean": 1.0, "cabai_mean": 0.5, "tomat_mean": 0.5, "kentang_mean": 0.5, "wortel_mean": 0.5, "tebu_mean": 0.5 }, "geometry": { "type": "MultiPolygon", "coordinates": [ [ [ [ 112.5587, -8.1365 ], [ 112.5615, -8.1372 ], [ 112.565, -8.1303 ], [ 112.5687, -8.132 ], [ 112.564, -8.14 ], [ 112.5693, -8.1415 ], [ 112.5662, -8.1456 ], [ 112.5548, -8.141 ], [ 112.5587, -8.1365 ] ] ] ] } },
{ "type": "Feature", "properties": { "fid": 375, "GID_4": "IDN.11.22.13.3_1", "GID_0": "IDN", "COUNTRY": "Indonesia", "GID_1": "IDN.11_1", "NAME_1": "JawaTimur", "GID_2": "IDN.11.22_1", "NAME_2": "Malang", "GID_3": "IDN.11.22.13_1", "NAME_3": "Kepanjen", "NAME_4": "CurungRejo", "VARNAME_4": "NA", "TYPE_4": "Desa", "ENGTYPE_4": "Village", "CC_4": "3507160015", "padi_mean": 0.5, "jagung_mean": 1.0, "cabai_mean": 0.5, "tomat_mean": 0.5, "kentang_mean": 0.5, "wortel_mean": 0.80000001192092896, "tebu_mean": 0.5 }, "geometry": { "type": "MultiPolygon", "coordinates": [ [ [ [ 112.6149, -8.0901 ], [ 112.6158, -8.091 ], [ 112.6133, -8.0965 ], [ 112.6147, -8.1011 ], [ 112.6112, -8.1049 ], [ 112.6107, -8.1085 ], [ 112.6073, -8.1089 ], [ 112.6043, -8.1132 ], [ 112.6003, -8.1106 ], [ 112.6036, -8.1058 ], [ 112.597, -8.1005 ], [ 112.6019, -8.0927 ], [ 112.605, -8.0911 ], [ 112.6073, -8.0862 ], [ 112.6149, -8.0901 ] ] ] ] } },
{ "type": "Feature", "properties": { "fid": 376, "GID_4": "IDN.11.22.13.4_1", "GID_0": "IDN", "COUNTRY": "Indonesia", "GID_1": "IDN.11_1", "NAME_1": "JawaTimur", "GID_2": "IDN.11.22_1", "NAME_2": "Malang", "GID_3": "IDN.11.22.13_1", "NAME_3": "Kepanjen", "NAME_4": "Dilem", "VARNAME_4": "NA", "TYPE_4": "Desa", "ENGTYPE_4": "Village", "CC_4": "3507160012", "padi_mean": 0.5, "jagung_mean": 1.0, "cabai_mean": 0.5, "tomat_mean": 0.5, "kentang_mean": 0.5, "wortel_mean": 0.80000001192092884, "tebu_mean": 0.5 }, "geometry": { "type": "MultiPolygon", "coordinates": [ [ [ [ 112.5739, -8.1202 ], [ 112.5689, -8.1248 ], [ 112.5635, -8.1221 ], [ 112.5622, -8.1167 ], [ 112.5641, -8.1067 ], [ 112.5703, -8.1066 ], [ 112.5707, -8.1082 ], [ 112.5766, -8.1106 ], [ 112.5739, -8.1202 ] ] ] ] } },
{ "type": "Feature", "properties": { "fid": 377, "GID_4": "IDN.11.22.13.5_1", "GID_0": "IDN", "COUNTRY": "Indonesia", "GID_1": "IDN.11_1", "NAME_1": "JawaTimur", "GID_2": "IDN.11.22_1", "NAME_2": "Malang", "GID_3": "IDN.11.22.13_1", "NAME_3": "Kepanjen", "NAME_4": "Jatirejoyoso", "VARNAME_4": "NA", "TYPE_4": "Desa", "ENGTYPE_4": "Village", "CC_4": "3507160016", "padi_mean": 0.5, "jagung_mean": 1.0, "cabai_mean": 0.5, "tomat_mean": 0.5, "kentang_mean": 0.5, "wortel_mean": 0.80000001192092896, "tebu_mean": 0.5 }, "geometry": { "type": "MultiPolygon", "coordinates": [ [ [ [ 112.5867, -8.1194 ], [ 112.5836, -8.1185 ], [ 112.5813, -8.1211 ], [ 112.577, -8.1194 ], [ 112.585, -8.1039 ], [ 112.5811, -8.1011 ], [ 112.5847, -8.093 ], [ 112.5866, -8.0927 ], [ 112.59, -8.0962 ], [ 112.5913, -8.0938 ], [ 112.599, -8.0975 ], [ 112.597, -8.1005 ], [ 112.5946, -8.0996 ], [ 112.5904, -8.1105 ], [ 112.5913, -8.1118 ], [ 112.5867, -8.1194 ] ] ] ] } },
{ "type": "Feature", "properties": { "fid": 378, "GID_4": "IDN.11.22.13.6_1", "GID_0": "IDN", "COUNTRY": "Indonesia", "GID_1": "IDN.11_1", "NAME_1": "JawaTimur", "GID_2": "IDN.11.22_1", "NAME_2": "Malang", "GID_3": "IDN.11.22.13_1", "NAME_3": "Kepanjen", "NAME_4": "Jenggolo", "VARNAME_4": "NA", "TYPE_4": "Desa", "ENGTYPE_4": "Village", "CC_4": "3507160001", "padi_mean": 0.5, "jagung_mean": 1.0, "cabai_mean": 0.5, "tomat_mean": 0.5, "kentang_mean": 0.5, "wortel_mean": 0.5, "tebu_mean": 0.5 }, "geometry": { "type": "MultiPolygon", "coordinates": [ [ [ [ 112.5615, -8.1599 ], [ 112.5571, -8.1694 ], [ 112.5502, -8.1659 ], [ 112.5459, -8.1822 ], [ 112.5424, -8.1802 ], [ 112.5375, -8.1838 ], [ 112.5346, -8.183 ], [ 112.5376, -8.1762 ], [ 112.5377, -8.1712 ], [ 112.5489, -8.1639 ], [ 112.5521, -8.1641 ], [ 112.557, -8.1578 ], [ 112.5615, -8.1599 ] ] ] ] } },
{ "type": "Feature", "properties": { "fid": 379, "GID_4": "IDN.11.22.13.7_1", "GID_0": "IDN", "COUNTRY": "Indonesia", "GID_1": "IDN.11_1", "NAME_1": "JawaTimur", "GID_2": "IDN.11.22_1", "NAME_2": "Malang", "GID_3": "IDN.11.22.13_1", "NAME_3": "Kepanjen", "NAME_4": "Kedungpedaringan", "VARNAME_4": "NA", "TYPE_4": "Desa", "ENGTYPE_4": "Village", "CC_4": "3507160007", "padi_mean": 0.5, "jagung_mean": 1.0, "cabai_mean": 0.5, "tomat_mean": 0.5, "kentang_mean": 0.5, "wortel_mean": 0.5, "tebu_mean": 0.5 }, "geometry": { "type": "MultiPolygon", "coordinates": [ [ [ [ 112.5873, -8.1378 ], [ 112.5858, -8.1404 ], [ 112.5875, -8.1435 ], [ 112.5843, -8.146 ], [ 112.5836, -8.1507 ], [ 112.5845, -8.1547 ], [ 112.5806, -8.157 ], [ 112.5801, -8.1588 ], [ 112.5735, -8.1556 ], [ 112.5705, -8.1593 ], [ 112.5684, -8.158 ], [ 112.5733, -8.1466 ], [ 112.577, -8.1466 ], [ 112.5775, -8.1436 ], [ 112.5808, -8.1437 ], [ 112.5832, -8.1375 ], [ 112.5873, -8.1378 ] ] ] ] } },
{ "type": "Feature", "properties": { "fid": 380, "GID_4": "IDN.11.22.13.8_1", "GID_0": "IDN", "COUNTRY": "Indonesia", "GID_1": "IDN.11_1", "NAME_1": "JawaTimur", "GID_2": "IDN.11.22_1", "NAME_2": "Malang", "GID_3": "IDN.11.22.13_1", "NAME_3": "Kepanjen", "NAME_4": "Kemiri", "VARNAME_4": "NA", "TYPE_4": "Desa", "ENGTYPE_4": "Village", "CC_4": "3507160003", "padi_mean": 0.5, "jagung_mean": 1.0, "cabai_mean": 0.5, "tomat_mean": 0.5, "kentang_mean": 0.5, "wortel_mean": 0.5, "tebu_mean": 0.5 }, "geometry": { "type": "MultiPolygon", "coordinates": [ [ [ [ 112.5602, -8.1627 ], [ 112.5615, -8.1599 ], [ 112.5666, -8.1616 ], [ 112.5685, -8.1678 ], [ 112.5609, -8.1765 ], [ 112.5607, -8.1794 ], [ 112.5585, -8.1792 ], [ 112.5558, -8.1821 ], [ 112.5529, -8.179 ], [ 112.557, -8.1697 ], [ 112.56, -8.171 ], [ 112.5594, -8.168 ], [ 112.5619, -8.1633 ], [ 112.5602, -8.1627 ] ] ] ] } },
{ "type": "Feature", "properties": { "fid": 381, "GID_4": "IDN.11.22.13.9_1", "GID_0": "IDN", "COUNTRY": "Indonesia", "GID_1": "IDN.11_1", "NAME_1": "JawaTimur", "GID_2": "IDN.11.22_1", "NAME_2": "Malang", "GID_3": "IDN.11.22.13_1", "NAME_3": "Kepanjen", "NAME_4": "Kepanjen", "VARNAME_4": "NA", "TYPE_4": "Desa", "ENGTYPE_4": "Village", "CC_4": "3507160010", "padi_mean": 0.5, "jagung_mean": 1.0, "cabai_mean": 0.5, "tomat_mean": 0.5, "kentang_mean": 0.5, "wortel_mean": 0.51896137149192811, "tebu_mean": 0.5 }, "geometry": { "type": "MultiPolygon", "coordinates": [ [ [ [ 112.5689, -8.1248 ], [ 112.5709, -8.1276 ], [ 112.5772, -8.1292 ], [ 112.5775, -8.1309 ], [ 112.5753, -8.136 ], [ 112.5728, -8.1359 ], [ 112.57, -8.1417 ], [ 112.564, -8.14 ], [ 112.5687, -8.132 ], [ 112.565, -8.1303 ], [ 112.5615, -8.1373 ], [ 112.5582, -8.1353 ], [ 112.5602, -8.1319 ], [ 112.5585, -8.1304 ], [ 112.561, -8.1277 ], [ 112.5601, -8.1258 ], [ 112.562, -8.1223 ], [ 112.5689, -8.1248 ] ] ] ] } },
{ "type": "Feature", "properties": { "fid": 382, "GID_4": "IDN.11.22.13.10_1", "GID_0": "IDN", "COUNTRY": "Indonesia", "GID_1": "IDN.11_1", "NAME_1": "JawaTimur", "GID_2": "IDN.11.22_1", "NAME_2": "Malang", "GID_3": "IDN.11.22.13_1", "NAME_3": "Kepanjen", "NAME_4": "Mangunrejo", "VARNAME_4": "NA", "TYPE_4": "Desa", "ENGTYPE_4": "Village", "CC_4": "3507160005", "padi_mean": 0.5, "jagung_mean": 1.0, "cabai_mean": 0.5, "tomat_mean": 0.5, "kentang_mean": 0.5, "wortel_mean": 0.5, "tebu_mean": 0.5 }, "geometry": { "type": "MultiPolygon", "coordinates": [ [ [ [ 112.5617, -8.1593 ], [ 112.557, -8.1578 ], [ 112.5521, -8.1641 ], [ 112.5489, -8.1639 ], [ 112.5377, -8.1712 ], [ 112.5413, -8.1654 ], [ 112.5404, -8.1612 ], [ 112.5421, -8.1577 ], [ 112.5405, -8.152 ], [ 112.5426, -8.1457 ], [ 112.5514, -8.1514 ], [ 112.5524, -8.1554 ], [ 112.5541, -8.1564 ], [ 112.5582, -8.1493 ], [ 112.5711, -8.1527 ], [ 112.5683, -8.1579 ], [ 112.5634, -8.1559 ], [ 112.5617, -8.1593 ] ] ] ] } },
{ "type": "Feature", "properties": { "fid": 383, "GID_4": "IDN.11.22.13.11_1", "GID_0": "IDN", "COUNTRY": "Indonesia", "GID_1": "IDN.11_1", "NAME_1": "JawaTimur", "GID_2": "IDN.11.22_1", "NAME_2": "Malang", "GID_3": "IDN.11.22.13_1", "NAME_3": "Kepanjen", "NAME_4": "Mojosari", "VARNAME_4": "NA", "TYPE_4": "Desa", "ENGTYPE_4": "Village", "CC_4": "3507160018", "padi_mean": 0.5, "jagung_mean": 0.95205434461368676, "cabai_mean": 0.5, "tomat_mean": 0.5, "kentang_mean": 0.5, "wortel_mean": 0.80000001192092896, "tebu_mean": 0.47193846335006989 }, "geometry": { "type": "MultiPolygon", "coordinates": [ [ [ [ 112.5882, -8.095 ], [ 112.588, -8.0932 ], [ 112.5847, -8.093 ], [ 112.5811, -8.1011 ], [ 112.5755, -8.0984 ], [ 112.5737, -8.1006 ], [ 112.5697, -8.1003 ], [ 112.5699, -8.0973 ], [ 112.5785, -8.0916 ], [ 112.5763, -8.0879 ], [ 112.5778, -8.0872 ], [ 112.5774, -8.0792 ], [ 112.5833, -8.0799 ], [ 112.5826, -8.082 ], [ 112.5899, -8.0869 ], [ 112.591, -8.0847 ], [ 112.5924, -8.0854 ], [ 112.5928, -8.0875 ], [ 112.5882, -8.095 ] ] ] ] } },
{ "type": "Feature", "properties": { "fid": 384, "GID_4": "IDN.11.22.13.12_1", "GID_0": "IDN", "COUNTRY": "Indonesia", "GID_1": "IDN.11_1", "NAME_1": "JawaTimur", "GID_2": "IDN.11.22_1", "NAME_2": "Malang", "GID_3": "IDN.11.22.13_1", "NAME_3": "Kepanjen", "NAME_4": "Ngadilangkung", "VARNAME_4": "NA", "TYPE_4": "Desa", "ENGTYPE_4": "Village", "CC_4": "3507160017", "padi_mean": 0.5, "jagung_mean": 1.0, "cabai_mean": 0.5, "tomat_mean": 0.5, "kentang_mean": 0.5, "wortel_mean": 0.80000001192092896, "tebu_mean": 0.5 }, "geometry": { "type": "MultiPolygon", "coordinates": [ [ [ [ 112.577, -8.1194 ], [ 112.5739, -8.1202 ], [ 112.5766, -8.1106 ], [ 112.5707, -8.1082 ], [ 112.5703, -8.1066 ], [ 112.5629, -8.1077 ], [ 112.5633, -8.12 ], [ 112.5561, -8.1178 ], [ 112.5613, -8.1065 ], [ 112.5676, -8.0998 ], [ 112.5718, -8.1011 ], [ 112.5758, -8.0985 ], [ 112.585, -8.1039 ], [ 112.577, -8.1194 ] ] ] ] } },
{ "type": "Feature", "properties": { "fid": 385, "GID_4": "IDN.11.22.13.13_1", "GID_0": "IDN", "COUNTRY": "Indonesia", "GID_1": "IDN.11_1", "NAME_1": "JawaTimur", "GID_2": "IDN.11.22_1", "NAME_2": "Malang", "GID_3": "IDN.11.22.13_1", "NAME_3": "Kepanjen", "NAME_4": "Panggungrejo", "VARNAME_4": "NA", "TYPE_4": "Desa", "ENGTYPE_4": "Village", "CC_4": "3507160006", "padi_mean": 0.5, "jagung_mean": 1.0, "cabai_mean": 0.5, "tomat_mean": 0.5, "kentang_mean": 0.5, "wortel_mean": 0.5, "tebu_mean": 0.5 }, "geometry": { "type": "MultiPolygon", "coordinates": [ [ [ [ 112.555, -8.1406 ], [ 112.5662, -8.1456 ], [ 112.5693, -8.1415 ], [ 112.572, -8.1429 ], [ 112.5699, -8.1464 ], [ 112.5727, -8.1478 ], [ 112.5704, -8.1525 ], [ 112.5582, -8.1493 ], [ 112.5541, -8.1564 ], [ 112.5524, -8.1554 ], [ 112.5514, -8.1514 ], [ 112.5416, -8.1453 ], [ 112.549, -8.1358 ], [ 112.5518, -8.136 ], [ 112.555, -8.1406 ] ] ] ] } },
{ "type": "Feature", "properties": { "fid": 386, "GID_4": "IDN.11.22.13.14_1", "GID_0": "IDN", "COUNTRY": "Indonesia", "GID_1": "IDN.11_1", "NAME_1": "JawaTimur", "GID_2": "IDN.11.22_1", "NAME_2": "Malang", "GID_3": "IDN.11.22.13_1", "NAME_3": "Kepanjen", "NAME_4": "Penarukan", "VARNAME_4": "NA", "TYPE_4": "Desa", "ENGTYPE_4": "Village", "CC_4": "3507160008", "padi_mean": 0.5, "jagung_mean": 1.0, "cabai_mean": 0.5, "tomat_mean": 0.5, "kentang_mean": 0.5, "wortel_mean": 0.5, "tebu_mean": 0.5 }, "geometry": { "type": "MultiPolygon", "coordinates": [ [ [ [ 112.5905, -8.1346 ], [ 112.5873, -8.1378 ], [ 112.5832, -8.1375 ], [ 112.5808, -8.1437 ], [ 112.5775, -8.1436 ], [ 112.577, -8.1466 ], [ 112.5733, -8.1466 ], [ 112.5727, -8.1478 ], [ 112.5699, -8.1464 ], [ 112.572, -8.1429 ], [ 112.57, -8.1418 ], [ 112.5726, -8.1361 ], [ 112.575, -8.1365 ], [ 112.5775, -8.1309 ], [ 112.5845, -8.1351 ], [ 112.5876, -8.1334 ], [ 112.5905, -8.1346 ] ] ] ] } },
{ "type": "Feature", "properties": { "fid": 387, "GID_4": "IDN.11.22.13.15_1", "GID_0": "IDN", "COUNTRY": "Indonesia", "GID_1": "IDN.11_1", "NAME_1": "JawaTimur", "GID_2": "IDN.11.22_1", "NAME_2": "Malang", "GID_3": "IDN.11.22.13_1", "NAME_3": "Kepanjen", "NAME_4": "Sengguruh", "VARNAME_4": "NA", "TYPE_4": "Desa", "ENGTYPE_4": "Village", "CC_4": "3507160002", "padi_mean": 0.5, "jagung_mean": 1.0, "cabai_mean": 0.5, "tomat_mean": 0.5, "kentang_mean": 0.5, "wortel_mean": 0.5, "tebu_mean": 0.5 }, "geometry": { "type": "MultiPolygon", "coordinates": [ [ [ [ 112.5459, -8.1822 ], [ 112.5502, -8.1659 ], [ 112.5571, -8.1694 ], [ 112.5602, -8.1627 ], [ 112.5619, -8.1633 ], [ 112.5594, -8.168 ], [ 112.56, -8.171 ], [ 112.557, -8.1697 ], [ 112.5521, -8.1829 ], [ 112.5459, -8.1822 ] ] ] ] } },
{ "type": "Feature", "properties": { "fid": 388, "GID_4": "IDN.11.22.13.16_1", "GID_0": "IDN", "COUNTRY": "Indonesia", "GID_1": "IDN.11_1", "NAME_1": "JawaTimur", "GID_2": "IDN.11.22_1", "NAME_2": "Malang", "GID_3": "IDN.11.22.13_1", "NAME_3": "Kepanjen", "NAME_4": "Sukoraharjo", "VARNAME_4": "NA", "TYPE_4": "Desa", "ENGTYPE_4": "Village", "CC_4": "3507160014", "padi_mean": 0.5, "jagung_mean": 1.0, "cabai_mean": 0.5, "tomat_mean": 0.5, "kentang_mean": 0.5, "wortel_mean": 0.72794146375174784, "tebu_mean": 0.5 }, "geometry": { "type": "MultiPolygon", "coordinates": [ [ [ [ 112.6043, -8.1132 ], [ 112.6003, -8.1149 ], [ 112.5991, -8.119 ], [ 112.5956, -8.1213 ], [ 112.5965, -8.1246 ], [ 112.5905, -8.1346 ], [ 112.5824, -8.1304 ], [ 112.5849, -8.1262 ], [ 112.5826, -8.1248 ], [ 112.591, -8.1126 ], [ 112.5908, -8.1093 ], [ 112.5946, -8.0996 ], [ 112.6036, -8.1058 ], [ 112.6003, -8.1106 ], [ 112.6043, -8.1132 ] ] ] ] } },
{ "type": "Feature", "properties": { "fid": 389, "GID_4": "IDN.11.22.13.17_1", "GID_0": "IDN", "COUNTRY": "Indonesia", "GID_1": "IDN.11_1", "NAME_1": "JawaTimur", "GID_2": "IDN.11.22_1", "NAME_2": "Malang", "GID_3": "IDN.11.22.13_1", "NAME_3": "Kepanjen", "NAME_4": "Talangagung", "VARNAME_4": "NA", "TYPE_4": "Desa", "ENGTYPE_4": "Village", "CC_4": "3507160011", "padi_mean": 0.5, "jagung_mean": 1.0, "cabai_mean": 0.5, "tomat_mean": 0.5, "kentang_mean": 0.5, "wortel_mean": 0.60923250099221327, "tebu_mean": 0.5 }, "geometry": { "type": "MultiPolygon", "coordinates": [ [ [ [ 112.5587, -8.1365 ], [ 112.555, -8.1406 ], [ 112.5517, -8.1359 ], [ 112.549, -8.1358 ], [ 112.5478, -8.1375 ], [ 112.5449, -8.136 ], [ 112.5491, -8.1297 ], [ 112.5471, -8.1233 ], [ 112.5491, -8.1186 ], [ 112.554, -8.1205 ], [ 112.5548, -8.1173 ], [ 112.5633, -8.12 ], [ 112.5635, -8.1222 ], [ 112.5618, -8.1226 ], [ 112.5601, -8.1258 ], [ 112.561, -8.1277 ], [ 112.5585, -8.1304 ], [ 112.5602, -8.1314 ], [ 112.5587, -8.1365 ] ] ] ] } },
{ "type": "Feature", "properties": { "fid": 390, "GID_4": "IDN.11.22.13.18_1", "GID_0": "IDN", "COUNTRY": "Indonesia", "GID_1": "IDN.11_1", "NAME_1": "JawaTimur", "GID_2": "IDN.11.22_1", "NAME_2": "Malang", "GID_3": "IDN.11.22.13_1", "NAME_3": "Kepanjen", "NAME_4": "Tegalsari", "VARNAME_4": "NA", "TYPE_4": "Desa", "ENGTYPE_4": "Village", "CC_4": "3507160004", "padi_mean": 0.5, "jagung_mean": 1.0, "cabai_mean": 0.5, "tomat_mean": 0.5, "kentang_mean": 0.5, "wortel_mean": 0.5, "tebu_mean": 0.5 }, "geometry": { "type": "MultiPolygon", "coordinates": [ [ [ [ 112.5801, -8.1588 ], [ 112.5779, -8.1615 ], [ 112.5804, -8.1665 ], [ 112.5788, -8.1703 ], [ 112.577, -8.1696 ], [ 112.5765, -8.1719 ], [ 112.5708, -8.1736 ], [ 112.569, -8.1767 ], [ 112.5618, -8.1757 ], [ 112.5686, -8.1675 ], [ 112.5666, -8.1616 ], [ 112.5615, -8.1599 ], [ 112.5634, -8.1559 ], [ 112.5705, -8.1593 ], [ 112.5735, -8.1556 ], [ 112.5801, -8.1588 ] ] ] ] } },
{ "type": "Feature", "properties": { "fid": 391, "GID_4": "IDN.11.22.14.1_1", "GID_0": "IDN", "COUNTRY": "Indonesia", "GID_1": "IDN.11_1", "NAME_1": "JawaTimur", "GID_2": "IDN.11.22_1", "NAME_2": "Malang", "GID_3": "IDN.11.22.14_1", "NAME_3": "Kromengan", "NAME_4": "Jambuwer", "VARNAME_4": "NA", "TYPE_4": "Desa", "ENGTYPE_4": "Village", "CC_4": "3507180007", "padi_mean": 0.5, "jagung_mean": 0.64179736875389448, "cabai_mean": 0.5, "tomat_mean": 0.5, "kentang_mean": 0.5, "wortel_mean": 0.62563506642732969, "tebu_mean": 0.39633809156050975 }, "geometry": { "type": "MultiPolygon", "coordinates": [ [ [ [ 112.4568, -8.0741 ], [ 112.4581, -8.0708 ], [ 112.4578, -8.0675 ], [ 112.4561, -8.0663 ], [ 112.4585, -8.065 ], [ 112.4649, -8.0686 ], [ 112.4653, -8.0759 ], [ 112.4699, -8.088 ], [ 112.4687, -8.0952 ], [ 112.4698, -8.0997 ], [ 112.4631, -8.1031 ], [ 112.4618, -8.1079 ], [ 112.4611, -8.1156 ], [ 112.4653, -8.1254 ], [ 112.4637, -8.1274 ], [ 112.4644, -8.1299 ], [ 112.4624, -8.1311 ], [ 112.462, -8.1342 ], [ 112.4631, -8.1345 ], [ 112.4611, -8.1354 ], [ 112.4613, -8.1442 ], [ 112.4584, -8.1439 ], [ 112.4538, -8.1466 ], [ 112.4522, -8.1445 ], [ 112.4533, -8.1369 ], [ 112.4523, -8.136 ], [ 112.4532, -8.1319 ], [ 112.4555, -8.131 ], [ 112.4552, -8.1274 ], [ 112.4578, -8.1265 ], [ 112.4567, -8.1229 ], [ 112.4592, -8.1149 ], [ 112.4576, -8.1095 ], [ 112.4559, -8.11 ], [ 112.4543, -8.1067 ], [ 112.4546, -8.0998 ], [ 112.4532, -8.0978 ], [ 112.4549, -8.0932 ], [ 112.4541, -8.0879 ], [ 112.4568, -8.081 ], [ 112.4553, -8.0784 ], [ 112.4569, -8.0779 ], [ 112.4558, -8.0766 ], [ 112.457, -8.0762 ], [ 112.4568, -8.0741 ] ] ] ] } },
{ "type": "Feature", "properties": { "fid": 392, "GID_4": "IDN.11.22.14.2_1", "GID_0": "IDN", "COUNTRY": "Indonesia", "GID_1": "IDN.11_1", "NAME_1": "JawaTimur", "GID_2": "IDN.11.22_1", "NAME_2": "Malang", "GID_3": "IDN.11.22.14_1", "NAME_3": "Kromengan", "NAME_4": "Jatikerto", "VARNAME_4": "NA", "TYPE_4": "Desa", "ENGTYPE_4": "Village", "CC_4": "3507180002", "padi_mean": 0.5, "jagung_mean": 1.0, "cabai_mean": 0.5, "tomat_mean": 0.5, "kentang_mean": 0.5, "wortel_mean": 0.50849934032403288, "tebu_mean": 0.5 }, "geometry": { "type": "MultiPolygon", "coordinates": [ [ [ [ 112.5426, -8.1457 ], [ 112.5405, -8.1524 ], [ 112.5394, -8.152 ], [ 112.5351, -8.1487 ], [ 112.5337, -8.1453 ], [ 112.5287, -8.1426 ], [ 112.5303, -8.1409 ], [ 112.5257, -8.1393 ], [ 112.5239, -8.1338 ], [ 112.5371, -8.1224 ], [ 112.5418, -8.1257 ], [ 112.5472, -8.1234 ], [ 112.5474, -8.1275 ], [ 112.5491, -8.1286 ], [ 112.5449, -8.136 ], [ 112.5478, -8.1375 ], [ 112.5416, -8.1453 ], [ 112.5426, -8.1457 ] ] ] ] } },
{ "type": "Feature", "properties": { "fid": 393, "GID_4": "IDN.11.22.14.3_1", "GID_0": "IDN", "COUNTRY": "Indonesia", "GID_1": "IDN.11_1", "NAME_1": "JawaTimur", "GID_2": "IDN.11.22_1", "NAME_2": "Malang", "GID_3": "IDN.11.22.14_1", "NAME_3": "Kromengan", "NAME_4": "Karangrejo", "VARNAME_4": "NA", "TYPE_4": "Desa", "ENGTYPE_4": "Village", "CC_4": "3507180004", "padi_mean": 0.5, "jagung_mean": 0.56333865504441316, "cabai_mean": 0.5, "tomat_mean": 0.5, "kentang_mean": 0.5, "wortel_mean": 0.76199681738416991, "tebu_mean": 0.5 }, "geometry": { "type": "MultiPolygon", "coordinates": [ [ [ [ 112.4983, -8.1209 ], [ 112.4915, -8.1221 ], [ 112.4888, -8.1269 ], [ 112.4859, -8.126 ], [ 112.484, -8.129 ], [ 112.4813, -8.1286 ], [ 112.4793, -8.1314 ], [ 112.4746, -8.1338 ], [ 112.4735, -8.1338 ], [ 112.4745, -8.1284 ], [ 112.4773, -8.1257 ], [ 112.4808, -8.1099 ], [ 112.4807, -8.095 ], [ 112.4834, -8.095 ], [ 112.4841, -8.0936 ], [ 112.4842, -8.0959 ], [ 112.488, -8.0972 ], [ 112.4909, -8.0959 ], [ 112.4913, -8.0942 ], [ 112.4947, -8.1059 ], [ 112.4962, -8.1065 ], [ 112.4961, -8.1151 ], [ 112.4993, -8.1169 ], [ 112.4983, -8.1209 ] ] ] ] } },
{ "type": "Feature", "properties": { "fid": 394, "GID_4": "IDN.11.22.14.4_1", "GID_0": "IDN", "COUNTRY": "Indonesia", "GID_1": "IDN.11_1", "NAME_1": "JawaTimur", "GID_2": "IDN.11.22_1", "NAME_2": "Malang", "GID_3": "IDN.11.22.14_1", "NAME_3": "Kromengan", "NAME_4": "Kromengan", "VARNAME_4": "NA", "TYPE_4": "Desa", "ENGTYPE_4": "Village", "CC_4": "3507180005", "padi_mean": 0.5, "jagung_mean": 0.97505480414346213, "cabai_mean": 0.5, "tomat_mean": 0.5, "kentang_mean": 0.5, "wortel_mean": 0.52019943295839022, "tebu_mean": 0.5 }, "geometry": { "type": "MultiPolygon", "coordinates": [ [ [ [ 112.4612, -8.1398 ], [ 112.462, -8.136 ], [ 112.471, -8.136 ], [ 112.4793, -8.1314 ], [ 112.4813, -8.1286 ], [ 112.484, -8.129 ], [ 112.4859, -8.126 ], [ 112.4888, -8.1269 ], [ 112.4923, -8.1217 ], [ 112.4983, -8.1209 ], [ 112.5038, -8.1224 ], [ 112.5015, -8.1377 ], [ 112.4992, -8.1393 ], [ 112.4984, -8.142 ], [ 112.4957, -8.1427 ], [ 112.4955, -8.1472 ], [ 112.4934, -8.1496 ], [ 112.4899, -8.1497 ], [ 112.4886, -8.1479 ], [ 112.4848, -8.1485 ], [ 112.4841, -8.1505 ], [ 112.4823, -8.1449 ], [ 112.474, -8.146 ], [ 112.4732, -8.1442 ], [ 112.47, -8.1446 ], [ 112.4643, -8.1416 ], [ 112.464, -8.1452 ], [ 112.4622, -8.1375 ], [ 112.4612, -8.1398 ] ] ] ] } },
{ "type": "Feature", "properties": { "fid": 395, "GID_4": "IDN.11.22.14.5_1", "GID_0": "IDN", "COUNTRY": "Indonesia", "GID_1": "IDN.11_1", "NAME_1": "JawaTimur", "GID_2": "IDN.11.22_1", "NAME_2": "Malang", "GID_3": "IDN.11.22.14_1", "NAME_3": "Kromengan", "NAME_4": "Ngadirejo", "VARNAME_4": "NA", "TYPE_4": "Desa", "ENGTYPE_4": "Village", "CC_4": "3507180003", "padi_mean": 0.5, "jagung_mean": 1.0, "cabai_mean": 0.5, "tomat_mean": 0.5, "kentang_mean": 0.5, "wortel_mean": 0.54284897669874055, "tebu_mean": 0.5 }, "geometry": { "type": "MultiPolygon", "coordinates": [ [ [ [ 112.4955, -8.1472 ], [ 112.4957, -8.1427 ], [ 112.4984, -8.142 ], [ 112.4992, -8.1393 ], [ 112.5015, -8.1377 ], [ 112.5039, -8.1199 ], [ 112.5126, -8.1224 ], [ 112.5183, -8.1208 ], [ 112.5233, -8.1245 ], [ 112.5243, -8.1295 ], [ 112.5203, -8.1368 ], [ 112.5221, -8.1393 ], [ 112.5196, -8.1406 ], [ 112.5183, -8.1395 ], [ 112.5164, -8.1428 ], [ 112.5163, -8.1401 ], [ 112.5144, -8.139 ], [ 112.5106, -8.1436 ], [ 112.5069, -8.1413 ], [ 112.507, -8.1436 ], [ 112.5058, -8.142 ], [ 112.505, -8.1436 ], [ 112.5065, -8.1468 ], [ 112.5041, -8.1461 ], [ 112.4994, -8.1502 ], [ 112.4967, -8.1467 ], [ 112.4955, -8.1472 ] ] ] ] } },
{ "type": "Feature", "properties": { "fid": 396, "GID_4": "IDN.11.22.14.6_1", "GID_0": "IDN", "COUNTRY": "Indonesia", "GID_1": "IDN.11_1", "NAME_1": "JawaTimur", "GID_2": "IDN.11.22_1", "NAME_2": "Malang", "GID_3": "IDN.11.22.14_1", "NAME_3": "Kromengan", "NAME_4": "Peniwen", "VARNAME_4": "NA", "TYPE_4": "Desa", "ENGTYPE_4": "Village", "CC_4": "3507180006", "padi_mean": 0.5, "jagung_mean": 0.60526563724874627, "cabai_mean": 0.5, "tomat_mean": 0.5, "kentang_mean": 0.5, "wortel_mean": 0.73684062706195275, "tebu_mean": 0.5 }, "geometry": { "type": "MultiPolygon", "coordinates": [ [ [ [ 112.4613, -8.1365 ], [ 112.4631, -8.1345 ], [ 112.462, -8.1342 ], [ 112.4624, -8.1311 ], [ 112.4644, -8.1299 ], [ 112.4637, -8.1274 ], [ 112.4653, -8.1254 ], [ 112.4611, -8.1156 ], [ 112.4631, -8.1031 ], [ 112.4693, -8.1001 ], [ 112.4738, -8.0938 ], [ 112.4807, -8.095 ], [ 112.4808, -8.1099 ], [ 112.4773, -8.1257 ], [ 112.4745, -8.1284 ], [ 112.4745, -8.133 ], [ 112.471, -8.136 ], [ 112.4613, -8.1365 ] ] ] ] } },
{ "type": "Feature", "properties": { "fid": 397, "GID_4": "IDN.11.22.14.7_1", "GID_0": "IDN", "COUNTRY": "Indonesia", "GID_1": "IDN.11_1", "NAME_1": "JawaTimur", "GID_2": "IDN.11.22_1", "NAME_2": "Malang", "GID_3": "IDN.11.22.14_1", "NAME_3": "Kromengan", "NAME_4": "Slorok", "VARNAME_4": "NA", "TYPE_4": "Desa", "ENGTYPE_4": "Village", "CC_4": "3507180001", "padi_mean": 0.5, "jagung_mean": 1.0, "cabai_mean": 0.5, "tomat_mean": 0.5, "kentang_mean": 0.5, "wortel_mean": 0.5, "tebu_mean": 0.5 }, "geometry": { "type": "MultiPolygon", "coordinates": [ [ [ [ 112.5405, -8.1524 ], [ 112.5421, -8.1577 ], [ 112.5409, -8.1602 ], [ 112.5376, -8.1561 ], [ 112.5335, -8.1573 ], [ 112.5306, -8.1561 ], [ 112.5313, -8.1534 ], [ 112.525, -8.1528 ], [ 112.5256, -8.151 ], [ 112.5209, -8.1477 ], [ 112.5146, -8.1459 ], [ 112.5146, -8.1444 ], [ 112.5109, -8.1424 ], [ 112.5144, -8.139 ], [ 112.5163, -8.1401 ], [ 112.5164, -8.1428 ], [ 112.5183, -8.1395 ], [ 112.5196, -8.1406 ], [ 112.5221, -8.1393 ], [ 112.5203, -8.1366 ], [ 112.5232, -8.1335 ], [ 112.5257, -8.1393 ], [ 112.5303, -8.1409 ], [ 112.5287, -8.1426 ], [ 112.5337, -8.1453 ], [ 112.5353, -8.1489 ], [ 112.5405, -8.1524 ] ] ] ] } },
{ "type": "Feature", "properties": { "fid": 398, "GID_4": "IDN.11.22.15.1_1", "GID_0": "IDN", "COUNTRY": "Indonesia", "GID_1": "IDN.11_1", "NAME_1": "JawaTimur", "GID_2": "IDN.11.22_1", "NAME_2": "Malang", "GID_3": "IDN.11.22.15_1", "NAME_3": "Lawang", "NAME_4": "Bedali", "VARNAME_4": "NA", "TYPE_4": "Desa", "ENGTYPE_4": "Village", "CC_4": "3507270004", "padi_mean": 0.5, "jagung_mean": 0.5, "cabai_mean": 0.5, "tomat_mean": 0.5, "kentang_mean": 0.5, "wortel_mean": 0.30667183874866283, "tebu_mean": 0.29744367971830776 }, "geometry": { "type": "MultiPolygon", "coordinates": [ [ [ [ 112.669, -7.8434 ], [ 112.6745, -7.8436 ], [ 112.6756, -7.8469 ], [ 112.6794, -7.8485 ], [ 112.6817, -7.849 ], [ 112.6869, -7.8463 ], [ 112.6875, -7.8479 ], [ 112.6933, -7.8489 ], [ 112.6989, -7.8532 ], [ 112.7019, -7.8522 ], [ 112.6987, -7.8554 ], [ 112.6967, -7.8546 ], [ 112.6955, -7.8584 ], [ 112.7011, -7.8615 ], [ 112.7039, -7.8664 ], [ 112.7098, -7.8693 ], [ 112.7105, -7.8712 ], [ 112.7054, -7.8717 ], [ 112.7028, -7.8767 ], [ 112.7007, -7.8775 ], [ 112.6995, -7.8749 ], [ 112.6876, -7.8668 ], [ 112.685, -7.8634 ], [ 112.6859, -7.8621 ], [ 112.6836, -7.8594 ], [ 112.6846, -7.8583 ], [ 112.677, -7.8533 ], [ 112.6719, -7.852 ], [ 112.6667, -7.8474 ], [ 112.6688, -7.8459 ], [ 112.669, -7.8434 ] ] ] ] } },
{ "type": "Feature", "properties": { "fid": 399, "GID_4": "IDN.11.22.15.2_1", "GID_0": "IDN", "COUNTRY": "Indonesia", "GID_1": "IDN.11_1", "NAME_1": "JawaTimur", "GID_2": "IDN.11.22_1", "NAME_2": "Malang", "GID_3": "IDN.11.22.15_1", "NAME_3": "Lawang", "NAME_4": "Kalirejo", "VARNAME_4": "NA", "TYPE_4": "Desa", "ENGTYPE_4": "Village", "CC_4": "3507270005", "padi_mean": 0.49915281098665698, "jagung_mean": 0.49915281098665698, "cabai_mean": 0.5, "tomat_mean": 0.5, "kentang_mean": 0.5, "wortel_mean": 0.32824838416364188, "tebu_mean": 0.25762744934752385 }, "geometry": { "type": "MultiPolygon", "coordinates": [ [ [ [ 112.7019, -7.8522 ], [ 112.6989, -7.8532 ], [ 112.6933, -7.8489 ], [ 112.6875, -7.8479 ], [ 112.6869, -7.8463 ], [ 112.6817, -7.849 ], [ 112.6777, -7.8479 ], [ 112.6754, -7.8467 ], [ 112.6745, -7.8436 ], [ 112.669, -7.8434 ], [ 112.6563, -7.8366 ], [ 112.6551, -7.8347 ], [ 112.6563, -7.8325 ], [ 112.6582, -7.8347 ], [ 112.6618, -7.8327 ], [ 112.6691, -7.8373 ], [ 112.6693, -7.8389 ], [ 112.6708, -7.8368 ], [ 112.6729, -7.8392 ], [ 112.6786, -7.836 ], [ 112.685, -7.8388 ], [ 112.6922, -7.8384 ], [ 112.6926, -7.8405 ], [ 112.6959, -7.8422 ], [ 112.6991, -7.8402 ], [ 112.7018, -7.8409 ], [ 112.7016, -7.8425 ], [ 112.7076, -7.8484 ], [ 112.7057, -7.8535 ], [ 112.7019, -7.8522 ] ] ] ] } },
{ "type": "Feature", "properties": { "fid": 400, "GID_4": "IDN.11.22.15.3_1", "GID_0": "IDN", "COUNTRY": "Indonesia", "GID_1": "IDN.11_1", "NAME_1": "JawaTimur", "GID_2": "IDN.11.22_1", "NAME_2": "Malang", "GID_3": "IDN.11.22.15_1", "NAME_3": "Lawang", "NAME_4": "Ketindan", "VARNAME_4": "NA", "TYPE_4": "Desa", "ENGTYPE_4": "Village", "CC_4": "3507270011", "padi_mean": 0.35618357909101417, "jagung_mean": 0.35618357909101417, "cabai_mean": 0.5, "tomat_mean": 0.5, "kentang_mean": 0.5, "wortel_mean": 0.3996745877646064, "tebu_mean": 0.068390565549331053 }, "geometry": { "type": "MultiPolygon", "coordinates": [ [ [ [ 112.69, -7.8381 ], [ 112.685, -7.8388 ], [ 112.6786, -7.836 ], [ 112.6729, -7.8392 ], [ 112.6708, -7.8368 ], [ 112.6693, -7.8389 ], [ 112.6691, -7.8373 ], [ 112.6621, -7.8328 ], [ 112.6582, -7.8347 ], [ 112.6563, -7.8325 ], [ 112.6551, -7.8347 ], [ 112.6472, -7.8237 ], [ 112.6496, -7.8185 ], [ 112.6528, -7.818 ], [ 112.6782, -7.8298 ], [ 112.6831, -7.8286 ], [ 112.6861, -7.8301 ], [ 112.6888, -7.8286 ], [ 112.6904, -7.8309 ], [ 112.6907, -7.8352 ], [ 112.6886, -7.8357 ], [ 112.69, -7.8381 ] ] ] ] } },
{ "type": "Feature", "properties": { "fid": 401, "GID_4": "IDN.11.22.15.4_1", "GID_0": "IDN", "COUNTRY": "Indonesia", "GID_1": "IDN.11_1", "NAME_1": "JawaTimur", "GID_2": "IDN.11.22_1", "NAME_2": "Malang", "GID_3": "IDN.11.22.15_1", "NAME_3": "Lawang", "NAME_4": "Lawang", "VARNAME_4": "NA", "TYPE_4": "Desa", "ENGTYPE_4": "Village", "CC_4": "3507270010", "padi_mean": 0.5, "jagung_mean": 0.5, "cabai_mean": 0.5, "tomat_mean": 0.5, "kentang_mean": 0.5, "wortel_mean": 0.30000001192092901, "tebu_mean": 0.20898415758154798 }, "geometry": { "type": "MultiPolygon", "coordinates": [ [ [ [ 112.7069, -7.8475 ], [ 112.7016, -7.8425 ], [ 112.7018, -7.8409 ], [ 112.6991, -7.8402 ], [ 112.6959, -7.8422 ], [ 112.6926, -7.8405 ], [ 112.6922, -7.8384 ], [ 112.69, -7.8381 ], [ 112.6886, -7.8357 ], [ 112.6907, -7.8352 ], [ 112.6904, -7.8309 ], [ 112.6889, -7.8284 ], [ 112.6943, -7.8283 ], [ 112.6992, -7.8309 ], [ 112.7025, -7.8306 ], [ 112.705, -7.8377 ], [ 112.7114, -7.8433 ], [ 112.7089, -7.8482 ], [ 112.7069, -7.8475 ] ] ] ] } },
{ "type": "Feature", "properties": { "fid": 402, "GID_4": "IDN.11.22.15.5_1", "GID_0": "IDN", "COUNTRY": "Indonesia", "GID_1": "IDN.11_1", "NAME_1": "JawaTimur", "GID_2": "IDN.11.22_1", "NAME_2": "Malang", "GID_3": "IDN.11.22.15_1", "NAME_3": "Lawang", "NAME_4": "Mulyoarjo", "VARNAME_4": "NA", "TYPE_4": "Desa", "ENGTYPE_4": "Village", "CC_4": "3507270006", "padi_mean": 0.5, "jagung_mean": 0.5, "cabai_mean": 0.5, "tomat_mean": 0.5, "kentang_mean": 0.5, "wortel_mean": 0.35902634142116063, "tebu_mean": 0.097337527796079154 }, "geometry": { "type": "MultiPolygon", "coordinates": [ [ [ [ 112.7114, -7.8433 ], [ 112.705, -7.8377 ], [ 112.7025, -7.8306 ], [ 112.6983, -7.83 ], [ 112.7045, -7.8284 ], [ 112.7128, -7.8293 ], [ 112.7136, -7.8329 ], [ 112.7196, -7.8369 ], [ 112.7178, -7.8394 ], [ 112.72, -7.841 ], [ 112.7203, -7.844 ], [ 112.7156, -7.8448 ], [ 112.7114, -7.8433 ] ] ] ] } },
{ "type": "Feature", "properties": { "fid": 403, "GID_4": "IDN.11.22.15.6_1", "GID_0": "IDN", "COUNTRY": "Indonesia", "GID_1": "IDN.11_1", "NAME_1": "JawaTimur", "GID_2": "IDN.11.22_1", "NAME_2": "Malang", "GID_3": "IDN.11.22.15_1", "NAME_3": "Lawang", "NAME_4": "Sidodadi", "VARNAME_4": "NA", "TYPE_4": "Desa", "ENGTYPE_4": "Village", "CC_4": "3507270003", "padi_mean": 0.5, "jagung_mean": 0.5, "cabai_mean": 0.5, "tomat_mean": 0.5, "kentang_mean": 0.5, "wortel_mean": 0.30000001192092896, "tebu_mean": 0.078573144896525712 }, "geometry": { "type": "MultiPolygon", "coordinates": [ [ [ [ 112.7107, -7.8702 ], [ 112.7046, -7.8669 ], [ 112.7011, -7.8615 ], [ 112.6954, -7.8579 ], [ 112.6967, -7.8546 ], [ 112.6987, -7.8554 ], [ 112.7019, -7.8522 ], [ 112.7057, -7.8535 ], [ 112.7069, -7.8475 ], [ 112.7089, -7.8482 ], [ 112.7102, -7.8452 ], [ 112.7249, -7.8513 ], [ 112.7292, -7.8552 ], [ 112.7232, -7.8661 ], [ 112.7209, -7.8662 ], [ 112.7193, -7.8713 ], [ 112.7148, -7.8706 ], [ 112.7139, -7.8722 ], [ 112.7107, -7.8702 ] ] ] ] } },
{ "type": "Feature", "properties": { "fid": 404, "GID_4": "IDN.11.22.15.8_1", "GID_0": "IDN", "COUNTRY": "Indonesia", "GID_1": "IDN.11_1", "NAME_1": "JawaTimur", "GID_2": "IDN.11.22_1", "NAME_2": "Malang", "GID_3": "IDN.11.22.15_1", "NAME_3": "Lawang", "NAME_4": "Srigading", "VARNAME_4": "NA", "TYPE_4": "Desa", "ENGTYPE_4": "Village", "CC_4": "3507270002", "padi_mean": 0.41109602811572432, "jagung_mean": 0.41109602811572432, "cabai_mean": 0.5, "tomat_mean": 0.5, "kentang_mean": 0.5, "wortel_mean": 0.35926932356650737, "tebu_mean": 0.0 }, "geometry": { "type": "MultiPolygon", "coordinates": [ [ [ [ 112.7615, -7.875 ], [ 112.7559, -7.8753 ], [ 112.7531, -7.8735 ], [ 112.7438, -7.8721 ], [ 112.7305, -7.8741 ], [ 112.7267, -7.8765 ], [ 112.7219, -7.8761 ], [ 112.7176, -7.8817 ], [ 112.7154, -7.8817 ], [ 112.7153, -7.8793 ], [ 112.7132, -7.8789 ], [ 112.7157, -7.8744 ], [ 112.7137, -7.8724 ], [ 112.7148, -7.8706 ], [ 112.7193, -7.8713 ], [ 112.7209, -7.8662 ], [ 112.7232, -7.8661 ], [ 112.7269, -7.86 ], [ 112.7293, -7.855 ], [ 112.7297, -7.8489 ], [ 112.7366, -7.847 ], [ 112.7369, -7.8452 ], [ 112.7583, -7.8535 ], [ 112.7606, -7.8584 ], [ 112.7586, -7.8648 ], [ 112.7634, -7.8641 ], [ 112.7671, -7.8681 ], [ 112.7725, -7.8672 ], [ 112.7694, -7.8716 ], [ 112.7615, -7.875 ] ] ] ] } },
{ "type": "Feature", "properties": { "fid": 405, "GID_4": "IDN.11.22.15.9_1", "GID_0": "IDN", "COUNTRY": "Indonesia", "GID_1": "IDN.11_1", "NAME_1": "JawaTimur", "GID_2": "IDN.11.22_1", "NAME_2": "Malang", "GID_3": "IDN.11.22.15_1", "NAME_3": "Lawang", "NAME_4": "SumberNgepoh", "VARNAME_4": "NA", "TYPE_4": "Desa", "ENGTYPE_4": "Village", "CC_4": "3507270007", "padi_mean": 0.5, "jagung_mean": 0.5, "cabai_mean": 0.5, "tomat_mean": 0.5, "kentang_mean": 0.5, "wortel_mean": 0.42261511749562169, "tebu_mean": 0.12261510557469277 }, "geometry": { "type": "MultiPolygon", "coordinates": [ [ [ [ 112.7102, -7.8452 ], [ 112.7114, -7.8433 ], [ 112.7156, -7.8448 ], [ 112.7203, -7.844 ], [ 112.72, -7.841 ], [ 112.7178, -7.839 ], [ 112.7237, -7.8339 ], [ 112.7247, -7.83 ], [ 112.726, -7.8303 ], [ 112.7281, -7.8268 ], [ 112.7299, -7.8275 ], [ 112.7295, -7.819 ], [ 112.7335, -7.8184 ], [ 112.7336, -7.8242 ], [ 112.7368, -7.8276 ], [ 112.7352, -7.833 ], [ 112.7366, -7.8352 ], [ 112.7343, -7.8349 ], [ 112.7408, -7.846 ], [ 112.7369, -7.8452 ], [ 112.7366, -7.847 ], [ 112.7297, -7.8489 ], [ 112.7292, -7.8552 ], [ 112.7249, -7.8513 ], [ 112.7102, -7.8452 ] ] ] ] } },
{ "type": "Feature", "properties": { "fid": 406, "GID_4": "IDN.11.22.15.10_1", "GID_0": "IDN", "COUNTRY": "Indonesia", "GID_1": "IDN.11_1", "NAME_1": "JawaTimur", "GID_2": "IDN.11.22_1", "NAME_2": "Malang", "GID_3": "IDN.11.22.15_1", "NAME_3": "Lawang", "NAME_4": "SumberPorong", "VARNAME_4": "NA", "TYPE_4": "Desa", "ENGTYPE_4": "Village", "CC_4": "3507270008", "padi_mean": 0.5, "jagung_mean": 0.5, "cabai_mean": 0.5, "tomat_mean": 0.5, "kentang_mean": 0.5, "wortel_mean": 0.74304291673971101, "tebu_mean": 0.443042904818782 }, "geometry": { "type": "MultiPolygon", "coordinates": [ [ [ [ 112.7196, -7.8369 ], [ 112.7136, -7.8329 ], [ 112.7127, -7.8292 ], [ 112.7083, -7.8298 ], [ 112.7045, -7.828 ], [ 112.706, -7.8262 ], [ 112.7112, -7.8252 ], [ 112.7124, -7.8212 ], [ 112.715, -7.8221 ], [ 112.7194, -7.8194 ], [ 112.7242, -7.8202 ], [ 112.7289, -7.819 ], [ 112.7299, -7.8275 ], [ 112.7281, -7.8269 ], [ 112.726, -7.8303 ], [ 112.7247, -7.83 ], [ 112.7237, -7.8339 ], [ 112.7196, -7.8369 ] ] ] ] } },
{ "type": "Feature", "properties": { "fid": 407, "GID_4": "IDN.11.22.15.11_1", "GID_0": "IDN", "COUNTRY": "Indonesia", "GID_1": "IDN.11_1", "NAME_1": "JawaTimur", "GID_2": "IDN.11.22_1", "NAME_2": "Malang", "GID_3": "IDN.11.22.15_1", "NAME_3": "Lawang", "NAME_4": "Turirejo", "VARNAME_4": "NA", "TYPE_4": "Desa", "ENGTYPE_4": "Village", "CC_4": "3507270009", "padi_mean": 0.5, "jagung_mean": 0.5, "cabai_mean": 0.5, "tomat_mean": 0.5, "kentang_mean": 0.5, "wortel_mean": 0.30242383692902031, "tebu_mean": 0.0024238250080913953 }, "geometry": { "type": "MultiPolygon", "coordinates": [ [ [ [ 112.6888, -7.8286 ], [ 112.6855, -7.8299 ], [ 112.6854, -7.8222 ], [ 112.6797, -7.817 ], [ 112.6801, -7.8113 ], [ 112.6924, -7.8145 ], [ 112.6996, -7.814 ], [ 112.7011, -7.8171 ], [ 112.7055, -7.8183 ], [ 112.7055, -7.8228 ], [ 112.707, -7.8221 ], [ 112.707, -7.8234 ], [ 112.7105, -7.8246 ], [ 112.706, -7.8262 ], [ 112.7045, -7.8287 ], [ 112.698, -7.8305 ], [ 112.6943, -7.8283 ], [ 112.6888, -7.8286 ] ] ] ] } },
{ "type": "Feature", "properties": { "fid": 408, "GID_4": "IDN.11.22.16.2_1", "GID_0": "IDN", "COUNTRY": "Indonesia", "GID_1": "IDN.11_1", "NAME_1": "JawaTimur", "GID_2": "IDN.11.22_1", "NAME_2": "Malang", "GID_3": "IDN.11.22.16_1", "NAME_3": "Ngajum", "NAME_4": "Balesari", "VARNAME_4": "NA", "TYPE_4": "Desa", "ENGTYPE_4": "Village", "CC_4": "3507190008", "padi_mean": 0.22960721177809007, "jagung_mean": 0.22960721177809007, "cabai_mean": 0.4129944847764076, "tomat_mean": 0.4129944847764076, "kentang_mean": 0.58700551522359257, "wortel_mean": 0.56440941860513838, "tebu_mean": 0.00959511244684811 }, "geometry": { "type": "MultiPolygon", "coordinates": [ [ [ [ 112.478, -7.9736 ], [ 112.489, -7.9855 ], [ 112.4968, -7.9982 ], [ 112.4982, -8.0033 ], [ 112.5016, -8.0036 ], [ 112.5074, -8.0136 ], [ 112.5168, -8.0205 ], [ 112.5182, -8.0235 ], [ 112.5227, -8.0255 ], [ 112.5241, -8.0289 ], [ 112.5281, -8.03 ], [ 112.5346, -8.0427 ], [ 112.5427, -8.0491 ], [ 112.5473, -8.0617 ], [ 112.5435, -8.068 ], [ 112.5457, -8.0704 ], [ 112.5453, -8.0722 ], [ 112.5372, -8.0652 ], [ 112.5326, -8.0527 ], [ 112.5289, -8.0483 ], [ 112.5263, -8.0484 ], [ 112.5243, -8.0428 ], [ 112.5189, -8.044 ], [ 112.5174, -8.0467 ], [ 112.5127, -8.0444 ], [ 112.5109, -8.0362 ], [ 112.5013, -8.0324 ], [ 112.4981, -8.0255 ], [ 112.4874, -8.0173 ], [ 112.4866, -8.0135 ], [ 112.4801, -8.0041 ], [ 112.4815, -8.0005 ], [ 112.4771, -7.9812 ], [ 112.478, -7.9736 ] ] ] ] } },
{ "type": "Feature", "properties": { "fid": 409, "GID_4": "IDN.11.22.16.3_1", "GID_0": "IDN", "COUNTRY": "Indonesia", "GID_1": "IDN.11_1", "NAME_1": "JawaTimur", "GID_2": "IDN.11.22_1", "NAME_2": "Malang", "GID_3": "IDN.11.22.16_1", "NAME_3": "Ngajum", "NAME_4": "Banjarsari", "VARNAME_4": "NA", "TYPE_4": "Desa", "ENGTYPE_4": "Village", "CC_4": "3507190004", "padi_mean": 0.5, "jagung_mean": 0.82028537907557386, "cabai_mean": 0.5, "tomat_mean": 0.5, "kentang_mean": 0.5, "wortel_mean": 0.80000001192092896, "tebu_mean": 0.39217122851652697 }, "geometry": { "type": "MultiPolygon", "coordinates": [ [ [ [ 112.5702, -8.097 ], [ 112.5697, -8.1003 ], [ 112.5676, -8.0998 ], [ 112.5656, -8.1014 ], [ 112.5615, -8.0936 ], [ 112.5525, -8.0864 ], [ 112.5525, -8.0835 ], [ 112.5506, -8.0832 ], [ 112.5496, -8.0807 ], [ 112.5507, -8.0798 ], [ 112.5484, -8.0788 ], [ 112.5488, -8.0768 ], [ 112.5448, -8.0731 ], [ 112.5458, -8.0705 ], [ 112.5435, -8.068 ], [ 112.546, -8.0639 ], [ 112.5482, -8.0726 ], [ 112.5544, -8.0781 ], [ 112.5627, -8.0814 ], [ 112.5662, -8.0861 ], [ 112.5692, -8.087 ], [ 112.5702, -8.097 ] ] ] ] } },
{ "type": "Feature", "properties": { "fid": 410, "GID_4": "IDN.11.22.16.6_1", "GID_0": "IDN", "COUNTRY": "Indonesia", "GID_1": "IDN.11_1", "NAME_1": "JawaTimur", "GID_2": "IDN.11.22_1", "NAME_2": "Malang", "GID_3": "IDN.11.22.16_1", "NAME_3": "Ngajum", "NAME_4": "Maguan", "VARNAME_4": "NA", "TYPE_4": "Desa", "ENGTYPE_4": "Village", "CC_4": "3507190009", "padi_mean": 0.5, "jagung_mean": 0.5, "cabai_mean": 0.5, "tomat_mean": 0.5, "kentang_mean": 0.5, "wortel_mean": 0.80000001192092896, "tebu_mean": 0.0 }, "geometry": { "type": "MultiPolygon", "coordinates": [ [ [ [ 112.517, -8.0467 ], [ 112.5189, -8.044 ], [ 112.5242, -8.0427 ], [ 112.5263, -8.0484 ], [ 112.5289, -8.0483 ], [ 112.5326, -8.0527 ], [ 112.5357, -8.0629 ], [ 112.5408, -8.0672 ], [ 112.5373, -8.0683 ], [ 112.5388, -8.0704 ], [ 112.5389, -8.0793 ], [ 112.5356, -8.0789 ], [ 112.528, -8.0596 ], [ 112.5235, -8.0574 ], [ 112.5234, -8.0544 ], [ 112.517, -8.0467 ] ] ] ] } },
{ "type": "Feature", "properties": { "fid": 411, "GID_4": "IDN.11.22.16.7_1", "GID_0": "IDN", "COUNTRY": "Indonesia", "GID_1": "IDN.11_1", "NAME_1": "JawaTimur", "GID_2": "IDN.11.22_1", "NAME_2": "Malang", "GID_3": "IDN.11.22.16_1", "NAME_3": "Ngajum", "NAME_4": "Ngajum", "VARNAME_4": "NA", "TYPE_4": "Desa", "ENGTYPE_4": "Village", "CC_4": "3507190001", "padi_mean": 0.5, "jagung_mean": 0.81843076735732689, "cabai_mean": 0.5, "tomat_mean": 0.5, "kentang_mean": 0.5, "wortel_mean": 0.80000001192092896, "tebu_mean": 0.31843076735732684 }, "geometry": { "type": "MultiPolygon", "coordinates": [ [ [ [ 112.5371, -8.1224 ], [ 112.5339, -8.1249 ], [ 112.53, -8.123 ], [ 112.5304, -8.1157 ], [ 112.5277, -8.1116 ], [ 112.5267, -8.1015 ], [ 112.5351, -8.1018 ], [ 112.5359, -8.096 ], [ 112.5325, -8.0927 ], [ 112.5315, -8.0838 ], [ 112.5283, -8.0816 ], [ 112.5241, -8.0719 ], [ 112.5202, -8.0681 ], [ 112.5217, -8.0679 ], [ 112.5207, -8.0641 ], [ 112.5142, -8.0524 ], [ 112.5141, -8.0453 ], [ 112.5163, -8.0454 ], [ 112.5182, -8.0492 ], [ 112.5199, -8.0495 ], [ 112.524, -8.058 ], [ 112.528, -8.0596 ], [ 112.5356, -8.0789 ], [ 112.5389, -8.0793 ], [ 112.5421, -8.0872 ], [ 112.5455, -8.0891 ], [ 112.5467, -8.0955 ], [ 112.5488, -8.0966 ], [ 112.5454, -8.1018 ], [ 112.5456, -8.1073 ], [ 112.5438, -8.1102 ], [ 112.5461, -8.1151 ], [ 112.545, -8.118 ], [ 112.5401, -8.1187 ], [ 112.5371, -8.1224 ] ] ] ] } },
{ "type": "Feature", "properties": { "fid": 412, "GID_4": "IDN.11.22.16.8_1", "GID_0": "IDN", "COUNTRY": "Indonesia", "GID_1": "IDN.11_1", "NAME_1": "JawaTimur", "GID_2": "IDN.11.22_1", "NAME_2": "Malang", "GID_3": "IDN.11.22.16_1", "NAME_3": "Ngajum", "NAME_4": "Ngasem", "VARNAME_4": "NA", "TYPE_4": "Desa", "ENGTYPE_4": "Village", "CC_4": "3507190003", "padi_mean": 0.5, "jagung_mean": 0.87188774900075638, "cabai_mean": 0.5, "tomat_mean": 0.5, "kentang_mean": 0.5, "wortel_mean": 0.80000001192092884, "tebu_mean": 0.40473256918098066 }, "geometry": { "type": "MultiPolygon", "coordinates": [ [ [ [ 112.5656, -8.1014 ], [ 112.5542, -8.119 ], [ 112.5521, -8.1144 ], [ 112.5545, -8.11 ], [ 112.5521, -8.1084 ], [ 112.5528, -8.1012 ], [ 112.5467, -8.0955 ], [ 112.5454, -8.089 ], [ 112.5419, -8.0869 ], [ 112.5383, -8.0771 ], [ 112.5388, -8.0704 ], [ 112.5373, -8.0683 ], [ 112.5408, -8.0672 ], [ 112.542, -8.0703 ], [ 112.5469, -8.0742 ], [ 112.5489, -8.0769 ], [ 112.5484, -8.0788 ], [ 112.5507, -8.0798 ], [ 112.5496, -8.0807 ], [ 112.5506, -8.0832 ], [ 112.5525, -8.0835 ], [ 112.5525, -8.0864 ], [ 112.5615, -8.0936 ], [ 112.5656, -8.1014 ] ] ] ] } },
{ "type": "Feature", "properties": { "fid": 413, "GID_4": "IDN.11.22.16.9_1", "GID_0": "IDN", "COUNTRY": "Indonesia", "GID_1": "IDN.11_1", "NAME_1": "JawaTimur", "GID_2": "IDN.11.22_1", "NAME_2": "Malang", "GID_3": "IDN.11.22.16_1", "NAME_3": "Ngajum", "NAME_4": "Palaan", "VARNAME_4": "NA", "TYPE_4": "Desa", "ENGTYPE_4": "Village", "CC_4": "3507190002", "padi_mean": 0.5, "jagung_mean": 1.0, "cabai_mean": 0.5, "tomat_mean": 0.5, "kentang_mean": 0.5, "wortel_mean": 0.79901369984417792, "tebu_mean": 0.5 }, "geometry": { "type": "MultiPolygon", "coordinates": [ [ [ [ 112.5542, -8.119 ], [ 112.554, -8.1205 ], [ 112.5491, -8.1186 ], [ 112.5472, -8.1234 ], [ 112.5426, -8.1256 ], [ 112.5371, -8.1224 ], [ 112.5401, -8.1187 ], [ 112.545, -8.118 ], [ 112.5461, -8.1151 ], [ 112.5438, -8.1103 ], [ 112.5456, -8.1073 ], [ 112.5454, -8.1019 ], [ 112.549, -8.0976 ], [ 112.5528, -8.1012 ], [ 112.5521, -8.1084 ], [ 112.5545, -8.11 ], [ 112.5521, -8.1144 ], [ 112.5542, -8.119 ] ] ] ] } },
{ "type": "Feature", "properties": { "fid": 414, "GID_4": "IDN.11.22.17.1_1", "GID_0": "IDN", "COUNTRY": "Indonesia", "GID_1": "IDN.11_1", "NAME_1": "JawaTimur", "GID_2": "IDN.11.22_1", "NAME_2": "Malang", "GID_3": "IDN.11.22.17_1", "NAME_3": "Ngantang", "NAME_4": "Banjarejo", "VARNAME_4": "NA", "TYPE_4": "Desa", "ENGTYPE_4": "Village", "CC_4": "3507320003", "padi_mean": 0.1491811682987175, "jagung_mean": 0.1491811682987175, "cabai_mean": 0.37295291518936219, "tomat_mean": 0.42166234767073241, "kentang_mean": 0.62704708481063776, "wortel_mean": 0.45445467452656335, "tebu_mean": 0.0 }, "geometry": { "type": "MultiPolygon", "coordinates": [ [ [ [ 112.4375, -7.9142 ], [ 112.4339, -7.9183 ], [ 112.4223, -7.9155 ], [ 112.406, -7.9066 ], [ 112.3918, -7.9039 ], [ 112.3877, -7.9048 ], [ 112.3857, -7.9026 ], [ 112.3772, -7.9021 ], [ 112.3747, -7.8999 ], [ 112.374, -7.8967 ], [ 112.3733, -7.8989 ], [ 112.371, -7.8989 ], [ 112.3745, -7.887 ], [ 112.3714, -7.8855 ], [ 112.3702, -7.8805 ], [ 112.3731, -7.8829 ], [ 112.3773, -7.882 ], [ 112.3784, -7.8803 ], [ 112.3813, -7.881 ], [ 112.3803, -7.8836 ], [ 112.3783, -7.8842 ], [ 112.3796, -7.8855 ], [ 112.3776, -7.8875 ], [ 112.3783, -7.889 ], [ 112.3891, -7.8915 ], [ 112.4069, -7.9019 ], [ 112.4201, -7.9041 ], [ 112.4375, -7.9142 ] ] ] ] } },
{ "type": "Feature", "properties": { "fid": 415, "GID_4": "IDN.11.22.17.2_1", "GID_0": "IDN", "COUNTRY": "Indonesia", "GID_1": "IDN.11_1", "NAME_1": "JawaTimur", "GID_2": "IDN.11.22_1", "NAME_2": "Malang", "GID_3": "IDN.11.22.17_1", "NAME_3": "Ngantang", "NAME_4": "Banturejo", "VARNAME_4": "NA", "TYPE_4": "Desa", "ENGTYPE_4": "Village", "CC_4": "3507320006", "padi_mean": 0.30741602461366097, "jagung_mean": 0.20000000298023224, "cabai_mean": 0.5, "tomat_mean": 0.5, "kentang_mean": 0.5, "wortel_mean": 0.42838932246798855, "tebu_mean": 0.0 }, "geometry": { "type": "MultiPolygon", "coordinates": [ [ [ [ 112.3714, -7.8804 ], [ 112.3623, -7.8921 ], [ 112.3557, -7.8928 ], [ 112.3521, -7.8983 ], [ 112.3447, -7.8992 ], [ 112.3441, -7.8964 ], [ 112.3502, -7.8891 ], [ 112.3595, -7.8872 ], [ 112.3595, -7.8839 ], [ 112.3631, -7.8785 ], [ 112.36, -7.8716 ], [ 112.3632, -7.8614 ], [ 112.3677, -7.8647 ], [ 112.3716, -7.8651 ], [ 112.3736, -7.8712 ], [ 112.3721, -7.8748 ], [ 112.3699, -7.8757 ], [ 112.3731, -7.8811 ], [ 112.3714, -7.8804 ] ] ] ] } },
{ "type": "Feature", "properties": { "fid": 416, "GID_4": "IDN.11.22.17.3_1", "GID_0": "IDN", "COUNTRY": "Indonesia", "GID_1": "IDN.11_1", "NAME_1": "JawaTimur", "GID_2": "IDN.11.22_1", "NAME_2": "Malang", "GID_3": "IDN.11.22.17_1", "NAME_3": "Ngantang", "NAME_4": "Jombok", "VARNAME_4": "NA", "TYPE_4": "Desa", "ENGTYPE_4": "Village", "CC_4": "3507320013", "padi_mean": 0.36870159229679861, "jagung_mean": 0.36168927290131603, "cabai_mean": 0.5, "tomat_mean": 0.5, "kentang_mean": 0.5, "wortel_mean": 0.38753227937528811, "tebu_mean": 0.0 }, "geometry": { "type": "MultiPolygon", "coordinates": [ [ [ [ 112.3545, -7.8228 ], [ 112.3599, -7.815 ], [ 112.3695, -7.8081 ], [ 112.3725, -7.8082 ], [ 112.3747, -7.8105 ], [ 112.3834, -7.8028 ], [ 112.3891, -7.8072 ], [ 112.3921, -7.8062 ], [ 112.394, -7.8073 ], [ 112.3905, -7.813 ], [ 112.3942, -7.8144 ], [ 112.3941, -7.8184 ], [ 112.3817, -7.8192 ], [ 112.3782, -7.8219 ], [ 112.3748, -7.8307 ], [ 112.3718, -7.8305 ], [ 112.3634, -7.8241 ], [ 112.3601, -7.8247 ], [ 112.3574, -7.8376 ], [ 112.3528, -7.8344 ], [ 112.3563, -7.8286 ], [ 112.3545, -7.8228 ] ] ] ] } },
{ "type": "Feature", "properties": { "fid": 417, "GID_4": "IDN.11.22.17.4_1", "GID_0": "IDN", "COUNTRY": "Indonesia", "GID_1": "IDN.11_1", "NAME_1": "JawaTimur", "GID_2": "IDN.11.22_1", "NAME_2": "Malang", "GID_3": "IDN.11.22.17_1", "NAME_3": "Ngantang", "NAME_4": "Kaumrejo", "VARNAME_4": "NA", "TYPE_4": "Desa", "ENGTYPE_4": "Village", "CC_4": "3507320010", "padi_mean": 0.5, "jagung_mean": 0.20000000298023224, "cabai_mean": 0.5, "tomat_mean": 0.5, "kentang_mean": 0.5, "wortel_mean": 0.30000001192092896, "tebu_mean": 0.0 }, "geometry": { "type": "MultiPolygon", "coordinates": [ [ [ [ 112.352, -7.8488 ], [ 112.3464, -7.8468 ], [ 112.3434, -7.8428 ], [ 112.3484, -7.8389 ], [ 112.3514, -7.8394 ], [ 112.3528, -7.834 ], [ 112.3586, -7.8381 ], [ 112.3665, -7.8393 ], [ 112.3713, -7.8439 ], [ 112.3723, -7.8472 ], [ 112.3692, -7.8593 ], [ 112.365, -7.8625 ], [ 112.3618, -7.8607 ], [ 112.3541, -7.861 ], [ 112.3533, -7.8497 ], [ 112.352, -7.8488 ] ] ] ] } },
{ "type": "Feature", "properties": { "fid": 418, "GID_4": "IDN.11.22.17.5_1", "GID_0": "IDN", "COUNTRY": "Indonesia", "GID_1": "IDN.11_1", "NAME_1": "JawaTimur", "GID_2": "IDN.11.22_1", "NAME_2": "Malang", "GID_3": "IDN.11.22.17_1", "NAME_3": "Ngantang", "NAME_4": "Mulyorejo", "VARNAME_4": "NA", "TYPE_4": "Desa", "ENGTYPE_4": "Village", "CC_4": "3507320008", "padi_mean": 0.24386972276321398, "jagung_mean": 0.20000000298023221, "cabai_mean": 0.5, "tomat_mean": 0.5, "kentang_mean": 0.5, "wortel_mean": 0.47075352159736711, "tebu_mean": 0.0 }, "geometry": { "type": "MultiPolygon", "coordinates": [ [ [ [ 112.3813, -7.881 ], [ 112.3784, -7.8803 ], [ 112.3773, -7.882 ], [ 112.3726, -7.8827 ], [ 112.3715, -7.8795 ], [ 112.3723, -7.8807 ], [ 112.3731, -7.8809 ], [ 112.3699, -7.8773 ], [ 112.3736, -7.8712 ], [ 112.3716, -7.8651 ], [ 112.3677, -7.8647 ], [ 112.365, -7.8625 ], [ 112.3692, -7.8593 ], [ 112.3726, -7.8613 ], [ 112.3768, -7.8598 ], [ 112.3785, -7.8631 ], [ 112.3803, -7.8625 ], [ 112.3807, -7.864 ], [ 112.3908, -7.859 ], [ 112.395, -7.8588 ], [ 112.3947, -7.8625 ], [ 112.3822, -7.8706 ], [ 112.3838, -7.8724 ], [ 112.3938, -7.8663 ], [ 112.3962, -7.8769 ], [ 112.4013, -7.8772 ], [ 112.3958, -7.8788 ], [ 112.3934, -7.8766 ], [ 112.3878, -7.8782 ], [ 112.3863, -7.8812 ], [ 112.3813, -7.881 ] ] ] ] } },
{ "type": "Feature", "properties": { "fid": 419, "GID_4": "IDN.11.22.17.6_1", "GID_0": "IDN", "COUNTRY": "Indonesia", "GID_1": "IDN.11_1", "NAME_1": "JawaTimur", "GID_2": "IDN.11.22_1", "NAME_2": "Malang", "GID_3": "IDN.11.22.17_1", "NAME_3": "Ngantang", "NAME_4": "Ngantru", "VARNAME_4": "NA", "TYPE_4": "Desa", "ENGTYPE_4": "Village", "CC_4": "3507320005", "padi_mean": 0.20000000298023221, "jagung_mean": 0.17506209382385945, "cabai_mean": 0.5, "tomat_mean": 0.46259313719445028, "kentang_mean": 0.56234477196192234, "wortel_mean": 0.5, "tebu_mean": 0.0 }, "geometry": { "type": "MultiPolygon", "coordinates": [ [ [ [ 112.3347, -7.9383 ], [ 112.316, -7.9314 ], [ 112.3252, -7.928 ], [ 112.3326, -7.9219 ], [ 112.3355, -7.9164 ], [ 112.3374, -7.9163 ], [ 112.338, -7.9072 ], [ 112.3402, -7.9024 ], [ 112.3423, -7.9036 ], [ 112.3447, -7.8992 ], [ 112.3521, -7.8983 ], [ 112.3557, -7.8928 ], [ 112.3623, -7.8921 ], [ 112.3703, -7.8829 ], [ 112.3714, -7.8855 ], [ 112.3745, -7.887 ], [ 112.3729, -7.8889 ], [ 112.3725, -7.8969 ], [ 112.371, -7.8986 ], [ 112.3723, -7.8999 ], [ 112.3703, -7.9011 ], [ 112.3701, -7.905 ], [ 112.3664, -7.9064 ], [ 112.3606, -7.9145 ], [ 112.3544, -7.9162 ], [ 112.3513, -7.9197 ], [ 112.3491, -7.9195 ], [ 112.3411, -7.9347 ], [ 112.337, -7.9353 ], [ 112.3347, -7.9383 ] ] ] ] } },
{ "type": "Feature", "properties": { "fid": 420, "GID_4": "IDN.11.22.17.7_1", "GID_0": "IDN", "COUNTRY": "Indonesia", "GID_1": "IDN.11_1", "NAME_1": "JawaTimur", "GID_2": "IDN.11.22_1", "NAME_2": "Malang", "GID_3": "IDN.11.22.17_1", "NAME_3": "Ngantang", "NAME_4": "Pagersari", "VARNAME_4": "NA", "TYPE_4": "Desa", "ENGTYPE_4": "Village", "CC_4": "3507320001", "padi_mean": 0.20000000298023224, "jagung_mean": 0.20000000298023224, "cabai_mean": 0.5, "tomat_mean": 0.5, "kentang_mean": 0.5, "wortel_mean": 0.5, "tebu_mean": 0.0 }, "geometry": { "type": "MultiPolygon", "coordinates": [ [ [ [ 112.4103, -7.9346 ], [ 112.4031, -7.9346 ], [ 112.3848, -7.9483 ], [ 112.3777, -7.9501 ], [ 112.3737, -7.9537 ], [ 112.374, -7.9554 ], [ 112.3705, -7.9573 ], [ 112.3648, -7.9554 ], [ 112.3632, -7.9502 ], [ 112.3603, -7.9501 ], [ 112.3604, -7.948 ], [ 112.3482, -7.9464 ], [ 112.3433, -7.9436 ], [ 112.3413, -7.9394 ], [ 112.3347, -7.9383 ], [ 112.337, -7.9353 ], [ 112.3411, -7.9347 ], [ 112.3467, -7.9225 ], [ 112.3548, -7.9229 ], [ 112.3623, -7.9205 ], [ 112.365, -7.9223 ], [ 112.3661, -7.9198 ], [ 112.3702, -7.9192 ], [ 112.3722, -7.912 ], [ 112.3747, -7.915 ], [ 112.3734, -7.9169 ], [ 112.3837, -7.925 ], [ 112.4061, -7.9261 ], [ 112.4207, -7.9292 ], [ 112.4103, -7.9346 ] ], [ [ 112.3744, -7.9185 ], [ 112.3739, -7.9189 ], [ 112.3747, -7.9199 ], [ 112.3751, -7.9196 ], [ 112.3744, -7.9185 ] ] ] ] } },
{ "type": "Feature", "properties": { "fid": 421, "GID_4": "IDN.11.22.17.8_1", "GID_0": "IDN", "COUNTRY": "Indonesia", "GID_1": "IDN.11_1", "NAME_1": "JawaTimur", "GID_2": "IDN.11.22_1", "NAME_2": "Malang", "GID_3": "IDN.11.22.17_1", "NAME_3": "Ngantang", "NAME_4": "Pandansari", "VARNAME_4": "NA", "TYPE_4": "Desa", "ENGTYPE_4": "Village", "CC_4": "3507320007", "padi_mean": 0.28180738301812647, "jagung_mean": 0.18354389835760443, "cabai_mean": 0.5, "tomat_mean": 0.46345547550037236, "kentang_mean": 0.56090754143777477, "wortel_mean": 0.45863993667379405, "tebu_mean": 0.0052712750079263859 }, "geometry": { "type": "MultiPolygon", "coordinates": [ [ [ [ 112.316, -7.9314 ], [ 112.3066, -7.9293 ], [ 112.3106, -7.9264 ], [ 112.3138, -7.9205 ], [ 112.3125, -7.9028 ], [ 112.3178, -7.8956 ], [ 112.3234, -7.8919 ], [ 112.3226, -7.8898 ], [ 112.3259, -7.878 ], [ 112.3253, -7.8705 ], [ 112.3342, -7.8655 ], [ 112.3378, -7.8576 ], [ 112.347, -7.8542 ], [ 112.352, -7.8488 ], [ 112.3533, -7.8497 ], [ 112.3541, -7.861 ], [ 112.3632, -7.8614 ], [ 112.36, -7.8716 ], [ 112.3631, -7.8785 ], [ 112.3595, -7.8839 ], [ 112.3595, -7.8872 ], [ 112.3502, -7.8891 ], [ 112.3468, -7.8922 ], [ 112.3441, -7.8964 ], [ 112.3447, -7.8992 ], [ 112.3427, -7.9034 ], [ 112.3404, -7.9022 ], [ 112.3384, -7.9062 ], [ 112.3374, -7.9163 ], [ 112.3355, -7.9164 ], [ 112.3326, -7.9219 ], [ 112.3252, -7.928 ], [ 112.316, -7.9314 ] ] ] ] } },
{ "type": "Feature", "properties": { "fid": 422, "GID_4": "IDN.11.22.17.9_1", "GID_0": "IDN", "COUNTRY": "Indonesia", "GID_1": "IDN.11_1", "NAME_1": "JawaTimur", "GID_2": "IDN.11.22_1", "NAME_2": "Malang", "GID_3": "IDN.11.22.17_1", "NAME_3": "Ngantang", "NAME_4": "Purworejo", "VARNAME_4": "NA", "TYPE_4": "Desa", "ENGTYPE_4": "Village", "CC_4": "3507320004", "padi_mean": 0.13835199533086887, "jagung_mean": 0.13835199533086887, "cabai_mean": 0.34587998317315882, "tomat_mean": 0.40752799082252217, "kentang_mean": 0.65412001682684129, "wortel_mean": 0.43835199694377108, "tebu_mean": 0.0 }, "geometry": { "type": "MultiPolygon", "coordinates": [ [ [ [ 112.4431, -7.9109 ], [ 112.4375, -7.9142 ], [ 112.4201, -7.9041 ], [ 112.4114, -7.9033 ], [ 112.4042, -7.9009 ], [ 112.3891, -7.8915 ], [ 112.3783, -7.889 ], [ 112.3776, -7.8875 ], [ 112.3796, -7.8855 ], [ 112.3783, -7.8842 ], [ 112.3803, -7.8836 ], [ 112.3813, -7.881 ], [ 112.3863, -7.8812 ], [ 112.3878, -7.8782 ], [ 112.3934, -7.8766 ], [ 112.3958, -7.8788 ], [ 112.4021, -7.8765 ], [ 112.41, -7.8786 ], [ 112.4207, -7.8875 ], [ 112.4213, -7.8902 ], [ 112.4241, -7.8914 ], [ 112.4351, -7.9041 ], [ 112.4431, -7.9109 ] ] ] ] } },
{ "type": "Feature", "properties": { "fid": 423, "GID_4": "IDN.11.22.17.10_1", "GID_0": "IDN", "COUNTRY": "Indonesia", "GID_1": "IDN.11_1", "NAME_1": "JawaTimur", "GID_2": "IDN.11.22_1", "NAME_2": "Malang", "GID_3": "IDN.11.22.17_1", "NAME_3": "Ngantang", "NAME_4": "Sidodadi", "VARNAME_4": "NA", "TYPE_4": "Desa", "ENGTYPE_4": "Village", "CC_4": "3507320002", "padi_mean": 0.17509065869093848, "jagung_mean": 0.17509065869093848, "cabai_mean": 0.43772664020471092, "tomat_mean": 0.44065772307345724, "kentang_mean": 0.56227335979528925, "wortel_mean": 0.53003631029921183, "tebu_mean": 0.0 }, "geometry": { "type": "MultiPolygon", "coordinates": [ [ [ [ 112.3747, -7.9199 ], [ 112.3739, -7.9189 ], [ 112.3744, -7.9185 ], [ 112.375, -7.9197 ], [ 112.3747, -7.9199 ] ] ], [ [ [ 112.4242, -7.9252 ], [ 112.4207, -7.9292 ], [ 112.4061, -7.9261 ], [ 112.3837, -7.925 ], [ 112.3734, -7.9169 ], [ 112.3747, -7.915 ], [ 112.3722, -7.912 ], [ 112.3702, -7.9192 ], [ 112.3661, -7.9198 ], [ 112.365, -7.9223 ], [ 112.3623, -7.9205 ], [ 112.3548, -7.9229 ], [ 112.3467, -7.9225 ], [ 112.3491, -7.9195 ], [ 112.3539, -7.9181 ], [ 112.3544, -7.9162 ], [ 112.3563, -7.9167 ], [ 112.361, -7.9141 ], [ 112.3664, -7.9064 ], [ 112.3701, -7.905 ], [ 112.3703, -7.9011 ], [ 112.3733, -7.8989 ], [ 112.3736, -7.8966 ], [ 112.3772, -7.9021 ], [ 112.3857, -7.9026 ], [ 112.3877, -7.9048 ], [ 112.3918, -7.9039 ], [ 112.406, -7.9066 ], [ 112.4223, -7.9155 ], [ 112.4339, -7.9183 ], [ 112.4323, -7.9207 ], [ 112.4242, -7.9252 ] ] ] ] } },
{ "type": "Feature", "properties": { "fid": 424, "GID_4": "IDN.11.22.17.11_1", "GID_0": "IDN", "COUNTRY": "Indonesia", "GID_1": "IDN.11_1", "NAME_1": "JawaTimur", "GID_2": "IDN.11.22_1", "NAME_2": "Malang", "GID_3": "IDN.11.22.17_1", "NAME_3": "Ngantang", "NAME_4": "Sumberagung", "VARNAME_4": "NA", "TYPE_4": "Desa", "ENGTYPE_4": "Village", "CC_4": "3507320009", "padi_mean": 0.24002114941787778, "jagung_mean": 0.20000000298023227, "cabai_mean": 0.5, "tomat_mean": 0.5, "kentang_mean": 0.5, "wortel_mean": 0.47331923703348422, "tebu_mean": 0.0 }, "geometry": { "type": "MultiPolygon", "coordinates": [ [ [ [ 112.3692, -7.8593 ], [ 112.3722, -7.8477 ], [ 112.3868, -7.8449 ], [ 112.39, -7.8468 ], [ 112.3992, -7.843 ], [ 112.3997, -7.8478 ], [ 112.4039, -7.8485 ], [ 112.4, -7.856 ], [ 112.3966, -7.8541 ], [ 112.395, -7.8588 ], [ 112.3908, -7.859 ], [ 112.3824, -7.8636 ], [ 112.3789, -7.8634 ], [ 112.3768, -7.8598 ], [ 112.3726, -7.8613 ], [ 112.3692, -7.8593 ] ] ] ] } },
{ "type": "Feature", "properties": { "fid": 425, "GID_4": "IDN.11.22.17.12_1", "GID_0": "IDN", "COUNTRY": "Indonesia", "GID_1": "IDN.11_1", "NAME_1": "JawaTimur", "GID_2": "IDN.11.22_1", "NAME_2": "Malang", "GID_3": "IDN.11.22.17_1", "NAME_3": "Ngantang", "NAME_4": "Tulungrejo", "VARNAME_4": "NA", "TYPE_4": "Desa", "ENGTYPE_4": "Village", "CC_4": "3507320011", "padi_mean": 0.20986739253783626, "jagung_mean": 0.20000000298023224, "cabai_mean": 0.5, "tomat_mean": 0.5, "kentang_mean": 0.5, "wortel_mean": 0.49342174062167637, "tebu_mean": 0.0 }, "geometry": { "type": "MultiPolygon", "coordinates": [ [ [ [ 112.3817, -7.8192 ], [ 112.3941, -7.8184 ], [ 112.3942, -7.8144 ], [ 112.3905, -7.813 ], [ 112.3958, -7.8077 ], [ 112.3967, -7.811 ], [ 112.3995, -7.8128 ], [ 112.4003, -7.8177 ], [ 112.4044, -7.818 ], [ 112.4083, -7.8234 ], [ 112.4072, -7.8268 ], [ 112.4036, -7.8248 ], [ 112.402, -7.8261 ], [ 112.3973, -7.8234 ], [ 112.3962, -7.8274 ], [ 112.394, -7.8254 ], [ 112.3921, -7.8273 ], [ 112.3915, -7.8304 ], [ 112.3941, -7.831 ], [ 112.3912, -7.8331 ], [ 112.3949, -7.8338 ], [ 112.3962, -7.8375 ], [ 112.3998, -7.8389 ], [ 112.3997, -7.8427 ], [ 112.39, -7.8468 ], [ 112.3868, -7.8449 ], [ 112.3722, -7.8477 ], [ 112.3713, -7.8441 ], [ 112.3739, -7.8406 ], [ 112.3782, -7.8396 ], [ 112.3822, -7.8242 ], [ 112.3817, -7.8192 ] ] ] ] } },
{ "type": "Feature", "properties": { "fid": 426, "GID_4": "IDN.11.22.17.13_1", "GID_0": "IDN", "COUNTRY": "Indonesia", "GID_1": "IDN.11_1", "NAME_1": "JawaTimur", "GID_2": "IDN.11.22_1", "NAME_2": "Malang", "GID_3": "IDN.11.22.17_1", "NAME_3": "Ngantang", "NAME_4": "Waturejo", "VARNAME_4": "NA", "TYPE_4": "Desa", "ENGTYPE_4": "Village", "CC_4": "3507320012", "padi_mean": 0.41128135328125026, "jagung_mean": 0.29605786549057278, "cabai_mean": 0.5, "tomat_mean": 0.5, "kentang_mean": 0.5, "wortel_mean": 0.35914577346229348, "tebu_mean": 0.0 }, "geometry": { "type": "MultiPolygon", "coordinates": [ [ [ [ 112.3574, -7.8376 ], [ 112.3601, -7.8247 ], [ 112.3634, -7.8241 ], [ 112.3718, -7.8305 ], [ 112.3748, -7.8307 ], [ 112.3782, -7.8219 ], [ 112.3817, -7.8192 ], [ 112.3822, -7.8242 ], [ 112.3781, -7.8398 ], [ 112.3739, -7.8406 ], [ 112.3713, -7.8441 ], [ 112.3665, -7.8393 ], [ 112.3574, -7.8376 ] ] ] ] } },
{ "type": "Feature", "properties": { "fid": 427, "GID_4": "IDN.11.22.18.1_1", "GID_0": "IDN", "COUNTRY": "Indonesia", "GID_1": "IDN.11_1", "NAME_1": "JawaTimur", "GID_2": "IDN.11.22_1", "NAME_2": "Malang", "GID_3": "IDN.11.22.18_1", "NAME_3": "Pagak", "NAME_4": "Gampingan", "VARNAME_4": "NA", "TYPE_4": "Desa", "ENGTYPE_4": "Village", "CC_4": "3507030007", "padi_mean": 0.5, "jagung_mean": 0.94372886415652157, "cabai_mean": 0.5, "tomat_mean": 0.5, "kentang_mean": 0.5, "wortel_mean": 0.53376268284769546, "tebu_mean": 0.5 }, "geometry": { "type": "MultiPolygon", "coordinates": [ [ [ [ 112.5346, -8.183 ], [ 112.5375, -8.1838 ], [ 112.5424, -8.1802 ], [ 112.5502, -8.1833 ], [ 112.5513, -8.1851 ], [ 112.554, -8.1842 ], [ 112.5544, -8.1879 ], [ 112.5573, -8.1908 ], [ 112.5568, -8.1942 ], [ 112.553, -8.1971 ], [ 112.5491, -8.1974 ], [ 112.5486, -8.199 ], [ 112.5465, -8.1984 ], [ 112.5416, -8.2014 ], [ 112.54, -8.2062 ], [ 112.5252, -8.2185 ], [ 112.5206, -8.2163 ], [ 112.522, -8.2123 ], [ 112.5206, -8.2121 ], [ 112.5202, -8.208 ], [ 112.5158, -8.2082 ], [ 112.5154, -8.1971 ], [ 112.5123, -8.1911 ], [ 112.518, -8.1902 ], [ 112.5346, -8.183 ] ] ] ] } },
{ "type": "Feature", "properties": { "fid": 428, "GID_4": "IDN.11.22.18.2_1", "GID_0": "IDN", "COUNTRY": "Indonesia", "GID_1": "IDN.11_1", "NAME_1": "JawaTimur", "GID_2": "IDN.11.22_1", "NAME_2": "Malang", "GID_3": "IDN.11.22.18_1", "NAME_3": "Pagak", "NAME_4": "Pagak", "VARNAME_4": "NA", "TYPE_4": "Desa", "ENGTYPE_4": "Village", "CC_4": "3507030005", "padi_mean": 0.5, "jagung_mean": 0.5427317135373978, "cabai_mean": 0.5, "tomat_mean": 0.5, "kentang_mean": 0.5, "wortel_mean": 0.79981250286362815, "tebu_mean": 0.5 }, "geometry": { "type": "MultiPolygon", "coordinates": [ [ [ [ 112.5465, -8.235 ], [ 112.5457, -8.2377 ], [ 112.5481, -8.2453 ], [ 112.5419, -8.2499 ], [ 112.5388, -8.2495 ], [ 112.5385, -8.2631 ], [ 112.5403, -8.2648 ], [ 112.5449, -8.2636 ], [ 112.5507, -8.2649 ], [ 112.5529, -8.2658 ], [ 112.5529, -8.2682 ], [ 112.551, -8.2681 ], [ 112.5508, -8.2714 ], [ 112.5448, -8.272 ], [ 112.5443, -8.2672 ], [ 112.5315, -8.2695 ], [ 112.531, -8.2709 ], [ 112.5256, -8.2608 ], [ 112.5254, -8.2531 ], [ 112.5197, -8.2557 ], [ 112.5166, -8.2553 ], [ 112.5075, -8.2507 ], [ 112.5061, -8.246 ], [ 112.5083, -8.2432 ], [ 112.5082, -8.2374 ], [ 112.5055, -8.2364 ], [ 112.5044, -8.2337 ], [ 112.5014, -8.2334 ], [ 112.5006, -8.231 ], [ 112.4932, -8.2288 ], [ 112.4914, -8.2238 ], [ 112.4986, -8.2232 ], [ 112.4999, -8.2217 ], [ 112.4997, -8.218 ], [ 112.5066, -8.2172 ], [ 112.5102, -8.2152 ], [ 112.5158, -8.2082 ], [ 112.5202, -8.208 ], [ 112.5206, -8.2121 ], [ 112.522, -8.2123 ], [ 112.5206, -8.2164 ], [ 112.533, -8.2231 ], [ 112.5316, -8.2273 ], [ 112.536, -8.2321 ], [ 112.5385, -8.2325 ], [ 112.542, -8.2303 ], [ 112.5465, -8.235 ] ] ] ] } },
{ "type": "Feature", "properties": { "fid": 429, "GID_4": "IDN.11.22.18.3_1", "GID_0": "IDN", "COUNTRY": "Indonesia", "GID_1": "IDN.11_1", "NAME_1": "JawaTimur", "GID_2": "IDN.11.22_1", "NAME_2": "Malang", "GID_3": "IDN.11.22.18_1", "NAME_3": "Pagak", "NAME_4": "Pandanrejo", "VARNAME_4": "NA", "TYPE_4": "Desa", "ENGTYPE_4": "Village", "CC_4": "3507030002", "padi_mean": 0.5, "jagung_mean": 0.70252780576077323, "cabai_mean": 0.5, "tomat_mean": 0.5, "kentang_mean": 0.5, "wortel_mean": 0.80000001192092907, "tebu_mean": 0.5 }, "geometry": { "type": "MultiPolygon", "coordinates": [ [ [ [ 112.5305, -8.2933 ], [ 112.5239, -8.2924 ], [ 112.5122, -8.2945 ], [ 112.5074, -8.2936 ], [ 112.5056, -8.2956 ], [ 112.5067, -8.2988 ], [ 112.5047, -8.3026 ], [ 112.5062, -8.3047 ], [ 112.5032, -8.3134 ], [ 112.5051, -8.3142 ], [ 112.5021, -8.3191 ], [ 112.4981, -8.3152 ], [ 112.4997, -8.3124 ], [ 112.4981, -8.3096 ], [ 112.5036, -8.2901 ], [ 112.5032, -8.2829 ], [ 112.5102, -8.2835 ], [ 112.5116, -8.2805 ], [ 112.5312, -8.2848 ], [ 112.5356, -8.2911 ], [ 112.5305, -8.2933 ] ] ] ] } },
{ "type": "Feature", "properties": { "fid": 430, "GID_4": "IDN.11.22.18.4_1", "GID_0": "IDN", "COUNTRY": "Indonesia", "GID_1": "IDN.11_1", "NAME_1": "JawaTimur", "GID_2": "IDN.11.22_1", "NAME_2": "Malang", "GID_3": "IDN.11.22.18_1", "NAME_3": "Pagak", "NAME_4": "Sempol", "VARNAME_4": "NA", "TYPE_4": "Desa", "ENGTYPE_4": "Village", "CC_4": "3507030004", "padi_mean": 0.5, "jagung_mean": 0.5, "cabai_mean": 0.5, "tomat_mean": 0.5, "kentang_mean": 0.5, "wortel_mean": 0.80000001192092896, "tebu_mean": 0.5 }, "geometry": { "type": "MultiPolygon", "coordinates": [ [ [ [ 112.4862, -8.2825 ], [ 112.4849, -8.2794 ], [ 112.4868, -8.2718 ], [ 112.4846, -8.2715 ], [ 112.4854, -8.2672 ], [ 112.4884, -8.2632 ], [ 112.4886, -8.2582 ], [ 112.493, -8.2446 ], [ 112.4925, -8.2358 ], [ 112.4932, -8.2288 ], [ 112.4943, -8.2289 ], [ 112.5006, -8.231 ], [ 112.5014, -8.2334 ], [ 112.5044, -8.2337 ], [ 112.5055, -8.2364 ], [ 112.5082, -8.2374 ], [ 112.5083, -8.2432 ], [ 112.5061, -8.246 ], [ 112.5075, -8.2507 ], [ 112.5178, -8.2551 ], [ 112.5143, -8.2597 ], [ 112.5158, -8.265 ], [ 112.5157, -8.2746 ], [ 112.5102, -8.2835 ], [ 112.5032, -8.2829 ], [ 112.4996, -8.2846 ], [ 112.4918, -8.2823 ], [ 112.4862, -8.2825 ] ] ] ] } },
{ "type": "Feature", "properties": { "fid": 431, "GID_4": "IDN.11.22.18.5_1", "GID_0": "IDN", "COUNTRY": "Indonesia", "GID_1": "IDN.11_1", "NAME_1": "JawaTimur", "GID_2": "IDN.11.22_1", "NAME_2": "Malang", "GID_3": "IDN.11.22.18_1", "NAME_3": "Pagak", "NAME_4": "Sumberkerto", "VARNAME_4": "NA", "TYPE_4": "Desa", "ENGTYPE_4": "Village", "CC_4": "3507030003", "padi_mean": 0.5, "jagung_mean": 0.60628917738191712, "cabai_mean": 0.5, "tomat_mean": 0.5, "kentang_mean": 0.5, "wortel_mean": 0.79815071078011757, "tebu_mean": 0.5 }, "geometry": { "type": "MultiPolygon", "coordinates": [ [ [ [ 112.5463, -8.2926 ], [ 112.5305, -8.2933 ], [ 112.5356, -8.2911 ], [ 112.5316, -8.285 ], [ 112.5116, -8.2805 ], [ 112.5157, -8.2746 ], [ 112.5158, -8.265 ], [ 112.5143, -8.2597 ], [ 112.5167, -8.2554 ], [ 112.5208, -8.2555 ], [ 112.5254, -8.2531 ], [ 112.5256, -8.2608 ], [ 112.531, -8.2709 ], [ 112.5315, -8.2695 ], [ 112.5443, -8.2672 ], [ 112.5448, -8.272 ], [ 112.5508, -8.2714 ], [ 112.5509, -8.2795 ], [ 112.5474, -8.2804 ], [ 112.5463, -8.2926 ] ] ] ] } },
{ "type": "Feature", "properties": { "fid": 432, "GID_4": "IDN.11.22.18.6_1", "GID_0": "IDN", "COUNTRY": "Indonesia", "GID_1": "IDN.11_1", "NAME_1": "JawaTimur", "GID_2": "IDN.11.22_1", "NAME_2": "Malang", "GID_3": "IDN.11.22.18_1", "NAME_3": "Pagak", "NAME_4": "SumbermanjingKulon", "VARNAME_4": "NA", "TYPE_4": "Desa", "ENGTYPE_4": "Village", "CC_4": "3507030001", "padi_mean": 0.5, "jagung_mean": 0.89200192026318714, "cabai_mean": 0.5, "tomat_mean": 0.5, "kentang_mean": 0.5, "wortel_mean": 0.80000001192092896, "tebu_mean": 0.5 }, "geometry": { "type": "MultiPolygon", "coordinates": [ [ [ [ 112.5021, -8.3191 ], [ 112.5009, -8.3238 ], [ 112.4936, -8.3229 ], [ 112.4925, -8.3194 ], [ 112.4856, -8.3149 ], [ 112.486, -8.313 ], [ 112.4846, -8.3125 ], [ 112.486, -8.3108 ], [ 112.4728, -8.3089 ], [ 112.4671, -8.3003 ], [ 112.4671, -8.2967 ], [ 112.4734, -8.2947 ], [ 112.4767, -8.2905 ], [ 112.4815, -8.291 ], [ 112.4802, -8.2872 ], [ 112.4814, -8.2833 ], [ 112.4918, -8.2823 ], [ 112.4996, -8.2846 ], [ 112.5026, -8.2835 ], [ 112.5036, -8.2901 ], [ 112.4981, -8.3096 ], [ 112.4997, -8.3124 ], [ 112.4981, -8.3152 ], [ 112.5021, -8.3191 ] ] ] ] } },
{ "type": "Feature", "properties": { "fid": 433, "GID_4": "IDN.11.22.18.7_1", "GID_0": "IDN", "COUNTRY": "Indonesia", "GID_1": "IDN.11_1", "NAME_1": "JawaTimur", "GID_2": "IDN.11.22_1", "NAME_2": "Malang", "GID_3": "IDN.11.22.18_1", "NAME_3": "Pagak", "NAME_4": "Sumberrejo", "VARNAME_4": "NA", "TYPE_4": "Desa", "ENGTYPE_4": "Village", "CC_4": "3507030006", "padi_mean": 0.5, "jagung_mean": 0.86955629177064664, "cabai_mean": 0.5, "tomat_mean": 0.5, "kentang_mean": 0.5, "wortel_mean": 0.72523245848476736, "tebu_mean": 0.5 }, "geometry": { "type": "MultiPolygon", "coordinates": [ [ [ [ 112.5641, -8.2162 ], [ 112.5622, -8.2157 ], [ 112.5575, -8.2257 ], [ 112.5523, -8.233 ], [ 112.5488, -8.235 ], [ 112.5465, -8.235 ], [ 112.542, -8.2303 ], [ 112.5385, -8.2325 ], [ 112.5361, -8.2322 ], [ 112.5316, -8.2273 ], [ 112.533, -8.2232 ], [ 112.5292, -8.2221 ], [ 112.5299, -8.221 ], [ 112.5252, -8.2185 ], [ 112.54, -8.2062 ], [ 112.5416, -8.2014 ], [ 112.5564, -8.195 ], [ 112.5589, -8.1963 ], [ 112.559, -8.1988 ], [ 112.5591, -8.1968 ], [ 112.5609, -8.1963 ], [ 112.5625, -8.1995 ], [ 112.561, -8.2009 ], [ 112.5646, -8.2108 ], [ 112.5641, -8.2162 ] ] ] ] } },
{ "type": "Feature", "properties": { "fid": 434, "GID_4": "IDN.11.22.18.8_1", "GID_0": "IDN", "COUNTRY": "Indonesia", "GID_1": "IDN.11_1", "NAME_1": "JawaTimur", "GID_2": "IDN.11.22_1", "NAME_2": "Malang", "GID_3": "IDN.11.22.18_1", "NAME_3": "Pagak", "NAME_4": "Tlogorejo", "VARNAME_4": "NA", "TYPE_4": "Desa", "ENGTYPE_4": "Village", "CC_4": "3507030008", "padi_mean": 0.5, "jagung_mean": 0.82914174362607551, "cabai_mean": 0.5, "tomat_mean": 0.5, "kentang_mean": 0.5, "wortel_mean": 0.60251495789793308, "tebu_mean": 0.5 }, "geometry": { "type": "MultiPolygon", "coordinates": [ [ [ [ 112.4915, -8.2234 ], [ 112.4937, -8.2195 ], [ 112.4919, -8.2125 ], [ 112.4893, -8.21 ], [ 112.4871, -8.2027 ], [ 112.4883, -8.1978 ], [ 112.486, -8.1948 ], [ 112.4892, -8.1898 ], [ 112.4926, -8.1944 ], [ 112.5123, -8.1911 ], [ 112.5159, -8.2011 ], [ 112.5158, -8.2082 ], [ 112.5139, -8.2114 ], [ 112.5066, -8.2172 ], [ 112.4997, -8.218 ], [ 112.4999, -8.2217 ], [ 112.4986, -8.2232 ], [ 112.4915, -8.2234 ] ] ] ] } },
{ "type": "Feature", "properties": { "fid": 435, "GID_4": "IDN.11.22.19.1_1", "GID_0": "IDN", "COUNTRY": "Indonesia", "GID_1": "IDN.11_1", "NAME_1": "JawaTimur", "GID_2": "IDN.11.22_1", "NAME_2": "Malang", "GID_3": "IDN.11.22.19_1", "NAME_3": "Pagelaran", "NAME_4": "Balearjo", "VARNAME_4": "NA", "TYPE_4": "Desa", "ENGTYPE_4": "Village", "CC_4": "3507150002", "padi_mean": 0.5, "jagung_mean": 1.0, "cabai_mean": 0.5, "tomat_mean": 0.5, "kentang_mean": 0.5, "wortel_mean": 0.5, "tebu_mean": 0.5 }, "geometry": { "type": "MultiPolygon", "coordinates": [ [ [ [ 112.5733, -8.2058 ], [ 112.5704, -8.201 ], [ 112.564, -8.2002 ], [ 112.562, -8.198 ], [ 112.5614, -8.1961 ], [ 112.5629, -8.1979 ], [ 112.5624, -8.1958 ], [ 112.5656, -8.1892 ], [ 112.5707, -8.1917 ], [ 112.5729, -8.1892 ], [ 112.5763, -8.1904 ], [ 112.5779, -8.1913 ], [ 112.5775, -8.1944 ], [ 112.5834, -8.1953 ], [ 112.5817, -8.2019 ], [ 112.5752, -8.2034 ], [ 112.5733, -8.2058 ] ] ] ] } },
{ "type": "Feature", "properties": { "fid": 436, "GID_4": "IDN.11.22.19.2_1", "GID_0": "IDN", "COUNTRY": "Indonesia", "GID_1": "IDN.11_1", "NAME_1": "JawaTimur", "GID_2": "IDN.11.22_1", "NAME_2": "Malang", "GID_3": "IDN.11.22.19_1", "NAME_3": "Pagelaran", "NAME_4": "Banjarejo", "VARNAME_4": "NA", "TYPE_4": "Desa", "ENGTYPE_4": "Village", "CC_4": "3507150008", "padi_mean": 0.5, "jagung_mean": 1.0, "cabai_mean": 0.5, "tomat_mean": 0.5, "kentang_mean": 0.5, "wortel_mean": 0.5, "tebu_mean": 0.5 }, "geometry": { "type": "MultiPolygon", "coordinates": [ [ [ [ 112.6095, -8.1748 ], [ 112.6259, -8.18 ], [ 112.6307, -8.1832 ], [ 112.6349, -8.1831 ], [ 112.6373, -8.1869 ], [ 112.6263, -8.195 ], [ 112.6203, -8.1921 ], [ 112.6158, -8.1931 ], [ 112.6116, -8.191 ], [ 112.6121, -8.1897 ], [ 112.6034, -8.1866 ], [ 112.6038, -8.1835 ], [ 112.6084, -8.1811 ], [ 112.6095, -8.1748 ] ] ] ] } },
{ "type": "Feature", "properties": { "fid": 437, "GID_4": "IDN.11.22.19.3_1", "GID_0": "IDN", "COUNTRY": "Indonesia", "GID_1": "IDN.11_1", "NAME_1": "JawaTimur", "GID_2": "IDN.11.22_1", "NAME_2": "Malang", "GID_3": "IDN.11.22.19_1", "NAME_3": "Pagelaran", "NAME_4": "Brongkal", "VARNAME_4": "NA", "TYPE_4": "Desa", "ENGTYPE_4": "Village", "CC_4": "3507150009", "padi_mean": 0.5, "jagung_mean": 1.0, "cabai_mean": 0.5, "tomat_mean": 0.5, "kentang_mean": 0.5, "wortel_mean": 0.5, "tebu_mean": 0.5 }, "geometry": { "type": "MultiPolygon", "coordinates": [ [ [ [ 112.5709, -8.1736 ], [ 112.5858, -8.172 ], [ 112.592, -8.1677 ], [ 112.5971, -8.1716 ], [ 112.5963, -8.174 ], [ 112.6053, -8.1742 ], [ 112.6062, -8.1767 ], [ 112.6089, -8.1777 ], [ 112.6084, -8.1811 ], [ 112.6038, -8.1835 ], [ 112.6029, -8.1893 ], [ 112.6, -8.19 ], [ 112.5986, -8.196 ], [ 112.5966, -8.1944 ], [ 112.5975, -8.1926 ], [ 112.595, -8.1913 ], [ 112.5965, -8.1903 ], [ 112.5963, -8.187 ], [ 112.5913, -8.1838 ], [ 112.5913, -8.1821 ], [ 112.5853, -8.181 ], [ 112.5854, -8.1784 ], [ 112.5809, -8.18 ], [ 112.5755, -8.1785 ], [ 112.5703, -8.1756 ], [ 112.5709, -8.1736 ] ] ] ] } },
{ "type": "Feature", "properties": { "fid": 438, "GID_4": "IDN.11.22.19.4_1", "GID_0": "IDN", "COUNTRY": "Indonesia", "GID_1": "IDN.11_1", "NAME_1": "JawaTimur", "GID_2": "IDN.11.22_1", "NAME_2": "Malang", "GID_3": "IDN.11.22.19_1", "NAME_3": "Pagelaran", "NAME_4": "Clumprit", "VARNAME_4": "NA", "TYPE_4": "Desa", "ENGTYPE_4": "Village", "CC_4": "3507150005", "padi_mean": 0.5, "jagung_mean": 1.0, "cabai_mean": 0.5, "tomat_mean": 0.5, "kentang_mean": 0.5, "wortel_mean": 0.5, "tebu_mean": 0.5 }, "geometry": { "type": "MultiPolygon", "coordinates": [ [ [ [ 112.6053, -8.231 ], [ 112.6047, -8.2285 ], [ 112.602, -8.2274 ], [ 112.6016, -8.2245 ], [ 112.6072, -8.2231 ], [ 112.6081, -8.2248 ], [ 112.6081, -8.2233 ], [ 112.6149, -8.2212 ], [ 112.6147, -8.2192 ], [ 112.6172, -8.2199 ], [ 112.6179, -8.216 ], [ 112.6203, -8.2172 ], [ 112.6209, -8.2162 ], [ 112.6305, -8.2172 ], [ 112.6294, -8.2261 ], [ 112.6384, -8.2308 ], [ 112.6411, -8.2303 ], [ 112.6393, -8.2342 ], [ 112.6408, -8.2348 ], [ 112.6399, -8.2379 ], [ 112.6359, -8.2375 ], [ 112.6367, -8.2402 ], [ 112.6281, -8.2391 ], [ 112.6266, -8.2407 ], [ 112.6053, -8.231 ] ] ] ] } },
{ "type": "Feature", "properties": { "fid": 439, "GID_4": "IDN.11.22.19.5_1", "GID_0": "IDN", "COUNTRY": "Indonesia", "GID_1": "IDN.11_1", "NAME_1": "JawaTimur", "GID_2": "IDN.11.22_1", "NAME_2": "Malang", "GID_3": "IDN.11.22.19_1", "NAME_3": "Pagelaran", "NAME_4": "Kademangan", "VARNAME_4": "NA", "TYPE_4": "Desa", "ENGTYPE_4": "Village", "CC_4": "3507150003", "padi_mean": 0.5, "jagung_mean": 1.0, "cabai_mean": 0.5, "tomat_mean": 0.5, "kentang_mean": 0.5, "wortel_mean": 0.50998375471629742, "tebu_mean": 0.5 }, "geometry": { "type": "MultiPolygon", "coordinates": [ [ [ [ 112.5885, -8.2161 ], [ 112.5797, -8.21 ], [ 112.5765, -8.2102 ], [ 112.5733, -8.2058 ], [ 112.5752, -8.2034 ], [ 112.5817, -8.2019 ], [ 112.5843, -8.1978 ], [ 112.5917, -8.1996 ], [ 112.5942, -8.1971 ], [ 112.5956, -8.1975 ], [ 112.5969, -8.1946 ], [ 112.5984, -8.1952 ], [ 112.5996, -8.1989 ], [ 112.6041, -8.1984 ], [ 112.611, -8.2037 ], [ 112.6048, -8.2103 ], [ 112.6022, -8.2171 ], [ 112.6029, -8.2188 ], [ 112.6005, -8.2223 ], [ 112.5977, -8.2223 ], [ 112.596, -8.2195 ], [ 112.5885, -8.2161 ] ] ] ] } },
{ "type": "Feature", "properties": { "fid": 440, "GID_4": "IDN.11.22.19.6_1", "GID_0": "IDN", "COUNTRY": "Indonesia", "GID_1": "IDN.11_1", "NAME_1": "JawaTimur", "GID_2": "IDN.11.22_1", "NAME_2": "Malang", "GID_3": "IDN.11.22.19_1", "NAME_3": "Pagelaran", "NAME_4": "Kanigoro", "VARNAME_4": "NA", "TYPE_4": "Desa", "ENGTYPE_4": "Village", "CC_4": "3507150001", "padi_mean": 0.5, "jagung_mean": 1.0, "cabai_mean": 0.5, "tomat_mean": 0.5, "kentang_mean": 0.5, "wortel_mean": 0.5, "tebu_mean": 0.5 }, "geometry": { "type": "MultiPolygon", "coordinates": [ [ [ [ 112.5629, -8.1992 ], [ 112.562, -8.199 ], [ 112.5606, -8.1962 ], [ 112.5589, -8.1987 ], [ 112.5589, -8.1963 ], [ 112.5564, -8.195 ], [ 112.5573, -8.1908 ], [ 112.5544, -8.1879 ], [ 112.554, -8.1842 ], [ 112.5513, -8.1851 ], [ 112.55, -8.1833 ], [ 112.5521, -8.1829 ], [ 112.5531, -8.1804 ], [ 112.5567, -8.182 ], [ 112.5579, -8.1796 ], [ 112.5607, -8.1794 ], [ 112.5618, -8.1757 ], [ 112.5687, -8.1768 ], [ 112.5712, -8.1755 ], [ 112.5809, -8.18 ], [ 112.5854, -8.1784 ], [ 112.5853, -8.181 ], [ 112.5902, -8.1814 ], [ 112.5943, -8.1867 ], [ 112.5963, -8.187 ], [ 112.5965, -8.1903 ], [ 112.595, -8.1913 ], [ 112.5975, -8.1926 ], [ 112.597, -8.1944 ], [ 112.5956, -8.1975 ], [ 112.5942, -8.1971 ], [ 112.5917, -8.1996 ], [ 112.5833, -8.1981 ], [ 112.5834, -8.1953 ], [ 112.5775, -8.1944 ], [ 112.5779, -8.1913 ], [ 112.5729, -8.1892 ], [ 112.5707, -8.1917 ], [ 112.5656, -8.1892 ], [ 112.5624, -8.1958 ], [ 112.5629, -8.1979 ], [ 112.5614, -8.1961 ], [ 112.5629, -8.1992 ] ] ] ] } },
{ "type": "Feature", "properties": { "fid": 441, "GID_4": "IDN.11.22.19.7_1", "GID_0": "IDN", "COUNTRY": "Indonesia", "GID_1": "IDN.11_1", "NAME_1": "JawaTimur", "GID_2": "IDN.11.22_1", "NAME_2": "Malang", "GID_3": "IDN.11.22.19_1", "NAME_3": "Pagelaran", "NAME_4": "Karangsuko", "VARNAME_4": "NA", "TYPE_4": "Desa", "ENGTYPE_4": "Village", "CC_4": "3507150010", "padi_mean": 0.5, "jagung_mean": 1.0, "cabai_mean": 0.5, "tomat_mean": 0.5, "kentang_mean": 0.5, "wortel_mean": 0.5, "tebu_mean": 0.5 }, "geometry": { "type": "MultiPolygon", "coordinates": [ [ [ [ 112.5894, -8.1546 ], [ 112.612, -8.1662 ], [ 112.6106, -8.1691 ], [ 112.6121, -8.1707 ], [ 112.6089, -8.1777 ], [ 112.6062, -8.1767 ], [ 112.6053, -8.1742 ], [ 112.5963, -8.174 ], [ 112.5971, -8.1716 ], [ 112.5921, -8.1678 ], [ 112.5858, -8.172 ], [ 112.582, -8.1715 ], [ 112.5847, -8.1606 ], [ 112.588, -8.1614 ], [ 112.5894, -8.1546 ] ] ] ] } },
{ "type": "Feature", "properties": { "fid": 442, "GID_4": "IDN.11.22.19.8_1", "GID_0": "IDN", "COUNTRY": "Indonesia", "GID_1": "IDN.11_1", "NAME_1": "JawaTimur", "GID_2": "IDN.11.22_1", "NAME_2": "Malang", "GID_3": "IDN.11.22.19_1", "NAME_3": "Pagelaran", "NAME_4": "Pagelaran", "VARNAME_4": "NA", "TYPE_4": "Desa", "ENGTYPE_4": "Village", "CC_4": "3507150007", "padi_mean": 0.5, "jagung_mean": 1.0, "cabai_mean": 0.5, "tomat_mean": 0.5, "kentang_mean": 0.5, "wortel_mean": 0.5, "tebu_mean": 0.5 }, "geometry": { "type": "MultiPolygon", "coordinates": [ [ [ [ 112.6267, -8.1947 ], [ 112.6304, -8.1994 ], [ 112.6225, -8.2079 ], [ 112.6188, -8.206 ], [ 112.616, -8.2088 ], [ 112.609, -8.2059 ], [ 112.611, -8.2037 ], [ 112.6041, -8.1984 ], [ 112.6019, -8.1993 ], [ 112.5982, -8.1978 ], [ 112.6, -8.19 ], [ 112.6029, -8.1893 ], [ 112.6034, -8.1866 ], [ 112.6121, -8.1897 ], [ 112.6116, -8.191 ], [ 112.6158, -8.1931 ], [ 112.6203, -8.1921 ], [ 112.6267, -8.1947 ] ] ] ] } },
{ "type": "Feature", "properties": { "fid": 443, "GID_4": "IDN.11.22.19.9_1", "GID_0": "IDN", "COUNTRY": "Indonesia", "GID_1": "IDN.11_1", "NAME_1": "JawaTimur", "GID_2": "IDN.11.22_1", "NAME_2": "Malang", "GID_3": "IDN.11.22.19_1", "NAME_3": "Pagelaran", "NAME_4": "Sidorejo", "VARNAME_4": "NA", "TYPE_4": "Desa", "ENGTYPE_4": "Village", "CC_4": "3507150006", "padi_mean": 0.5, "jagung_mean": 1.0, "cabai_mean": 0.5, "tomat_mean": 0.5, "kentang_mean": 0.5, "wortel_mean": 0.5, "tebu_mean": 0.5 }, "geometry": { "type": "MultiPolygon", "coordinates": [ [ [ [ 112.6304, -8.1994 ], [ 112.6401, -8.2045 ], [ 112.6446, -8.2029 ], [ 112.6501, -8.2063 ], [ 112.6449, -8.2143 ], [ 112.6477, -8.2168 ], [ 112.6411, -8.2303 ], [ 112.6384, -8.2308 ], [ 112.6294, -8.2261 ], [ 112.6305, -8.2172 ], [ 112.621, -8.2169 ], [ 112.6203, -8.2151 ], [ 112.6217, -8.2089 ], [ 112.6304, -8.1994 ] ] ] ] } },
{ "type": "Feature", "properties": { "fid": 444, "GID_4": "IDN.11.22.19.10_1", "GID_0": "IDN", "COUNTRY": "Indonesia", "GID_1": "IDN.11_1", "NAME_1": "JawaTimur", "GID_2": "IDN.11.22_1", "NAME_2": "Malang", "GID_3": "IDN.11.22.19_1", "NAME_3": "Pagelaran", "NAME_4": "Suwaru", "VARNAME_4": "NA", "TYPE_4": "Desa", "ENGTYPE_4": "Village", "CC_4": "3507150004", "padi_mean": 0.5, "jagung_mean": 1.0, "cabai_mean": 0.5, "tomat_mean": 0.5, "kentang_mean": 0.5, "wortel_mean": 0.5, "tebu_mean": 0.5 }, "geometry": { "type": "MultiPolygon", "coordinates": [ [ [ [ 112.6014, -8.2247 ], [ 112.6005, -8.2221 ], [ 112.6029, -8.2188 ], [ 112.6022, -8.2171 ], [ 112.608, -8.2063 ], [ 112.616, -8.2088 ], [ 112.6188, -8.206 ], [ 112.6224, -8.2079 ], [ 112.6202, -8.2133 ], [ 112.6206, -8.217 ], [ 112.6177, -8.2161 ], [ 112.6172, -8.2199 ], [ 112.6147, -8.2192 ], [ 112.6149, -8.2212 ], [ 112.6081, -8.2233 ], [ 112.6081, -8.2248 ], [ 112.6072, -8.2231 ], [ 112.6014, -8.2247 ] ] ] ] } },
{ "type": "Feature", "properties": { "fid": 445, "GID_4": "IDN.11.22.21.12_1", "GID_0": "IDN", "COUNTRY": "Indonesia", "GID_1": "IDN.11_1", "NAME_1": "JawaTimur", "GID_2": "IDN.11.22_1", "NAME_2": "Malang", "GID_3": "IDN.11.22.21_1", "NAME_3": "Pakis", "NAME_4": "Sukoanyar", "VARNAME_4": "NA", "TYPE_4": "Desa", "ENGTYPE_4": "Village", "CC_4": "3507250007", "padi_mean": 0.5, "jagung_mean": 0.42439194642341266, "cabai_mean": 0.5, "tomat_mean": 0.5, "kentang_mean": 0.5, "wortel_mean": 0.67398658804145251, "tebu_mean": 0.0 }, "geometry": { "type": "MultiPolygon", "coordinates": [ [ [ [ 112.7582, -7.9768 ], [ 112.7575, -7.9816 ], [ 112.7549, -7.9818 ], [ 112.7592, -7.9857 ], [ 112.7568, -7.9884 ], [ 112.7502, -7.987 ], [ 112.7486, -7.9887 ], [ 112.7444, -7.9888 ], [ 112.7438, -7.9904 ], [ 112.7383, -7.9894 ], [ 112.7375, -7.9907 ], [ 112.7352, -7.9881 ], [ 112.7323, -7.9877 ], [ 112.7332, -7.9829 ], [ 112.7314, -7.9806 ], [ 112.7325, -7.9779 ], [ 112.7387, -7.9793 ], [ 112.7416, -7.9755 ], [ 112.7498, -7.9791 ], [ 112.7511, -7.9783 ], [ 112.7543, -7.9812 ], [ 112.7564, -7.9769 ], [ 112.7582, -7.9768 ] ] ] ] } },
{ "type": "Feature", "properties": { "fid": 446, "GID_4": "IDN.11.22.21.14_1", "GID_0": "IDN", "COUNTRY": "Indonesia", "GID_1": "IDN.11_1", "NAME_1": "JawaTimur", "GID_2": "IDN.11.22_1", "NAME_2": "Malang", "GID_3": "IDN.11.22.21_1", "NAME_3": "Pakis", "NAME_4": "Sumberpasir", "VARNAME_4": "NA", "TYPE_4": "Desa", "ENGTYPE_4": "Village", "CC_4": "3507250008", "padi_mean": 0.5, "jagung_mean": 0.5, "cabai_mean": 0.5, "tomat_mean": 0.5, "kentang_mean": 0.5, "wortel_mean": 0.80000001192092896, "tebu_mean": 0.0 }, "geometry": { "type": "MultiPolygon", "coordinates": [ [ [ [ 112.7451, -7.9601 ], [ 112.7473, -7.9663 ], [ 112.75, -7.9691 ], [ 112.749, -7.9712 ], [ 112.7432, -7.9707 ], [ 112.7424, -7.9723 ], [ 112.7429, -7.9739 ], [ 112.7471, -7.9755 ], [ 112.7464, -7.9769 ], [ 112.7406, -7.9755 ], [ 112.7387, -7.9793 ], [ 112.7325, -7.9779 ], [ 112.7313, -7.9817 ], [ 112.7252, -7.9808 ], [ 112.73, -7.9667 ], [ 112.7371, -7.9695 ], [ 112.7399, -7.9676 ], [ 112.738, -7.9626 ], [ 112.7351, -7.9623 ], [ 112.736, -7.9597 ], [ 112.7416, -7.961 ], [ 112.7423, -7.9591 ], [ 112.7438, -7.9607 ], [ 112.7451, -7.9601 ] ] ] ] } },
{ "type": "Feature", "properties": { "fid": 447, "GID_4": "IDN.11.22.20.2_1", "GID_0": "IDN", "COUNTRY": "Indonesia", "GID_1": "IDN.11_1", "NAME_1": "JawaTimur", "GID_2": "IDN.11.22_1", "NAME_2": "Malang", "GID_3": "IDN.11.22.20_1", "NAME_3": "Pakisaji", "NAME_4": "Glanggang", "VARNAME_4": "NA", "TYPE_4": "Desa", "ENGTYPE_4": "Village", "CC_4": "3507220003", "padi_mean": 0.5, "jagung_mean": 0.89085278607805629, "cabai_mean": 0.5, "tomat_mean": 0.5, "kentang_mean": 0.5, "wortel_mean": 0.80000001192092907, "tebu_mean": 0.5 }, "geometry": { "type": "MultiPolygon", "coordinates": [ [ [ [ 112.6053, -8.0898 ], [ 112.599, -8.0975 ], [ 112.5913, -8.0938 ], [ 112.59, -8.0962 ], [ 112.5883, -8.0954 ], [ 112.5928, -8.0875 ], [ 112.5954, -8.0778 ], [ 112.5973, -8.0763 ], [ 112.6014, -8.0794 ], [ 112.6022, -8.087 ], [ 112.6053, -8.0898 ] ] ] ] } },
{ "type": "Feature", "properties": { "fid": 448, "GID_4": "IDN.11.22.22.1_1", "GID_0": "IDN", "COUNTRY": "Indonesia", "GID_1": "IDN.11_1", "NAME_1": "JawaTimur", "GID_2": "IDN.11.22_1", "NAME_2": "Malang", "GID_3": "IDN.11.22.22_1", "NAME_3": "Poncokusumo", "NAME_4": "Argosuko", "VARNAME_4": "NA", "TYPE_4": "Desa", "ENGTYPE_4": "Village", "CC_4": "3507100008", "padi_mean": 0.5, "jagung_mean": 0.49925401070260889, "cabai_mean": 0.5, "tomat_mean": 0.5, "kentang_mean": 0.5, "wortel_mean": 0.7987566964129259, "tebu_mean": 0.0 }, "geometry": { "type": "MultiPolygon", "coordinates": [ [ [ [ 112.7512, -8.0401 ], [ 112.7427, -8.0394 ], [ 112.7412, -8.0377 ], [ 112.7277, -8.037 ], [ 112.7267, -8.0337 ], [ 112.7235, -8.0316 ], [ 112.7215, -8.0322 ], [ 112.7204, -8.027 ], [ 112.723, -8.0254 ], [ 112.725, -8.0263 ], [ 112.7297, -8.0208 ], [ 112.7388, -8.0294 ], [ 112.7448, -8.0298 ], [ 112.7456, -8.0287 ], [ 112.7485, -8.0309 ], [ 112.748, -8.0367 ], [ 112.7512, -8.0401 ] ] ] ] } },
{ "type": "Feature", "properties": { "fid": 449, "GID_4": "IDN.11.22.22.2_1", "GID_0": "IDN", "COUNTRY": "Indonesia", "GID_1": "IDN.11_1", "NAME_1": "JawaTimur", "GID_2": "IDN.11.22_1", "NAME_2": "Malang", "GID_3": "IDN.11.22.22_1", "NAME_3": "Poncokusumo", "NAME_4": "Belung", "VARNAME_4": "NA", "TYPE_4": "Desa", "ENGTYPE_4": "Village", "CC_4": "3507100012", "padi_mean": 0.49969921720393423, "jagung_mean": 0.20000000298023224, "cabai_mean": 0.5, "tomat_mean": 0.5, "kentang_mean": 0.5, "wortel_mean": 0.30000001192092896, "tebu_mean": 0.0 }, "geometry": { "type": "MultiPolygon", "coordinates": [ [ [ [ 112.7733, -8.0385 ], [ 112.7716, -8.0374 ], [ 112.7675, -8.0384 ], [ 112.7645, -8.0352 ], [ 112.7591, -8.0363 ], [ 112.7598, -8.0349 ], [ 112.7557, -8.0279 ], [ 112.7518, -8.0269 ], [ 112.7559, -8.0191 ], [ 112.7606, -8.0237 ], [ 112.7649, -8.025 ], [ 112.7651, -8.0236 ], [ 112.7685, -8.0237 ], [ 112.7734, -8.027 ], [ 112.7795, -8.0266 ], [ 112.7796, -8.0336 ], [ 112.7764, -8.0373 ], [ 112.7822, -8.0394 ], [ 112.7777, -8.0422 ], [ 112.7756, -8.0385 ], [ 112.7733, -8.0385 ] ] ] ] } },
{ "type": "Feature", "properties": { "fid": 450, "GID_4": "IDN.11.22.22.3_1", "GID_0": "IDN", "COUNTRY": "Indonesia", "GID_1": "IDN.11_1", "NAME_1": "JawaTimur", "GID_2": "IDN.11.22_1", "NAME_2": "Malang", "GID_3": "IDN.11.22.22_1", "NAME_3": "Poncokusumo", "NAME_4": "Dawuhan", "VARNAME_4": "NA", "TYPE_4": "Desa", "ENGTYPE_4": "Village", "CC_4": "3507100001", "padi_mean": 0.42868713104285111, "jagung_mean": 0.20189421409087346, "cabai_mean": 0.5, "tomat_mean": 0.5, "kentang_mean": 0.5, "wortel_mean": 0.30315703047002651, "tebu_mean": 0.0 }, "geometry": { "type": "MultiPolygon", "coordinates": [ [ [ [ 112.7489, -8.092 ], [ 112.7499, -8.0818 ], [ 112.7607, -8.0701 ], [ 112.7676, -8.0702 ], [ 112.7684, -8.069 ], [ 112.7708, -8.0761 ], [ 112.7743, -8.0796 ], [ 112.7772, -8.0803 ], [ 112.7751, -8.0834 ], [ 112.7842, -8.0846 ], [ 112.7813, -8.0939 ], [ 112.7853, -8.1036 ], [ 112.7773, -8.1119 ], [ 112.7674, -8.1109 ], [ 112.7673, -8.1069 ], [ 112.7639, -8.1045 ], [ 112.7564, -8.1081 ], [ 112.7534, -8.1052 ], [ 112.758, -8.1007 ], [ 112.7571, -8.0971 ], [ 112.7537, -8.0941 ], [ 112.7539, -8.0926 ], [ 112.7489, -8.092 ] ] ] ] } },
{ "type": "Feature", "properties": { "fid": 451, "GID_4": "IDN.11.22.22.4_1", "GID_0": "IDN", "COUNTRY": "Indonesia", "GID_1": "IDN.11_1", "NAME_1": "JawaTimur", "GID_2": "IDN.11.22_1", "NAME_2": "Malang", "GID_3": "IDN.11.22.22_1", "NAME_3": "Poncokusumo", "NAME_4": "Gubukklakah", "VARNAME_4": "NA", "TYPE_4": "Desa", "ENGTYPE_4": "Village", "CC_4": "3507100016", "padi_mean": 0.20000000298023227, "jagung_mean": 0.021570846638175961, "cabai_mean": 0.5, "tomat_mean": 0.23235627213391954, "kentang_mean": 0.94607288420813673, "wortel_mean": 0.5, "tebu_mean": 0.0 }, "geometry": { "type": "MultiPolygon", "coordinates": [ [ [ [ 112.845, -7.9879 ], [ 112.8485, -7.9928 ], [ 112.8547, -7.9966 ], [ 112.8637, -8.0099 ], [ 112.8617, -8.0138 ], [ 112.8569, -8.0136 ], [ 112.8548, -8.0166 ], [ 112.8475, -8.0181 ], [ 112.8482, -8.0211 ], [ 112.8451, -8.0236 ], [ 112.8445, -8.0219 ], [ 112.842, -8.0234 ], [ 112.8433, -8.0263 ], [ 112.8413, -8.0283 ], [ 112.8361, -8.0281 ], [ 112.8311, -8.0319 ], [ 112.8273, -8.0323 ], [ 112.8235, -8.0246 ], [ 112.8293, -8.0232 ], [ 112.8361, -8.0177 ], [ 112.8358, -8.0137 ], [ 112.8392, -8.0109 ], [ 112.8412, -8.0066 ], [ 112.8395, -8.0039 ], [ 112.8353, -8.002 ], [ 112.8384, -8.0003 ], [ 112.845, -7.9879 ] ] ] ] } },
{ "type": "Feature", "properties": { "fid": 452, "GID_4": "IDN.11.22.22.5_1", "GID_0": "IDN", "COUNTRY": "Indonesia", "GID_1": "IDN.11_1", "NAME_1": "JawaTimur", "GID_2": "IDN.11.22_1", "NAME_2": "Malang", "GID_3": "IDN.11.22.22_1", "NAME_3": "Poncokusumo", "NAME_4": "Jambesari", "VARNAME_4": "NA", "TYPE_4": "Desa", "ENGTYPE_4": "Village", "CC_4": "3507100006", "padi_mean": 0.5, "jagung_mean": 0.5, "cabai_mean": 0.5, "tomat_mean": 0.5, "kentang_mean": 0.5, "wortel_mean": 0.80000001192092896, "tebu_mean": 0.0 }, "geometry": { "type": "MultiPolygon", "coordinates": [ [ [ [ 112.7424, -8.0627 ], [ 112.7471, -8.0667 ], [ 112.7448, -8.0712 ], [ 112.7449, -8.079 ], [ 112.7419, -8.0859 ], [ 112.7385, -8.0831 ], [ 112.7384, -8.08 ], [ 112.73, -8.0776 ], [ 112.7312, -8.0706 ], [ 112.7289, -8.0698 ], [ 112.7295, -8.0654 ], [ 112.7282, -8.0612 ], [ 112.7294, -8.0588 ], [ 112.7319, -8.059 ], [ 112.7339, -8.0571 ], [ 112.7419, -8.0586 ], [ 112.7424, -8.0627 ] ] ] ] } },
{ "type": "Feature", "properties": { "fid": 453, "GID_4": "IDN.11.22.22.6_1", "GID_0": "IDN", "COUNTRY": "Indonesia", "GID_1": "IDN.11_1", "NAME_1": "JawaTimur", "GID_2": "IDN.11.22_1", "NAME_2": "Malang", "GID_3": "IDN.11.22.22_1", "NAME_3": "Poncokusumo", "NAME_4": "Karanganyar", "VARNAME_4": "NA", "TYPE_4": "Desa", "ENGTYPE_4": "Village", "CC_4": "3507100005", "padi_mean": 0.31749884197343398, "jagung_mean": 0.31749884197343398, "cabai_mean": 0.5, "tomat_mean": 0.5, "kentang_mean": 0.5, "wortel_mean": 0.49583141218834204, "tebu_mean": 0.0 }, "geometry": { "type": "MultiPolygon", "coordinates": [ [ [ [ 112.7684, -8.069 ], [ 112.7676, -8.0702 ], [ 112.7607, -8.0701 ], [ 112.7499, -8.0818 ], [ 112.7489, -8.092 ], [ 112.7428, -8.0903 ], [ 112.7419, -8.0859 ], [ 112.7449, -8.079 ], [ 112.7447, -8.0714 ], [ 112.7472, -8.0659 ], [ 112.7424, -8.0627 ], [ 112.7528, -8.0597 ], [ 112.764, -8.0598 ], [ 112.7634, -8.0614 ], [ 112.7647, -8.0618 ], [ 112.771, -8.0613 ], [ 112.7703, -8.0678 ], [ 112.7697, -8.0695 ], [ 112.7684, -8.069 ] ] ] ] } },
{ "type": "Feature", "properties": { "fid": 454, "GID_4": "IDN.11.22.22.7_1", "GID_0": "IDN", "COUNTRY": "Indonesia", "GID_1": "IDN.11_1", "NAME_1": "JawaTimur", "GID_2": "IDN.11.22_1", "NAME_2": "Malang", "GID_3": "IDN.11.22.22_1", "NAME_3": "Poncokusumo", "NAME_4": "Karangnongko", "VARNAME_4": "NA", "TYPE_4": "Desa", "ENGTYPE_4": "Village", "CC_4": "3507100010", "padi_mean": 0.22900816190563694, "jagung_mean": 0.2284055701412471, "cabai_mean": 0.5, "tomat_mean": 0.5, "kentang_mean": 0.5, "wortel_mean": 0.34734262432626029, "tebu_mean": 0.0 }, "geometry": { "type": "MultiPolygon", "coordinates": [ [ [ [ 112.7424, -8.0627 ], [ 112.742, -8.0588 ], [ 112.7401, -8.0576 ], [ 112.7498, -8.0552 ], [ 112.7496, -8.048 ], [ 112.7473, -8.0468 ], [ 112.7549, -8.0438 ], [ 112.7557, -8.041 ], [ 112.7746, -8.0452 ], [ 112.7783, -8.0479 ], [ 112.777, -8.0529 ], [ 112.7755, -8.0531 ], [ 112.777, -8.0552 ], [ 112.781, -8.0545 ], [ 112.7793, -8.0612 ], [ 112.7763, -8.0601 ], [ 112.7753, -8.0622 ], [ 112.7708, -8.0628 ], [ 112.771, -8.0613 ], [ 112.7634, -8.0614 ], [ 112.764, -8.0598 ], [ 112.7528, -8.0597 ], [ 112.7424, -8.0627 ] ] ] ] } },
{ "type": "Feature", "properties": { "fid": 455, "GID_4": "IDN.11.22.22.8_1", "GID_0": "IDN", "COUNTRY": "Indonesia", "GID_1": "IDN.11_1", "NAME_1": "JawaTimur", "GID_2": "IDN.11.22_1", "NAME_2": "Malang", "GID_3": "IDN.11.22.22_1", "NAME_3": "Poncokusumo", "NAME_4": "Ngadas", "VARNAME_4": "NA", "TYPE_4": "Desa", "ENGTYPE_4": "Village", "CC_4": "3507100017", "padi_mean": 0.085714286991528096, "jagung_mean": 0.21428571428571427, "cabai_mean": 0.14285714285714285, "tomat_mean": 0.085714286991528096, "kentang_mean": 0.77142856802259174, "wortel_mean": 0.5, "tebu_mean": 0.0 }, "geometry": { "type": "MultiPolygon", "coordinates": [ [ [ [ 112.9223, -8.032 ], [ 112.917, -8.0334 ], [ 112.9086, -8.0421 ], [ 112.9091, -8.0504 ], [ 112.9015, -8.0578 ], [ 112.8999, -8.0642 ], [ 112.901, -8.072 ], [ 112.9037, -8.0751 ], [ 112.9058, -8.0816 ], [ 112.9122, -8.082 ], [ 112.9164, -8.0859 ], [ 112.9232, -8.087 ], [ 112.9213, -8.0977 ], [ 112.9222, -8.1078 ], [ 112.9132, -8.1094 ], [ 112.8877, -8.1089 ], [ 112.8726, -8.1118 ], [ 112.8661, -8.1078 ], [ 112.834, -8.0961 ], [ 112.8203, -8.0992 ], [ 112.818, -8.102 ], [ 112.8114, -8.1041 ], [ 112.8075, -8.1073 ], [ 112.8127, -8.0987 ], [ 112.8189, -8.0969 ], [ 112.8267, -8.0867 ], [ 112.8324, -8.0849 ], [ 112.8326, -8.0824 ], [ 112.8357, -8.082 ], [ 112.8366, -8.0803 ], [ 112.8358, -8.0784 ], [ 112.8279, -8.0792 ], [ 112.8256, -8.0736 ], [ 112.8213, -8.0721 ], [ 112.8211, -8.0697 ], [ 112.8266, -8.0671 ], [ 112.8237, -8.0598 ], [ 112.8274, -8.0611 ], [ 112.8262, -8.0576 ], [ 112.8202, -8.0566 ], [ 112.8253, -8.0538 ], [ 112.8268, -8.0547 ], [ 112.84, -8.0515 ], [ 112.8426, -8.0478 ], [ 112.8388, -8.0394 ], [ 112.8438, -8.0416 ], [ 112.8487, -8.0368 ], [ 112.851, -8.0372 ], [ 112.8495, -8.032 ], [ 112.8436, -8.0279 ], [ 112.8413, -8.0283 ], [ 112.8433, -8.0263 ], [ 112.842, -8.0236 ], [ 112.8445, -8.0219 ], [ 112.8451, -8.0236 ], [ 112.8482, -8.0211 ], [ 112.8477, -8.018 ], [ 112.8548, -8.0166 ], [ 112.8569, -8.0136 ], [ 112.8617, -8.0138 ], [ 112.8638, -8.0085 ], [ 112.8543, -7.9961 ], [ 112.848, -7.9923 ], [ 112.845, -7.9879 ], [ 112.8454, -7.986 ], [ 112.8522, -7.9793 ], [ 112.8553, -7.9789 ], [ 112.8581, -7.9727 ], [ 112.8598, -7.9728 ], [ 112.8611, -7.9676 ], [ 112.8658, -7.9626 ], [ 112.8741, -7.9456 ], [ 112.882, -7.949 ], [ 112.8851, -7.9525 ], [ 112.8898, -7.9498 ], [ 112.8933, -7.9502 ], [ 112.8985, -7.9468 ], [ 112.9025, -7.9476 ], [ 112.909, -7.9536 ], [ 112.9118, -7.9542 ], [ 112.9153, -7.9513 ], [ 112.9201, -7.9543 ], [ 112.9353, -7.9562 ], [ 112.9289, -7.96 ], [ 112.9278, -7.9673 ], [ 112.9355, -7.9798 ], [ 112.9422, -7.9834 ], [ 112.9379, -7.9904 ], [ 112.9363, -8.0003 ], [ 112.934, -8.0009 ], [ 112.9279, -7.9968 ], [ 112.9266, -7.9981 ], [ 112.9262, -8.003 ], [ 112.9341, -8.0124 ], [ 112.9349, -8.0176 ], [ 112.9223, -8.032 ] ] ] ] } },
{ "type": "Feature", "properties": { "fid": 456, "GID_4": "IDN.11.22.22.9_1", "GID_0": "IDN", "COUNTRY": "Indonesia", "GID_1": "IDN.11_1", "NAME_1": "JawaTimur", "GID_2": "IDN.11.22_1", "NAME_2": "Malang", "GID_3": "IDN.11.22.22_1", "NAME_3": "Poncokusumo", "NAME_4": "Ngadireso", "VARNAME_4": "NA", "TYPE_4": "Desa", "ENGTYPE_4": "Village", "CC_4": "3507100004", "padi_mean": 0.21391413382554655, "jagung_mean": 0.20000000298023224, "cabai_mean": 0.5, "tomat_mean": 0.5, "kentang_mean": 0.5, "wortel_mean": 0.30056767391282502, "tebu_mean": 0.0 }, "geometry": { "type": "MultiPolygon", "coordinates": [ [ [ [ 112.7842, -8.0846 ], [ 112.7752, -8.0836 ], [ 112.7772, -8.0803 ], [ 112.7741, -8.0795 ], [ 112.7691, -8.0723 ], [ 112.7684, -8.069 ], [ 112.7697, -8.0695 ], [ 112.7708, -8.0654 ], [ 112.7696, -8.0645 ], [ 112.7717, -8.0624 ], [ 112.7753, -8.0622 ], [ 112.7763, -8.0601 ], [ 112.7806, -8.062 ], [ 112.7897, -8.0612 ], [ 112.7894, -8.0641 ], [ 112.7858, -8.0667 ], [ 112.788, -8.0756 ], [ 112.7873, -8.0785 ], [ 112.7933, -8.0842 ], [ 112.79, -8.0837 ], [ 112.7895, -8.0855 ], [ 112.7842, -8.0846 ] ] ] ] } },
{ "type": "Feature", "properties": { "fid": 457, "GID_4": "IDN.11.22.22.10_1", "GID_0": "IDN", "COUNTRY": "Indonesia", "GID_1": "IDN.11_1", "NAME_1": "JawaTimur", "GID_2": "IDN.11.22_1", "NAME_2": "Malang", "GID_3": "IDN.11.22.22_1", "NAME_3": "Poncokusumo", "NAME_4": "Ngebruk", "VARNAME_4": "NA", "TYPE_4": "Desa", "ENGTYPE_4": "Village", "CC_4": "3507100009", "padi_mean": 0.48997686662023643, "jagung_mean": 0.4863391646291938, "cabai_mean": 0.5, "tomat_mean": 0.5, "kentang_mean": 0.5, "wortel_mean": 0.77723195274340506, "tebu_mean": 0.0 }, "geometry": { "type": "MultiPolygon", "coordinates": [ [ [ [ 112.7283, -8.0372 ], [ 112.7412, -8.0377 ], [ 112.7427, -8.0394 ], [ 112.7557, -8.041 ], [ 112.7549, -8.0438 ], [ 112.7473, -8.0468 ], [ 112.7496, -8.048 ], [ 112.7498, -8.0552 ], [ 112.7401, -8.0578 ], [ 112.7334, -8.0571 ], [ 112.7291, -8.0603 ], [ 112.7244, -8.06 ], [ 112.7283, -8.0372 ] ] ] ] } },
{ "type": "Feature", "properties": { "fid": 458, "GID_4": "IDN.11.22.22.12_1", "GID_0": "IDN", "COUNTRY": "Indonesia", "GID_1": "IDN.11_1", "NAME_1": "JawaTimur", "GID_2": "IDN.11.22_1", "NAME_2": "Malang", "GID_3": "IDN.11.22.22_1", "NAME_3": "Poncokusumo", "NAME_4": "Pandansari", "VARNAME_4": "NA", "TYPE_4": "Desa", "ENGTYPE_4": "Village", "CC_4": "3507100003", "padi_mean": 0.20000000298023227, "jagung_mean": 0.20000000298023227, "cabai_mean": 0.5, "tomat_mean": 0.5, "kentang_mean": 0.5, "wortel_mean": 0.4782096045702226, "tebu_mean": 0.0 }, "geometry": { "type": "MultiPolygon", "coordinates": [ [ [ [ 112.8237, -8.0598 ], [ 112.8266, -8.0671 ], [ 112.8211, -8.0697 ], [ 112.8213, -8.0721 ], [ 112.8256, -8.0736 ], [ 112.8279, -8.0792 ], [ 112.8221, -8.0811 ], [ 112.8195, -8.0804 ], [ 112.8185, -8.0824 ], [ 112.8033, -8.0797 ], [ 112.7939, -8.0799 ], [ 112.793, -8.0835 ], [ 112.7873, -8.0785 ], [ 112.788, -8.0756 ], [ 112.7858, -8.0667 ], [ 112.7896, -8.0629 ], [ 112.7923, -8.0641 ], [ 112.8127, -8.062 ], [ 112.8204, -8.0584 ], [ 112.8237, -8.0598 ] ] ] ] } },
{ "type": "Feature", "properties": { "fid": 459, "GID_4": "IDN.11.22.22.13_1", "GID_0": "IDN", "COUNTRY": "Indonesia", "GID_1": "IDN.11_1", "NAME_1": "JawaTimur", "GID_2": "IDN.11.22_1", "NAME_2": "Malang", "GID_3": "IDN.11.22.22_1", "NAME_3": "Poncokusumo", "NAME_4": "Poncokusumo", "VARNAME_4": "NA", "TYPE_4": "Desa", "ENGTYPE_4": "Village", "CC_4": "3507100014", "padi_mean": 0.20000000298023229, "jagung_mean": 0.15303278490211919, "cabai_mean": 0.46409881320397472, "tomat_mean": 0.4295491746324957, "kentang_mean": 0.61741804344561757, "wortel_mean": 0.49834764658404684, "tebu_mean": 0.0 }, "geometry": { "type": "MultiPolygon", "coordinates": [ [ [ [ 112.8273, -8.0323 ], [ 112.8311, -8.0319 ], [ 112.8361, -8.0281 ], [ 112.843, -8.0277 ], [ 112.8495, -8.032 ], [ 112.8497, -8.0356 ], [ 112.8512, -8.0366 ], [ 112.8505, -8.038 ], [ 112.8487, -8.0368 ], [ 112.8438, -8.0416 ], [ 112.8388, -8.0394 ], [ 112.8426, -8.0478 ], [ 112.84, -8.0515 ], [ 112.8268, -8.0547 ], [ 112.8253, -8.0538 ], [ 112.8202, -8.0566 ], [ 112.8262, -8.0576 ], [ 112.8274, -8.0611 ], [ 112.8204, -8.0584 ], [ 112.8127, -8.062 ], [ 112.7923, -8.0641 ], [ 112.7894, -8.0631 ], [ 112.789, -8.0605 ], [ 112.7926, -8.0582 ], [ 112.7942, -8.0543 ], [ 112.7949, -8.0431 ], [ 112.7964, -8.0414 ], [ 112.7975, -8.042 ], [ 112.7981, -8.0401 ], [ 112.8037, -8.0406 ], [ 112.8053, -8.039 ], [ 112.8113, -8.0403 ], [ 112.812, -8.0375 ], [ 112.8143, -8.0382 ], [ 112.8161, -8.0422 ], [ 112.8168, -8.0398 ], [ 112.8208, -8.0387 ], [ 112.8218, -8.036 ], [ 112.8248, -8.037 ], [ 112.8249, -8.0334 ], [ 112.8273, -8.0323 ] ] ] ] } },
{ "type": "Feature", "properties": { "fid": 460, "GID_4": "IDN.11.22.22.14_1", "GID_0": "IDN", "COUNTRY": "Indonesia", "GID_1": "IDN.11_1", "NAME_1": "JawaTimur", "GID_2": "IDN.11.22_1", "NAME_2": "Malang", "GID_3": "IDN.11.22.22_1", "NAME_3": "Poncokusumo", "NAME_4": "Sumberejo", "VARNAME_4": "NA", "TYPE_4": "Desa", "ENGTYPE_4": "Village", "CC_4": "3507100002", "padi_mean": 0.28210742962932861, "jagung_mean": 0.19848396467165827, "cabai_mean": 0.49620990428504186, "tomat_mean": 0.4977259425936158, "kentang_mean": 0.50379009571495803, "wortel_mean": 0.44526171828614908, "tebu_mean": 0.0 }, "geometry": { "type": "MultiPolygon", "coordinates": [ [ [ [ 112.7773, -8.1119 ], [ 112.7853, -8.1036 ], [ 112.7813, -8.0939 ], [ 112.7842, -8.0846 ], [ 112.7895, -8.0855 ], [ 112.79, -8.0837 ], [ 112.7917, -8.0836 ], [ 112.7931, -8.0847 ], [ 112.7939, -8.0799 ], [ 112.8033, -8.0797 ], [ 112.8185, -8.0824 ], [ 112.8195, -8.0804 ], [ 112.8358, -8.0784 ], [ 112.8357, -8.082 ], [ 112.8327, -8.0823 ], [ 112.8324, -8.0849 ], [ 112.8267, -8.0867 ], [ 112.8189, -8.0969 ], [ 112.8127, -8.0987 ], [ 112.807, -8.1078 ], [ 112.8003, -8.1088 ], [ 112.7993, -8.1111 ], [ 112.7971, -8.1108 ], [ 112.7907, -8.1141 ], [ 112.7905, -8.1156 ], [ 112.7851, -8.1158 ], [ 112.7839, -8.118 ], [ 112.7817, -8.1184 ], [ 112.7793, -8.1168 ], [ 112.7773, -8.1119 ] ] ] ] } },
{ "type": "Feature", "properties": { "fid": 461, "GID_4": "IDN.11.22.22.15_1", "GID_0": "IDN", "COUNTRY": "Indonesia", "GID_1": "IDN.11_1", "NAME_1": "JawaTimur", "GID_2": "IDN.11.22_1", "NAME_2": "Malang", "GID_3": "IDN.11.22.22_1", "NAME_3": "Poncokusumo", "NAME_4": "Wonomulyo", "VARNAME_4": "NA", "TYPE_4": "Desa", "ENGTYPE_4": "Village", "CC_4": "3507100011", "padi_mean": 0.48288702940098366, "jagung_mean": 0.21878404830215703, "cabai_mean": 0.5, "tomat_mean": 0.5, "kentang_mean": 0.5, "wortel_mean": 0.33130675443514152, "tebu_mean": 0.0 }, "geometry": { "type": "MultiPolygon", "coordinates": [ [ [ [ 112.7512, -8.0401 ], [ 112.748, -8.0367 ], [ 112.7479, -8.0337 ], [ 112.7516, -8.0267 ], [ 112.7557, -8.0279 ], [ 112.7598, -8.0349 ], [ 112.7592, -8.0364 ], [ 112.7645, -8.0352 ], [ 112.7675, -8.0384 ], [ 112.7716, -8.0374 ], [ 112.7733, -8.0392 ], [ 112.7729, -8.042 ], [ 112.7704, -8.0412 ], [ 112.7701, -8.0447 ], [ 112.7656, -8.0425 ], [ 112.7512, -8.0401 ] ] ] ] } },
{ "type": "Feature", "properties": { "fid": 462, "GID_4": "IDN.11.22.22.16_1", "GID_0": "IDN", "COUNTRY": "Indonesia", "GID_1": "IDN.11_1", "NAME_1": "JawaTimur", "GID_2": "IDN.11.22_1", "NAME_2": "Malang", "GID_3": "IDN.11.22.22_1", "NAME_3": "Poncokusumo", "NAME_4": "Wonorejo", "VARNAME_4": "NA", "TYPE_4": "Desa", "ENGTYPE_4": "Village", "CC_4": "3507100013", "padi_mean": 0.22052077678289847, "jagung_mean": 0.20000000298023227, "cabai_mean": 0.5, "tomat_mean": 0.5, "kentang_mean": 0.5, "wortel_mean": 0.32556564096152957, "tebu_mean": 0.0 }, "geometry": { "type": "MultiPolygon", "coordinates": [ [ [ [ 112.7756, -8.0385 ], [ 112.7777, -8.0422 ], [ 112.7822, -8.0394 ], [ 112.7869, -8.0418 ], [ 112.7908, -8.0397 ], [ 112.7929, -8.0424 ], [ 112.7964, -8.041 ], [ 112.7926, -8.0582 ], [ 112.7864, -8.0622 ], [ 112.7793, -8.0612 ], [ 112.781, -8.0545 ], [ 112.777, -8.0552 ], [ 112.7755, -8.0531 ], [ 112.777, -8.0529 ], [ 112.7783, -8.0479 ], [ 112.7746, -8.0452 ], [ 112.7702, -8.0444 ], [ 112.7704, -8.0412 ], [ 112.7729, -8.042 ], [ 112.7737, -8.0384 ], [ 112.7756, -8.0385 ] ] ], [ [ [ 112.7816, -8.0386 ], [ 112.7819, -8.039 ], [ 112.7815, -8.0386 ], [ 112.7816, -8.0386 ] ] ] ] } },
{ "type": "Feature", "properties": { "fid": 463, "GID_4": "IDN.11.22.22.17_1", "GID_0": "IDN", "COUNTRY": "Indonesia", "GID_1": "IDN.11_1", "NAME_1": "JawaTimur", "GID_2": "IDN.11.22_1", "NAME_2": "Malang", "GID_3": "IDN.11.22.22_1", "NAME_3": "Poncokusumo", "NAME_4": "Wringinanom", "VARNAME_4": "NA", "TYPE_4": "Desa", "ENGTYPE_4": "Village", "CC_4": "3507100015", "padi_mean": 0.27131481788465622, "jagung_mean": 0.20000000298023227, "cabai_mean": 0.5, "tomat_mean": 0.5, "kentang_mean": 0.5, "wortel_mean": 0.45244611782905958, "tebu_mean": 0.0 }, "geometry": { "type": "MultiPolygon", "coordinates": [ [ [ [ 112.7816, -8.0386 ], [ 112.7793, -8.0391 ], [ 112.7796, -8.0378 ], [ 112.7764, -8.0373 ], [ 112.7792, -8.0348 ], [ 112.7818, -8.0285 ], [ 112.7853, -8.0294 ], [ 112.7852, -8.0307 ], [ 112.7893, -8.0276 ], [ 112.7909, -8.0297 ], [ 112.7977, -8.0263 ], [ 112.8008, -8.0278 ], [ 112.805, -8.0264 ], [ 112.8184, -8.0264 ], [ 112.8235, -8.0246 ], [ 112.8248, -8.0295 ], [ 112.8273, -8.0319 ], [ 112.8249, -8.0334 ], [ 112.8248, -8.037 ], [ 112.8218, -8.036 ], [ 112.8208, -8.0387 ], [ 112.8168, -8.0398 ], [ 112.8161, -8.0422 ], [ 112.8143, -8.0382 ], [ 112.812, -8.0375 ], [ 112.8113, -8.0403 ], [ 112.8053, -8.039 ], [ 112.8037, -8.0406 ], [ 112.7981, -8.0401 ], [ 112.7975, -8.042 ], [ 112.7952, -8.0406 ], [ 112.7929, -8.0424 ], [ 112.7908, -8.0397 ], [ 112.7869, -8.0418 ], [ 112.7816, -8.0386 ] ] ] ] } },
{ "type": "Feature", "properties": { "fid": 464, "GID_4": "IDN.11.22.23.1_1", "GID_0": "IDN", "COUNTRY": "Indonesia", "GID_1": "IDN.11_1", "NAME_1": "JawaTimur", "GID_2": "IDN.11.22_1", "NAME_2": "Malang", "GID_3": "IDN.11.22.23_1", "NAME_3": "Pujon", "NAME_4": "Bendosari", "VARNAME_4": "NA", "TYPE_4": "Desa", "ENGTYPE_4": "Village", "CC_4": "3507310001", "padi_mean": 0.079037061024735525, "jagung_mean": 0.079037061024735525, "cabai_mean": 0.19759264961747885, "tomat_mean": 0.31855559157297558, "kentang_mean": 0.85778359126891357, "wortel_mean": 0.37903706705694462, "tebu_mean": 0.0 }, "geometry": { "type": "MultiPolygon", "coordinates": [ [ [ [ 112.4461, -7.911 ], [ 112.4431, -7.9109 ], [ 112.438, -7.907 ], [ 112.4243, -7.8916 ], [ 112.4213, -7.8902 ], [ 112.4207, -7.8875 ], [ 112.41, -7.8786 ], [ 112.4046, -7.8761 ], [ 112.4054, -7.87 ], [ 112.4085, -7.8681 ], [ 112.4107, -7.8688 ], [ 112.4116, -7.8672 ], [ 112.4154, -7.8685 ], [ 112.4183, -7.8573 ], [ 112.4227, -7.8566 ], [ 112.4263, -7.8588 ], [ 112.4274, -7.8618 ], [ 112.4333, -7.8635 ], [ 112.4331, -7.8669 ], [ 112.4424, -7.8703 ], [ 112.4448, -7.8813 ], [ 112.4448, -7.8935 ], [ 112.4467, -7.8986 ], [ 112.4461, -7.911 ] ] ] ] } },
{ "type": "Feature", "properties": { "fid": 465, "GID_4": "IDN.11.22.23.3_1", "GID_0": "IDN", "COUNTRY": "Indonesia", "GID_1": "IDN.11_1", "NAME_1": "JawaTimur", "GID_2": "IDN.11.22_1", "NAME_2": "Malang", "GID_3": "IDN.11.22.23_1", "NAME_3": "Pujon", "NAME_4": "Ngabab", "VARNAME_4": "NA", "TYPE_4": "Desa", "ENGTYPE_4": "Village", "CC_4": "3507310007", "padi_mean": 0.20000000298023224, "jagung_mean": 0.096672568019389823, "cabai_mean": 0.5, "tomat_mean": 0.34500885140798321, "kentang_mean": 0.85006820462808574, "wortel_mean": 0.5, "tebu_mean": 0.0 }, "geometry": { "type": "MultiPolygon", "coordinates": [ [ [ [ 112.4519, -7.837 ], [ 112.4524, -7.8384 ], [ 112.4466, -7.8452 ], [ 112.4486, -7.8509 ], [ 112.4407, -7.8488 ], [ 112.4337, -7.8439 ], [ 112.4313, -7.8475 ], [ 112.4293, -7.8474 ], [ 112.4219, -7.8404 ], [ 112.421, -7.8373 ], [ 112.4226, -7.8355 ], [ 112.4192, -7.8337 ], [ 112.4195, -7.8299 ], [ 112.4176, -7.8273 ], [ 112.4191, -7.8256 ], [ 112.4186, -7.8223 ], [ 112.4122, -7.8089 ], [ 112.4149, -7.8083 ], [ 112.4167, -7.8111 ], [ 112.4182, -7.8082 ], [ 112.4258, -7.8086 ], [ 112.4267, -7.8058 ], [ 112.4295, -7.8172 ], [ 112.4327, -7.819 ], [ 112.432, -7.8235 ], [ 112.4515, -7.8325 ], [ 112.4519, -7.837 ] ] ] ] } },
{ "type": "Feature", "properties": { "fid": 466, "GID_4": "IDN.11.22.24.1_1", "GID_0": "IDN", "COUNTRY": "Indonesia", "GID_1": "IDN.11_1", "NAME_1": "JawaTimur", "GID_2": "IDN.11.22_1", "NAME_2": "Malang", "GID_3": "IDN.11.22.24_1", "NAME_3": "Singosari", "NAME_4": "Ardimulyo", "VARNAME_4": "NA", "TYPE_4": "Desa", "ENGTYPE_4": "Village", "CC_4": "3507280015", "padi_mean": 0.5, "jagung_mean": 0.5, "cabai_mean": 0.5, "tomat_mean": 0.5, "kentang_mean": 0.5, "wortel_mean": 0.65697707700312691, "tebu_mean": 0.25565213633724249 }, "geometry": { "type": "MultiPolygon", "coordinates": [ [ [ [ 112.6956, -7.8814 ], [ 112.6952, -7.8912 ], [ 112.6891, -7.888 ], [ 112.6882, -7.889 ], [ 112.6885, -7.8858 ], [ 112.6841, -7.8834 ], [ 112.6798, -7.8867 ], [ 112.6759, -7.8863 ], [ 112.6713, -7.883 ], [ 112.6698, -7.8735 ], [ 112.6645, -7.8697 ], [ 112.6635, -7.8704 ], [ 112.6639, -7.8684 ], [ 112.6617, -7.8667 ], [ 112.6609, -7.8676 ], [ 112.6583, -7.8628 ], [ 112.6655, -7.8597 ], [ 112.669, -7.8669 ], [ 112.6758, -7.8734 ], [ 112.6779, -7.8733 ], [ 112.679, -7.8708 ], [ 112.6813, -7.871 ], [ 112.6881, -7.8779 ], [ 112.6956, -7.8814 ] ] ] ] } },
{ "type": "Feature", "properties": { "fid": 467, "GID_4": "IDN.11.22.24.12_1", "GID_0": "IDN", "COUNTRY": "Indonesia", "GID_1": "IDN.11_1", "NAME_1": "JawaTimur", "GID_2": "IDN.11.22_1", "NAME_2": "Malang", "GID_3": "IDN.11.22.24_1", "NAME_3": "Singosari", "NAME_4": "Randuagung", "VARNAME_4": "NA", "TYPE_4": "Desa", "ENGTYPE_4": "Village", "CC_4": "3507280016", "padi_mean": 0.5, "jagung_mean": 0.5, "cabai_mean": 0.5, "tomat_mean": 0.5, "kentang_mean": 0.5, "wortel_mean": 0.38272826938191629, "tebu_mean": 0.29689198217345009 }, "geometry": { "type": "MultiPolygon", "coordinates": [ [ [ [ 112.6667, -7.8474 ], [ 112.6719, -7.852 ], [ 112.677, -7.8533 ], [ 112.6846, -7.8583 ], [ 112.6836, -7.8594 ], [ 112.6859, -7.8621 ], [ 112.685, -7.8634 ], [ 112.6876, -7.8668 ], [ 112.6995, -7.8749 ], [ 112.702, -7.8777 ], [ 112.7012, -7.8806 ], [ 112.6996, -7.8801 ], [ 112.6971, -7.8825 ], [ 112.6881, -7.8779 ], [ 112.6813, -7.871 ], [ 112.679, -7.8708 ], [ 112.6772, -7.8736 ], [ 112.6714, -7.8699 ], [ 112.6646, -7.8577 ], [ 112.6666, -7.8589 ], [ 112.667, -7.8519 ], [ 112.6654, -7.8473 ], [ 112.6667, -7.8474 ] ] ] ] } },
{ "type": "Feature", "properties": { "fid": 468, "GID_4": "IDN.11.22.24.14_1", "GID_0": "IDN", "COUNTRY": "Indonesia", "GID_1": "IDN.11_1", "NAME_1": "JawaTimur", "GID_2": "IDN.11.22_1", "NAME_2": "Malang", "GID_3": "IDN.11.22.24_1", "NAME_3": "Singosari", "NAME_4": "Toyomarto", "VARNAME_4": "NA", "TYPE_4": "Desa", "ENGTYPE_4": "Village", "CC_4": "3507280017", "padi_mean": 0.38247145702095586, "jagung_mean": 0.37153250515461644, "cabai_mean": 0.48906104894867597, "tomat_mean": 0.48359157260799862, "kentang_mean": 0.52734737925834085, "wortel_mean": 0.49862931106948016, "tebu_mean": 0.0020560336000283899 }, "geometry": { "type": "MultiPolygon", "coordinates": [ [ [ [ 112.669, -7.8434 ], [ 112.6688, -7.8459 ], [ 112.6654, -7.8473 ], [ 112.667, -7.8519 ], [ 112.6666, -7.8589 ], [ 112.6646, -7.8577 ], [ 112.6653, -7.8607 ], [ 112.6608, -7.8611 ], [ 112.6542, -7.8676 ], [ 112.6589, -7.8708 ], [ 112.6555, -7.8737 ], [ 112.6503, -7.8684 ], [ 112.6471, -7.8596 ], [ 112.6395, -7.8506 ], [ 112.6351, -7.8405 ], [ 112.6326, -7.8391 ], [ 112.6147, -7.816 ], [ 112.6224, -7.8156 ], [ 112.6299, -7.8119 ], [ 112.6314, -7.8154 ], [ 112.6342, -7.817 ], [ 112.6389, -7.8133 ], [ 112.6435, -7.8151 ], [ 112.6496, -7.8185 ], [ 112.6472, -7.8237 ], [ 112.6563, -7.8366 ], [ 112.669, -7.8434 ] ] ] ] } },
{ "type": "Feature", "properties": { "fid": 469, "GID_4": "IDN.11.22.24.17_1", "GID_0": "IDN", "COUNTRY": "Indonesia", "GID_1": "IDN.11_1", "NAME_1": "JawaTimur", "GID_2": "IDN.11.22_1", "NAME_2": "Malang", "GID_3": "IDN.11.22.24_1", "NAME_3": "Singosari", "NAME_4": "Wonorejo", "VARNAME_4": "NA", "TYPE_4": "Desa", "ENGTYPE_4": "Village", "CC_4": "3507280006", "padi_mean": 0.45124692802217353, "jagung_mean": 0.45124692802217353, "cabai_mean": 0.5, "tomat_mean": 0.5, "kentang_mean": 0.5, "wortel_mean": 0.33250205829175233, "tebu_mean": 0.0 }, "geometry": { "type": "MultiPolygon", "coordinates": [ [ [ [ 112.7363, -7.9099 ], [ 112.7258, -7.9067 ], [ 112.7283, -7.8998 ], [ 112.7319, -7.9002 ], [ 112.7333, -7.8963 ], [ 112.7401, -7.8958 ], [ 112.7419, -7.8927 ], [ 112.7452, -7.8947 ], [ 112.7456, -7.8927 ], [ 112.7491, -7.8914 ], [ 112.7497, -7.8844 ], [ 112.7527, -7.8845 ], [ 112.7538, -7.8854 ], [ 112.7501, -7.8938 ], [ 112.7518, -7.896 ], [ 112.7515, -7.9022 ], [ 112.7533, -7.9039 ], [ 112.7574, -7.904 ], [ 112.757, -7.9049 ], [ 112.7519, -7.9082 ], [ 112.7455, -7.9073 ], [ 112.7363, -7.9099 ] ] ] ] } },
{ "type": "Feature", "properties": { "fid": 470, "GID_4": "IDN.11.22.25.1_1", "GID_0": "IDN", "COUNTRY": "Indonesia", "GID_1": "IDN.11_1", "NAME_1": "JawaTimur", "GID_2": "IDN.11.22_1", "NAME_2": "Malang", "GID_3": "IDN.11.22.25_1", "NAME_3": "SumberPucung", "NAME_4": "Jatiguwi", "VARNAME_4": "NA", "TYPE_4": "Desa", "ENGTYPE_4": "Village", "CC_4": "3507170003", "padi_mean": 0.5, "jagung_mean": 1.0, "cabai_mean": 0.5, "tomat_mean": 0.5, "kentang_mean": 0.5, "wortel_mean": 0.5, "tebu_mean": 0.5 }, "geometry": { "type": "MultiPolygon", "coordinates": [ [ [ [ 112.4776, -8.1836 ], [ 112.4729, -8.1778 ], [ 112.4714, -8.1781 ], [ 112.4716, -8.1761 ], [ 112.4793, -8.1637 ], [ 112.4833, -8.1598 ], [ 112.4848, -8.16 ], [ 112.4855, -8.157 ], [ 112.4874, -8.1562 ], [ 112.4802, -8.1529 ], [ 112.481, -8.1505 ], [ 112.4837, -8.1525 ], [ 112.4848, -8.1485 ], [ 112.4892, -8.1479 ], [ 112.4899, -8.1497 ], [ 112.493, -8.1496 ], [ 112.4967, -8.1467 ], [ 112.4993, -8.1504 ], [ 112.4989, -8.157 ], [ 112.5008, -8.157 ], [ 112.4988, -8.1627 ], [ 112.4897, -8.1719 ], [ 112.4862, -8.1858 ], [ 112.4846, -8.1837 ], [ 112.4776, -8.1836 ] ] ] ] } },
{ "type": "Feature", "properties": { "fid": 471, "GID_4": "IDN.11.22.25.2_1", "GID_0": "IDN", "COUNTRY": "Indonesia", "GID_1": "IDN.11_1", "NAME_1": "JawaTimur", "GID_2": "IDN.11.22_1", "NAME_2": "Malang", "GID_3": "IDN.11.22.25_1", "NAME_3": "SumberPucung", "NAME_4": "Karangkates", "VARNAME_4": "NA", "TYPE_4": "Desa", "ENGTYPE_4": "Village", "CC_4": "3507170001", "padi_mean": 0.5, "jagung_mean": 1.0, "cabai_mean": 0.5, "tomat_mean": 0.5, "kentang_mean": 0.5, "wortel_mean": 0.5, "tebu_mean": 0.5 }, "geometry": { "type": "MultiPolygon", "coordinates": [ [ [ [ 112.4399, -8.1491 ], [ 112.4474, -8.148 ], [ 112.4522, -8.1445 ], [ 112.4538, -8.1466 ], [ 112.4584, -8.1439 ], [ 112.4621, -8.1445 ], [ 112.4645, -8.1487 ], [ 112.4721, -8.1543 ], [ 112.4721, -8.1587 ], [ 112.4673, -8.1596 ], [ 112.4625, -8.1636 ], [ 112.4566, -8.1603 ], [ 112.4522, -8.165 ], [ 112.4457, -8.1616 ], [ 112.4401, -8.1613 ], [ 112.4376, -8.1576 ], [ 112.4339, -8.1565 ], [ 112.4399, -8.1491 ] ] ] ] } },
{ "type": "Feature", "properties": { "fid": 472, "GID_4": "IDN.11.22.25.3_1", "GID_0": "IDN", "COUNTRY": "Indonesia", "GID_1": "IDN.11_1", "NAME_1": "JawaTimur", "GID_2": "IDN.11.22_1", "NAME_2": "Malang", "GID_3": "IDN.11.22.25_1", "NAME_3": "SumberPucung", "NAME_4": "Ngebruk", "VARNAME_4": "NA", "TYPE_4": "Desa", "ENGTYPE_4": "Village", "CC_4": "3507170007", "padi_mean": 0.5, "jagung_mean": 1.0, "cabai_mean": 0.5, "tomat_mean": 0.5, "kentang_mean": 0.5, "wortel_mean": 0.5, "tebu_mean": 0.5 }, "geometry": { "type": "MultiPolygon", "coordinates": [ [ [ [ 112.5409, -8.1602 ], [ 112.54, -8.1618 ], [ 112.5299, -8.1618 ], [ 112.5279, -8.1639 ], [ 112.5238, -8.1627 ], [ 112.5222, -8.1653 ], [ 112.5199, -8.1647 ], [ 112.5229, -8.1592 ], [ 112.5156, -8.1551 ], [ 112.5157, -8.151 ], [ 112.4989, -8.157 ], [ 112.4988, -8.1502 ], [ 112.5041, -8.1461 ], [ 112.5065, -8.1468 ], [ 112.505, -8.1436 ], [ 112.5058, -8.142 ], [ 112.507, -8.1436 ], [ 112.507, -8.1413 ], [ 112.5209, -8.1477 ], [ 112.5256, -8.151 ], [ 112.525, -8.1528 ], [ 112.5313, -8.1534 ], [ 112.5306, -8.1561 ], [ 112.5335, -8.1573 ], [ 112.5376, -8.1561 ], [ 112.5409, -8.1602 ] ] ] ] } },
{ "type": "Feature", "properties": { "fid": 473, "GID_4": "IDN.11.22.25.4_1", "GID_0": "IDN", "COUNTRY": "Indonesia", "GID_1": "IDN.11_1", "NAME_1": "JawaTimur", "GID_2": "IDN.11.22_1", "NAME_2": "Malang", "GID_3": "IDN.11.22.25_1", "NAME_3": "SumberPucung", "NAME_4": "Sambigede", "VARNAME_4": "NA", "TYPE_4": "Desa", "ENGTYPE_4": "Village", "CC_4": "3507170004", "padi_mean": 0.5, "jagung_mean": 1.0, "cabai_mean": 0.5, "tomat_mean": 0.5, "kentang_mean": 0.5, "wortel_mean": 0.5, "tebu_mean": 0.5 }, "geometry": { "type": "MultiPolygon", "coordinates": [ [ [ [ 112.4886, -8.189 ], [ 112.4862, -8.1858 ], [ 112.4897, -8.1719 ], [ 112.4983, -8.1636 ], [ 112.5005, -8.1564 ], [ 112.5157, -8.151 ], [ 112.5156, -8.1551 ], [ 112.5173, -8.1561 ], [ 112.5148, -8.1566 ], [ 112.5059, -8.1692 ], [ 112.4979, -8.1763 ], [ 112.4961, -8.1815 ], [ 112.4886, -8.189 ] ] ] ] } },
{ "type": "Feature", "properties": { "fid": 474, "GID_4": "IDN.11.22.25.5_1", "GID_0": "IDN", "COUNTRY": "Indonesia", "GID_1": "IDN.11_1", "NAME_1": "JawaTimur", "GID_2": "IDN.11.22_1", "NAME_2": "Malang", "GID_3": "IDN.11.22.25_1", "NAME_3": "SumberPucung", "NAME_4": "Senggreng", "VARNAME_4": "NA", "TYPE_4": "Desa", "ENGTYPE_4": "Village", "CC_4": "3507170005", "padi_mean": 0.5, "jagung_mean": 1.0, "cabai_mean": 0.5, "tomat_mean": 0.5, "kentang_mean": 0.5, "wortel_mean": 0.5, "tebu_mean": 0.5 }, "geometry": { "type": "MultiPolygon", "coordinates": [ [ [ [ 112.4892, -8.1898 ], [ 112.4961, -8.1815 ], [ 112.4979, -8.1763 ], [ 112.5059, -8.1692 ], [ 112.5149, -8.1565 ], [ 112.5189, -8.1566 ], [ 112.5229, -8.1592 ], [ 112.5199, -8.1647 ], [ 112.5178, -8.1647 ], [ 112.5163, -8.1675 ], [ 112.5159, -8.1746 ], [ 112.5183, -8.1759 ], [ 112.5172, -8.1787 ], [ 112.5189, -8.1896 ], [ 112.4926, -8.1944 ], [ 112.4892, -8.1898 ] ] ] ] } },
{ "type": "Feature", "properties": { "fid": 475, "GID_4": "IDN.11.22.25.6_1", "GID_0": "IDN", "COUNTRY": "Indonesia", "GID_1": "IDN.11_1", "NAME_1": "JawaTimur", "GID_2": "IDN.11.22_1", "NAME_2": "Malang", "GID_3": "IDN.11.22.25_1", "NAME_3": "SumberPucung", "NAME_4": "Sumberpucung", "VARNAME_4": "NA", "TYPE_4": "Desa", "ENGTYPE_4": "Village", "CC_4": "3507170002", "padi_mean": 0.5, "jagung_mean": 1.0, "cabai_mean": 0.5, "tomat_mean": 0.5, "kentang_mean": 0.5, "wortel_mean": 0.5, "tebu_mean": 0.5 }, "geometry": { "type": "MultiPolygon", "coordinates": [ [ [ [ 112.4714, -8.178 ], [ 112.464, -8.1796 ], [ 112.4603, -8.1694 ], [ 112.4522, -8.165 ], [ 112.4566, -8.1603 ], [ 112.4625, -8.1636 ], [ 112.4673, -8.1596 ], [ 112.4721, -8.1587 ], [ 112.4721, -8.1543 ], [ 112.4612, -8.1444 ], [ 112.4621, -8.1375 ], [ 112.464, -8.1452 ], [ 112.4643, -8.1416 ], [ 112.47, -8.1446 ], [ 112.4732, -8.1442 ], [ 112.474, -8.146 ], [ 112.4823, -8.1449 ], [ 112.4846, -8.1505 ], [ 112.4837, -8.1525 ], [ 112.481, -8.1505 ], [ 112.4802, -8.1529 ], [ 112.4874, -8.1562 ], [ 112.4855, -8.157 ], [ 112.4848, -8.16 ], [ 112.4833, -8.1598 ], [ 112.4793, -8.1637 ], [ 112.4714, -8.178 ] ] ] ] } },
{ "type": "Feature", "properties": { "fid": 476, "GID_4": "IDN.11.22.25.7_1", "GID_0": "IDN", "COUNTRY": "Indonesia", "GID_1": "IDN.11_1", "NAME_1": "JawaTimur", "GID_2": "IDN.11.22_1", "NAME_2": "Malang", "GID_3": "IDN.11.22.25_1", "NAME_3": "SumberPucung", "NAME_4": "Ternyang", "VARNAME_4": "NA", "TYPE_4": "Desa", "ENGTYPE_4": "Village", "CC_4": "3507170006", "padi_mean": 0.5, "jagung_mean": 1.0, "cabai_mean": 0.5, "tomat_mean": 0.5, "kentang_mean": 0.5, "wortel_mean": 0.5, "tebu_mean": 0.5 }, "geometry": { "type": "MultiPolygon", "coordinates": [ [ [ [ 112.5377, -8.1712 ], [ 112.5376, -8.1762 ], [ 112.5346, -8.1831 ], [ 112.5189, -8.1896 ], [ 112.5172, -8.1787 ], [ 112.5183, -8.1759 ], [ 112.5159, -8.1746 ], [ 112.5177, -8.1649 ], [ 112.5222, -8.1653 ], [ 112.5238, -8.1627 ], [ 112.5284, -8.1638 ], [ 112.5299, -8.1618 ], [ 112.5404, -8.1617 ], [ 112.5407, -8.1679 ], [ 112.5377, -8.1712 ] ] ] ] } },
{ "type": "Feature", "properties": { "fid": 477, "GID_4": "IDN.11.22.26.1_1", "GID_0": "IDN", "COUNTRY": "Indonesia", "GID_1": "IDN.11_1", "NAME_1": "JawaTimur", "GID_2": "IDN.11.22_1", "NAME_2": "Malang", "GID_3": "IDN.11.22.26_1", "NAME_3": "Sumbermanjing", "NAME_4": "Argotirto", "VARNAME_4": "NA", "TYPE_4": "Desa", "ENGTYPE_4": "Village", "CC_4": "3507060009", "padi_mean": 0.56713456974047016, "jagung_mean": 0.56713456974047016, "cabai_mean": 0.5, "tomat_mean": 0.5, "kentang_mean": 0.5, "wortel_mean": 0.75971926847603399, "tebu_mean": 0.067134569740470176 }, "geometry": { "type": "MultiPolygon", "coordinates": [ [ [ [ 112.6687, -8.3185 ], [ 112.6672, -8.3116 ], [ 112.6684, -8.3062 ], [ 112.6723, -8.3044 ], [ 112.6749, -8.3096 ], [ 112.6829, -8.3047 ], [ 112.6856, -8.3131 ], [ 112.6847, -8.3192 ], [ 112.7032, -8.3211 ], [ 112.702, -8.3298 ], [ 112.7058, -8.3397 ], [ 112.7004, -8.3415 ], [ 112.7014, -8.3453 ], [ 112.6941, -8.3448 ], [ 112.694, -8.3424 ], [ 112.6897, -8.3408 ], [ 112.6899, -8.3389 ], [ 112.6773, -8.3279 ], [ 112.6771, -8.3239 ], [ 112.6692, -8.3257 ], [ 112.667, -8.3242 ], [ 112.6687, -8.3185 ] ] ], [ [ [ 112.6941, -8.2675 ], [ 112.6961, -8.2644 ], [ 112.6911, -8.2882 ], [ 112.6883, -8.2959 ], [ 112.6865, -8.2967 ], [ 112.6868, -8.3009 ], [ 112.6804, -8.3027 ], [ 112.674, -8.2957 ], [ 112.6713, -8.2951 ], [ 112.6716, -8.2911 ], [ 112.6728, -8.2878 ], [ 112.6813, -8.2785 ], [ 112.6814, -8.2757 ], [ 112.6899, -8.2698 ], [ 112.6941, -8.2675 ] ] ] ] } },
{ "type": "Feature", "properties": { "fid": 478, "GID_4": "IDN.11.22.26.2_1", "GID_0": "IDN", "COUNTRY": "Indonesia", "GID_1": "IDN.11_1", "NAME_1": "JawaTimur", "GID_2": "IDN.11.22_1", "NAME_2": "Malang", "GID_3": "IDN.11.22.26_1", "NAME_3": "Sumbermanjing", "NAME_4": "Druju", "VARNAME_4": "NA", "TYPE_4": "Desa", "ENGTYPE_4": "Village", "CC_4": "3507060011", "padi_mean": 0.5, "jagung_mean": 0.90047729781565999, "cabai_mean": 0.5, "tomat_mean": 0.5, "kentang_mean": 0.5, "wortel_mean": 0.72574018855071276, "tebu_mean": 0.40047729781565994 }, "geometry": { "type": "MultiPolygon", "coordinates": [ [ [ [ 112.6954, -8.2259 ], [ 112.6999, -8.2267 ], [ 112.7011, -8.2331 ], [ 112.6918, -8.2366 ], [ 112.6882, -8.2355 ], [ 112.6844, -8.2388 ], [ 112.6846, -8.2416 ], [ 112.6899, -8.2435 ], [ 112.6908, -8.2563 ], [ 112.6861, -8.2548 ], [ 112.6801, -8.2564 ], [ 112.6774, -8.2667 ], [ 112.6735, -8.2653 ], [ 112.6729, -8.2667 ], [ 112.6677, -8.2676 ], [ 112.652, -8.265 ], [ 112.65, -8.2581 ], [ 112.6463, -8.2555 ], [ 112.6459, -8.2512 ], [ 112.6483, -8.2424 ], [ 112.6399, -8.2379 ], [ 112.6443, -8.235 ], [ 112.6438, -8.2323 ], [ 112.65, -8.2329 ], [ 112.6509, -8.2362 ], [ 112.6554, -8.2344 ], [ 112.6573, -8.2361 ], [ 112.6605, -8.2357 ], [ 112.6647, -8.2333 ], [ 112.6662, -8.2338 ], [ 112.6666, -8.2369 ], [ 112.6721, -8.2336 ], [ 112.6765, -8.2358 ], [ 112.6751, -8.2323 ], [ 112.6773, -8.2319 ], [ 112.681, -8.2342 ], [ 112.6847, -8.2312 ], [ 112.6857, -8.2281 ], [ 112.6881, -8.2303 ], [ 112.6916, -8.2269 ], [ 112.6954, -8.2259 ] ] ] ] } },
{ "type": "Feature", "properties": { "fid": 479, "GID_4": "IDN.11.22.26.3_1", "GID_0": "IDN", "COUNTRY": "Indonesia", "GID_1": "IDN.11_1", "NAME_1": "JawaTimur", "GID_2": "IDN.11.22_1", "NAME_2": "Malang", "GID_3": "IDN.11.22.26_1", "NAME_3": "Sumbermanjing", "NAME_4": "Harjokuncaran", "VARNAME_4": "NA", "TYPE_4": "Desa", "ENGTYPE_4": "Village", "CC_4": "3507060008", "padi_mean": 0.5, "jagung_mean": 0.5, "cabai_mean": 0.5, "tomat_mean": 0.5, "kentang_mean": 0.5, "wortel_mean": 0.80000001192092896, "tebu_mean": 0.013654302697242654 }, "geometry": { "type": "MultiPolygon", "coordinates": [ [ [ [ 112.7032, -8.3211 ], [ 112.6847, -8.3192 ], [ 112.6856, -8.3131 ], [ 112.6822, -8.3042 ], [ 112.6834, -8.3009 ], [ 112.6868, -8.3009 ], [ 112.6865, -8.2967 ], [ 112.6883, -8.2959 ], [ 112.6911, -8.2882 ], [ 112.6961, -8.2644 ], [ 112.6946, -8.2638 ], [ 112.6947, -8.2554 ], [ 112.6986, -8.2527 ], [ 112.7034, -8.2531 ], [ 112.7031, -8.2578 ], [ 112.7045, -8.2584 ], [ 112.7071, -8.2568 ], [ 112.7059, -8.2542 ], [ 112.7071, -8.2535 ], [ 112.7193, -8.2567 ], [ 112.716, -8.262 ], [ 112.7157, -8.2668 ], [ 112.7136, -8.2674 ], [ 112.7131, -8.2723 ], [ 112.7143, -8.2765 ], [ 112.7134, -8.2801 ], [ 112.717, -8.2834 ], [ 112.7132, -8.2965 ], [ 112.7184, -8.2995 ], [ 112.7141, -8.301 ], [ 112.7109, -8.3106 ], [ 112.7089, -8.3136 ], [ 112.706, -8.3145 ], [ 112.7063, -8.3193 ], [ 112.7032, -8.3211 ] ] ] ] } },
{ "type": "Feature", "properties": { "fid": 480, "GID_4": "IDN.11.22.26.4_1", "GID_0": "IDN", "COUNTRY": "Indonesia", "GID_1": "IDN.11_1", "NAME_1": "JawaTimur", "GID_2": "IDN.11.22_1", "NAME_2": "Malang", "GID_3": "IDN.11.22.26_1", "NAME_3": "Sumbermanjing", "NAME_4": "Kedungbanteng", "VARNAME_4": "NA", "TYPE_4": "Desa", "ENGTYPE_4": "Village", "CC_4": "3507060003", "padi_mean": 0.69833417085503302, "jagung_mean": 1.0, "cabai_mean": 0.5, "tomat_mean": 0.5, "kentang_mean": 0.5, "wortel_mean": 0.68099950467925385, "tebu_mean": 0.5 }, "geometry": { "type": "MultiPolygon", "coordinates": [ [ [ [ 112.7247, -8.3403 ], [ 112.7319, -8.3491 ], [ 112.7291, -8.3514 ], [ 112.7293, -8.3536 ], [ 112.7312, -8.3594 ], [ 112.7374, -8.3642 ], [ 112.7358, -8.3653 ], [ 112.7362, -8.3692 ], [ 112.7313, -8.3737 ], [ 112.7307, -8.3794 ], [ 112.7228, -8.3812 ], [ 112.7202, -8.3875 ], [ 112.7079, -8.3868 ], [ 112.703, -8.3841 ], [ 112.7041, -8.3804 ], [ 112.7007, -8.3757 ], [ 112.6919, -8.3732 ], [ 112.6908, -8.3704 ], [ 112.6926, -8.3653 ], [ 112.6955, -8.3666 ], [ 112.6986, -8.3609 ], [ 112.7073, -8.3524 ], [ 112.711, -8.3516 ], [ 112.7083, -8.3474 ], [ 112.7075, -8.3413 ], [ 112.7247, -8.3403 ] ] ] ] } },
{ "type": "Feature", "properties": { "fid": 481, "GID_4": "IDN.11.22.26.5_1", "GID_0": "IDN", "COUNTRY": "Indonesia", "GID_1": "IDN.11_1", "NAME_1": "JawaTimur", "GID_2": "IDN.11.22_1", "NAME_2": "Malang", "GID_3": "IDN.11.22.26_1", "NAME_3": "Sumbermanjing", "NAME_4": "Klepu", "VARNAME_4": "NA", "TYPE_4": "Desa", "ENGTYPE_4": "Village", "CC_4": "3507060013", "padi_mean": 0.5, "jagung_mean": 0.74088761431155559, "cabai_mean": 0.5, "tomat_mean": 0.5, "kentang_mean": 0.5, "wortel_mean": 0.80000001192092896, "tebu_mean": 0.24088761431155561 }, "geometry": { "type": "MultiPolygon", "coordinates": [ [ [ [ 112.7359, -8.2482 ], [ 112.7427, -8.2489 ], [ 112.7421, -8.2635 ], [ 112.7378, -8.2647 ], [ 112.7334, -8.2629 ], [ 112.7315, -8.2685 ], [ 112.7276, -8.268 ], [ 112.7238, -8.2702 ], [ 112.7157, -8.2668 ], [ 112.716, -8.262 ], [ 112.719, -8.2557 ], [ 112.7156, -8.2549 ], [ 112.7172, -8.2532 ], [ 112.7108, -8.2486 ], [ 112.704, -8.246 ], [ 112.7021, -8.2364 ], [ 112.6993, -8.2335 ], [ 112.7014, -8.2316 ], [ 112.6999, -8.2267 ], [ 112.703, -8.2266 ], [ 112.7036, -8.2285 ], [ 112.7116, -8.2309 ], [ 112.711, -8.2332 ], [ 112.7138, -8.234 ], [ 112.7171, -8.2404 ], [ 112.7216, -8.2413 ], [ 112.7264, -8.238 ], [ 112.7296, -8.2392 ], [ 112.7307, -8.2483 ], [ 112.7359, -8.2482 ] ] ] ] } },
{ "type": "Feature", "properties": { "fid": 482, "GID_4": "IDN.11.22.26.6_1", "GID_0": "IDN", "COUNTRY": "Indonesia", "GID_1": "IDN.11_1", "NAME_1": "JawaTimur", "GID_2": "IDN.11.22_1", "NAME_2": "Malang", "GID_3": "IDN.11.22.26_1", "NAME_3": "Sumbermanjing", "NAME_4": "Ringinkembar", "VARNAME_4": "NA", "TYPE_4": "Desa", "ENGTYPE_4": "Village", "CC_4": "3507060006", "padi_mean": 0.5, "jagung_mean": 0.5, "cabai_mean": 0.5, "tomat_mean": 0.5, "kentang_mean": 0.5, "wortel_mean": 0.80000001192092896, "tebu_mean": 0.10000000149011612 }, "geometry": { "type": "MultiPolygon", "coordinates": [ [ [ [ 112.7058, -8.3397 ], [ 112.702, -8.3298 ], [ 112.7032, -8.3201 ], [ 112.7063, -8.3193 ], [ 112.706, -8.3145 ], [ 112.7089, -8.3136 ], [ 112.7109, -8.3106 ], [ 112.7141, -8.301 ], [ 112.7184, -8.2995 ], [ 112.7132, -8.2965 ], [ 112.717, -8.2834 ], [ 112.7134, -8.2801 ], [ 112.7136, -8.2674 ], [ 112.7195, -8.2677 ], [ 112.7238, -8.2702 ], [ 112.7276, -8.268 ], [ 112.7311, -8.2686 ], [ 112.7317, -8.2712 ], [ 112.734, -8.2725 ], [ 112.7353, -8.2786 ], [ 112.7341, -8.2874 ], [ 112.7356, -8.2924 ], [ 112.7449, -8.3017 ], [ 112.7447, -8.3077 ], [ 112.738, -8.3121 ], [ 112.738, -8.3152 ], [ 112.7327, -8.3192 ], [ 112.7308, -8.3283 ], [ 112.7271, -8.3292 ], [ 112.7262, -8.3313 ], [ 112.7247, -8.3403 ], [ 112.7075, -8.3413 ], [ 112.7058, -8.3397 ] ] ] ] } },
{ "type": "Feature", "properties": { "fid": 483, "GID_4": "IDN.11.22.26.7_1", "GID_0": "IDN", "COUNTRY": "Indonesia", "GID_1": "IDN.11_1", "NAME_1": "JawaTimur", "GID_2": "IDN.11.22_1", "NAME_2": "Malang", "GID_3": "IDN.11.22.26_1", "NAME_3": "Sumbermanjing", "NAME_4": "Ringinsari", "VARNAME_4": "NA", "TYPE_4": "Desa", "ENGTYPE_4": "Village", "CC_4": "3507060010", "padi_mean": 0.5, "jagung_mean": 0.64889856030013726, "cabai_mean": 0.5, "tomat_mean": 0.5, "kentang_mean": 0.5, "wortel_mean": 0.80000001192092896, "tebu_mean": 0.12334455699357177 }, "geometry": { "type": "MultiPolygon", "coordinates": [ [ [ [ 112.6696, -8.3053 ], [ 112.6642, -8.2998 ], [ 112.6662, -8.2981 ], [ 112.6688, -8.2986 ], [ 112.67, -8.2946 ], [ 112.6628, -8.2976 ], [ 112.6582, -8.2971 ], [ 112.6565, -8.2942 ], [ 112.6644, -8.2672 ], [ 112.6729, -8.2667 ], [ 112.6735, -8.2653 ], [ 112.6884, -8.2686 ], [ 112.6896, -8.2698 ], [ 112.6814, -8.2757 ], [ 112.6813, -8.2785 ], [ 112.6728, -8.2878 ], [ 112.6716, -8.2911 ], [ 112.6713, -8.2951 ], [ 112.674, -8.2957 ], [ 112.6804, -8.3027 ], [ 112.6826, -8.3029 ], [ 112.6825, -8.3047 ], [ 112.6749, -8.3096 ], [ 112.6723, -8.3044 ], [ 112.6696, -8.3053 ] ] ] ] } },
{ "type": "Feature", "properties": { "fid": 484, "GID_4": "IDN.11.22.26.8_1", "GID_0": "IDN", "COUNTRY": "Indonesia", "GID_1": "IDN.11_1", "NAME_1": "JawaTimur", "GID_2": "IDN.11.22_1", "NAME_2": "Malang", "GID_3": "IDN.11.22.26_1", "NAME_3": "Sumbermanjing", "NAME_4": "Sekarbanyu", "VARNAME_4": "NA", "TYPE_4": "Desa", "ENGTYPE_4": "Village", "CC_4": "3507060014", "padi_mean": 0.5, "jagung_mean": 0.50569999926880982, "cabai_mean": 0.5, "tomat_mean": 0.5, "kentang_mean": 0.5, "wortel_mean": 0.80000001192092896, "tebu_mean": 0.0056999992688098571 }, "geometry": { "type": "MultiPolygon", "coordinates": [ [ [ [ 112.7427, -8.2489 ], [ 112.7438, -8.2489 ], [ 112.7438, -8.2456 ], [ 112.747, -8.2498 ], [ 112.7472, -8.2533 ], [ 112.7504, -8.2567 ], [ 112.7559, -8.2562 ], [ 112.7625, -8.2593 ], [ 112.7627, -8.2608 ], [ 112.7648, -8.261 ], [ 112.7648, -8.259 ], [ 112.768, -8.2567 ], [ 112.7734, -8.2789 ], [ 112.7717, -8.2828 ], [ 112.769, -8.2792 ], [ 112.7344, -8.2757 ], [ 112.7336, -8.2718 ], [ 112.7317, -8.2712 ], [ 112.7317, -8.2664 ], [ 112.7334, -8.2629 ], [ 112.7388, -8.2647 ], [ 112.7426, -8.263 ], [ 112.7427, -8.2489 ] ] ] ] } },
{ "type": "Feature", "properties": { "fid": 485, "GID_4": "IDN.11.22.26.9_1", "GID_0": "IDN", "COUNTRY": "Indonesia", "GID_1": "IDN.11_1", "NAME_1": "JawaTimur", "GID_2": "IDN.11.22_1", "NAME_2": "Malang", "GID_3": "IDN.11.22.26_1", "NAME_3": "Sumbermanjing", "NAME_4": "Sidoasri", "VARNAME_4": "NA", "TYPE_4": "Desa", "ENGTYPE_4": "Village", "CC_4": "3507060015", "padi_mean": 0.77878790489661343, "jagung_mean": 1.0, "cabai_mean": 0.5, "tomat_mean": 0.5, "kentang_mean": 0.5, "wortel_mean": 0.68962882573648698, "tebu_mean": 0.46675786457874752 }, "geometry": { "type": "MultiPolygon", "coordinates": [ [ [ [ 112.8086, -8.3997 ], [ 112.8043, -8.3982 ], [ 112.8031, -8.4008 ], [ 112.8024, -8.3989 ], [ 112.8002, -8.399 ], [ 112.8017, -8.4039 ], [ 112.7983, -8.4064 ], [ 112.7925, -8.4046 ], [ 112.7877, -8.3987 ], [ 112.7831, -8.3979 ], [ 112.7855, -8.3916 ], [ 112.7836, -8.3876 ], [ 112.7797, -8.3852 ], [ 112.7756, -8.3853 ], [ 112.7714, -8.3864 ], [ 112.7714, -8.3881 ], [ 112.7694, -8.3885 ], [ 112.7694, -8.3914 ], [ 112.7675, -8.3917 ], [ 112.7671, -8.3978 ], [ 112.7693, -8.4013 ], [ 112.7682, -8.4032 ], [ 112.7691, -8.4053 ], [ 112.7675, -8.4051 ], [ 112.7668, -8.407 ], [ 112.7673, -8.4114 ], [ 112.7654, -8.4114 ], [ 112.7654, -8.4073 ], [ 112.7608, -8.4109 ], [ 112.7541, -8.4111 ], [ 112.7521, -8.3735 ], [ 112.7545, -8.3612 ], [ 112.7722, -8.3507 ], [ 112.7738, -8.3517 ], [ 112.7819, -8.3488 ], [ 112.7873, -8.3525 ], [ 112.7886, -8.3564 ], [ 112.7917, -8.3589 ], [ 112.8011, -8.3589 ], [ 112.8078, -8.357 ], [ 112.8086, -8.3997 ] ] ] ] } },
{ "type": "Feature", "properties": { "fid": 486, "GID_4": "IDN.11.22.26.10_1", "GID_0": "IDN", "COUNTRY": "Indonesia", "GID_1": "IDN.11_1", "NAME_1": "JawaTimur", "GID_2": "IDN.11.22_1", "NAME_2": "Malang", "GID_3": "IDN.11.22.26_1", "NAME_3": "Sumbermanjing", "NAME_4": "Sitiarjo", "VARNAME_4": "NA", "TYPE_4": "Desa", "ENGTYPE_4": "Village", "CC_4": "3507060001", "padi_mean": 1.0, "jagung_mean": 1.0, "cabai_mean": 0.5, "tomat_mean": 0.5, "kentang_mean": 0.5, "wortel_mean": 0.5, "tebu_mean": 0.5 }, "geometry": { "type": "MultiPolygon", "coordinates": [ [ [ [ 112.6426, -8.4392 ], [ 112.6454, -8.437 ], [ 112.643, -8.435 ], [ 112.6479, -8.4277 ], [ 112.6455, -8.4251 ], [ 112.6448, -8.4274 ], [ 112.643, -8.4281 ], [ 112.6429, -8.4267 ], [ 112.6476, -8.4238 ], [ 112.6452, -8.4223 ], [ 112.6497, -8.4202 ], [ 112.6485, -8.4107 ], [ 112.6514, -8.4096 ], [ 112.6508, -8.4062 ], [ 112.6585, -8.4011 ], [ 112.6584, -8.3982 ], [ 112.6557, -8.3978 ], [ 112.6569, -8.3947 ], [ 112.6557, -8.3941 ], [ 112.6582, -8.3934 ], [ 112.657, -8.3928 ], [ 112.6582, -8.39 ], [ 112.6564, -8.3888 ], [ 112.6584, -8.3878 ], [ 112.6571, -8.3867 ], [ 112.6596, -8.3813 ], [ 112.6574, -8.3797 ], [ 112.6614, -8.373 ], [ 112.6685, -8.3672 ], [ 112.6851, -8.364 ], [ 112.6933, -8.3643 ], [ 112.6908, -8.3704 ], [ 112.6919, -8.3732 ], [ 112.7007, -8.3757 ], [ 112.7041, -8.3804 ], [ 112.7015, -8.3852 ], [ 112.7028, -8.3894 ], [ 112.701, -8.3951 ], [ 112.6969, -8.4006 ], [ 112.6805, -8.4066 ], [ 112.6799, -8.4095 ], [ 112.6713, -8.4214 ], [ 112.6724, -8.4242 ], [ 112.678, -8.428 ], [ 112.6767, -8.4272 ], [ 112.6753, -8.431 ], [ 112.6704, -8.4349 ], [ 112.6669, -8.4353 ], [ 112.6676, -8.4409 ], [ 112.6661, -8.4442 ], [ 112.663, -8.4436 ], [ 112.6615, -8.4465 ], [ 112.6593, -8.4455 ], [ 112.6517, -8.4488 ], [ 112.6426, -8.4426 ], [ 112.6426, -8.4392 ] ] ] ] } },
{ "type": "Feature", "properties": { "fid": 487, "GID_4": "IDN.11.22.26.11_1", "GID_0": "IDN", "COUNTRY": "Indonesia", "GID_1": "IDN.11_1", "NAME_1": "JawaTimur", "GID_2": "IDN.11.22_1", "NAME_2": "Malang", "GID_3": "IDN.11.22.26_1", "NAME_3": "Sumbermanjing", "NAME_4": "Sumberagung", "VARNAME_4": "NA", "TYPE_4": "Desa", "ENGTYPE_4": "Village", "CC_4": "3507060007", "padi_mean": 0.93808024416906599, "jagung_mean": 0.95487522568795657, "cabai_mean": 0.5, "tomat_mean": 0.5, "kentang_mean": 0.5, "wortel_mean": 0.53268476796777953, "tebu_mean": 0.45152029502389179 }, "geometry": { "type": "MultiPolygon", "coordinates": [ [ [ [ 112.6924, -8.366 ], [ 112.6926, -8.3653 ], [ 112.6925, -8.3657 ], [ 112.6924, -8.366 ] ] ], [ [ [ 112.6931, -8.3649 ], [ 112.693, -8.365 ], [ 112.6926, -8.3653 ], [ 112.6927, -8.3651 ], [ 112.6931, -8.3649 ] ] ], [ [ [ 112.6771, -8.3239 ], [ 112.6773, -8.3279 ], [ 112.6899, -8.3389 ], [ 112.6897, -8.3408 ], [ 112.694, -8.3424 ], [ 112.6941, -8.3448 ], [ 112.7014, -8.3453 ], [ 112.7004, -8.3415 ], [ 112.7058, -8.3397 ], [ 112.711, -8.3516 ], [ 112.7073, -8.3524 ], [ 112.6986, -8.3609 ], [ 112.695, -8.3669 ], [ 112.6933, -8.3643 ], [ 112.6896, -8.3636 ], [ 112.668, -8.3674 ], [ 112.6664, -8.3643 ], [ 112.6684, -8.363 ], [ 112.6682, -8.3586 ], [ 112.6653, -8.3551 ], [ 112.6669, -8.3407 ], [ 112.6651, -8.3366 ], [ 112.6649, -8.3265 ], [ 112.6669, -8.3244 ], [ 112.6692, -8.3257 ], [ 112.6771, -8.3239 ] ] ] ] } },
{ "type": "Feature", "properties": { "fid": 488, "GID_4": "IDN.11.22.26.12_1", "GID_0": "IDN", "COUNTRY": "Indonesia", "GID_1": "IDN.11_1", "NAME_1": "JawaTimur", "GID_2": "IDN.11.22_1", "NAME_2": "Malang", "GID_3": "IDN.11.22.26_1", "NAME_3": "Sumbermanjing", "NAME_4": "SumbermanjingWetan", "VARNAME_4": "NA", "TYPE_4": "Desa", "ENGTYPE_4": "Village", "CC_4": "3507060012", "padi_mean": 0.5, "jagung_mean": 0.71863009880115858, "cabai_mean": 0.5, "tomat_mean": 0.5, "kentang_mean": 0.5, "wortel_mean": 0.80000001192092907, "tebu_mean": 0.21863009880115858 }, "geometry": { "type": "MultiPolygon", "coordinates": [ [ [ [ 112.6952, -8.2642 ], [ 112.6941, -8.2675 ], [ 112.6899, -8.2698 ], [ 112.6774, -8.2667 ], [ 112.6801, -8.2564 ], [ 112.6861, -8.2548 ], [ 112.6908, -8.2563 ], [ 112.6899, -8.2435 ], [ 112.6846, -8.2416 ], [ 112.6844, -8.2388 ], [ 112.6882, -8.2355 ], [ 112.6918, -8.2366 ], [ 112.6977, -8.2333 ], [ 112.7021, -8.2364 ], [ 112.704, -8.246 ], [ 112.7085, -8.2472 ], [ 112.7172, -8.2536 ], [ 112.7156, -8.2549 ], [ 112.7071, -8.2535 ], [ 112.7059, -8.2542 ], [ 112.7071, -8.2568 ], [ 112.7045, -8.2584 ], [ 112.7031, -8.2578 ], [ 112.7034, -8.2531 ], [ 112.6986, -8.2527 ], [ 112.6947, -8.2554 ], [ 112.6952, -8.2642 ] ] ] ] } },
{ "type": "Feature", "properties": { "fid": 489, "GID_4": "IDN.11.22.26.13_1", "GID_0": "IDN", "COUNTRY": "Indonesia", "GID_1": "IDN.11_1", "NAME_1": "JawaTimur", "GID_2": "IDN.11.22_1", "NAME_2": "Malang", "GID_3": "IDN.11.22.26_1", "NAME_3": "Sumbermanjing", "NAME_4": "Tambakasri", "VARNAME_4": "NA", "TYPE_4": "Desa", "ENGTYPE_4": "Village", "CC_4": "3507060004", "padi_mean": 0.69277490565982125, "jagung_mean": 0.97052763084532634, "cabai_mean": 0.5, "tomat_mean": 0.5, "kentang_mean": 0.5, "wortel_mean": 0.6843350639289244, "tebu_mean": 0.47052763084532628 }, "geometry": { "type": "MultiPolygon", "coordinates": [ [ [ [ 112.7354, -8.4328 ], [ 112.7352, -8.4345 ], [ 112.7339, -8.4354 ], [ 112.7336, -8.434 ], [ 112.7354, -8.4328 ] ] ], [ [ [ 112.7341, -8.4271 ], [ 112.7338, -8.427 ], [ 112.7337, -8.4268 ], [ 112.734, -8.4267 ], [ 112.7341, -8.4271 ] ] ], [ [ [ 112.7549, -8.4229 ], [ 112.7547, -8.4246 ], [ 112.7538, -8.4234 ], [ 112.7546, -8.4225 ], [ 112.7549, -8.4229 ] ] ], [ [ [ 112.7393, -8.4183 ], [ 112.7388, -8.4181 ], [ 112.7387, -8.4179 ], [ 112.7393, -8.4178 ], [ 112.7393, -8.4183 ] ] ], [ [ [ 112.7463, -8.4178 ], [ 112.746, -8.4178 ], [ 112.746, -8.4176 ], [ 112.7462, -8.4174 ], [ 112.7463, -8.4178 ] ] ], [ [ [ 112.7486, -8.416 ], [ 112.7486, -8.4159 ], [ 112.749, -8.4159 ], [ 112.7486, -8.4163 ], [ 112.7486, -8.416 ] ] ], [ [ [ 112.7671, -8.3248 ], [ 112.7708, -8.329 ], [ 112.7805, -8.3288 ], [ 112.78, -8.3388 ], [ 112.7784, -8.3432 ], [ 112.7721, -8.3509 ], [ 112.7545, -8.3612 ], [ 112.7521, -8.3735 ], [ 112.7543, -8.4073 ], [ 112.7529, -8.413 ], [ 112.7567, -8.4188 ], [ 112.7567, -8.4215 ], [ 112.7532, -8.4222 ], [ 112.7491, -8.415 ], [ 112.7435, -8.4179 ], [ 112.7417, -8.425 ], [ 112.7398, -8.4166 ], [ 112.7358, -8.4163 ], [ 112.7293, -8.4201 ], [ 112.726, -8.4171 ], [ 112.728, -8.4098 ], [ 112.7328, -8.4046 ], [ 112.7356, -8.4043 ], [ 112.7376, -8.3958 ], [ 112.7305, -8.3754 ], [ 112.7317, -8.3753 ], [ 112.7326, -8.3717 ], [ 112.7353, -8.3714 ], [ 112.7358, -8.3653 ], [ 112.7374, -8.3642 ], [ 112.7312, -8.3594 ], [ 112.7291, -8.3514 ], [ 112.7319, -8.3491 ], [ 112.727, -8.3415 ], [ 112.7481, -8.3416 ], [ 112.7518, -8.3298 ], [ 112.7553, -8.33 ], [ 112.7562, -8.3329 ], [ 112.7608, -8.333 ], [ 112.7616, -8.3245 ], [ 112.7671, -8.3248 ] ], [ [ 112.7507, -8.4171 ], [ 112.7506, -8.4171 ], [ 112.7507, -8.4174 ], [ 112.7509, -8.4172 ], [ 112.7507, -8.4171 ] ] ] ] } },
{ "type": "Feature", "properties": { "fid": 490, "GID_4": "IDN.11.22.26.14_1", "GID_0": "IDN", "COUNTRY": "Indonesia", "GID_1": "IDN.11_1", "NAME_1": "JawaTimur", "GID_2": "IDN.11.22_1", "NAME_2": "Malang", "GID_3": "IDN.11.22.26_1", "NAME_3": "Sumbermanjing", "NAME_4": "Tambakrejo", "VARNAME_4": "NA", "TYPE_4": "Desa", "ENGTYPE_4": "Village", "CC_4": "3507060002", "padi_mean": 1.0, "jagung_mean": 1.0, "cabai_mean": 0.5, "tomat_mean": 0.5, "kentang_mean": 0.5, "wortel_mean": 0.5, "tebu_mean": 0.5 }, "geometry": { "type": "MultiPolygon", "coordinates": [ [ [ [ 112.6727, -8.4596 ], [ 112.6728, -8.4598 ], [ 112.6727, -8.46 ], [ 112.6726, -8.4599 ], [ 112.6727, -8.4596 ] ] ], [ [ [ 112.6772, -8.4585 ], [ 112.6773, -8.4586 ], [ 112.6769, -8.459 ], [ 112.6767, -8.4587 ], [ 112.6772, -8.4585 ] ] ], [ [ [ 112.6778, -8.4576 ], [ 112.678, -8.458 ], [ 112.6775, -8.4584 ], [ 112.6775, -8.4581 ], [ 112.6778, -8.4576 ] ] ], [ [ [ 112.6808, -8.4571 ], [ 112.6813, -8.4572 ], [ 112.6808, -8.4578 ], [ 112.6807, -8.4577 ], [ 112.6808, -8.4571 ] ] ], [ [ [ 112.6799, -8.4566 ], [ 112.6799, -8.457 ], [ 112.6795, -8.457 ], [ 112.6794, -8.4565 ], [ 112.6799, -8.4566 ] ] ], [ [ [ 112.6793, -8.4556 ], [ 112.6794, -8.456 ], [ 112.679, -8.456 ], [ 112.679, -8.4556 ], [ 112.6793, -8.4556 ] ] ], [ [ [ 112.6764, -8.455 ], [ 112.6764, -8.4553 ], [ 112.6762, -8.4553 ], [ 112.6762, -8.4551 ], [ 112.6764, -8.455 ] ] ], [ [ [ 112.6785, -8.4549 ], [ 112.6786, -8.4553 ], [ 112.6784, -8.4552 ], [ 112.6784, -8.4548 ], [ 112.6785, -8.4549 ] ] ], [ [ [ 112.6774, -8.4531 ], [ 112.6779, -8.4533 ], [ 112.6768, -8.4552 ], [ 112.6769, -8.4545 ], [ 112.6774, -8.4531 ] ] ], [ [ [ 112.6784, -8.4538 ], [ 112.6788, -8.4539 ], [ 112.6787, -8.4541 ], [ 112.6785, -8.4541 ], [ 112.6784, -8.4538 ] ] ], [ [ [ 112.6776, -8.4515 ], [ 112.6779, -8.4515 ], [ 112.6769, -8.4526 ], [ 112.6771, -8.4519 ], [ 112.6776, -8.4515 ] ] ], [ [ [ 112.6786, -8.4515 ], [ 112.6791, -8.4514 ], [ 112.6789, -8.452 ], [ 112.6786, -8.4518 ], [ 112.6786, -8.4515 ] ] ], [ [ [ 112.6723, -8.4498 ], [ 112.6725, -8.4496 ], [ 112.6726, -8.4498 ], [ 112.6724, -8.45 ], [ 112.6723, -8.4498 ] ] ], [ [ [ 112.7059, -8.4634 ], [ 112.7061, -8.464 ], [ 112.7055, -8.4641 ], [ 112.7057, -8.4636 ], [ 112.7059, -8.4634 ] ] ], [ [ [ 112.705, -8.4632 ], [ 112.7047, -8.4639 ], [ 112.7045, -8.4637 ], [ 112.7047, -8.4633 ], [ 112.705, -8.4632 ] ] ], [ [ [ 112.7006, -8.4631 ], [ 112.7007, -8.4625 ], [ 112.7009, -8.4622 ], [ 112.701, -8.4639 ], [ 112.7006, -8.4631 ] ] ], [ [ [ 112.6986, -8.4614 ], [ 112.6995, -8.4613 ], [ 112.6987, -8.4633 ], [ 112.6978, -8.4629 ], [ 112.6986, -8.4614 ] ] ], [ [ [ 112.6919, -8.4613 ], [ 112.6916, -8.4615 ], [ 112.6916, -8.4609 ], [ 112.6918, -8.4609 ], [ 112.6919, -8.4613 ] ] ], [ [ [ 112.6959, -8.4607 ], [ 112.6968, -8.4609 ], [ 112.6965, -8.4617 ], [ 112.6963, -8.4617 ], [ 112.6959, -8.4607 ] ] ], [ [ [ 112.6918, -8.4602 ], [ 112.6919, -8.4607 ], [ 112.6915, -8.4606 ], [ 112.6915, -8.4604 ], [ 112.6918, -8.4602 ] ] ], [ [ [ 112.6952, -8.4591 ], [ 112.6953, -8.4596 ], [ 112.6949, -8.4597 ], [ 112.6946, -8.4592 ], [ 112.6952, -8.4591 ] ] ], [ [ [ 112.6926, -8.4585 ], [ 112.6929, -8.4597 ], [ 112.6926, -8.4594 ], [ 112.6925, -8.4589 ], [ 112.6926, -8.4585 ] ] ], [ [ [ 112.682, -8.4557 ], [ 112.6818, -8.4561 ], [ 112.6815, -8.456 ], [ 112.6815, -8.4556 ], [ 112.682, -8.4557 ] ] ], [ [ [ 112.7085, -8.4615 ], [ 112.7072, -8.4637 ], [ 112.7049, -8.4623 ], [ 112.7038, -8.4642 ], [ 112.7008, -8.461 ], [ 112.6974, -8.4615 ], [ 112.6952, -8.458 ], [ 112.6915, -8.4581 ], [ 112.6921, -8.4563 ], [ 112.6891, -8.4575 ], [ 112.6888, -8.4511 ], [ 112.6865, -8.4529 ], [ 112.6837, -8.4524 ], [ 112.6824, -8.4548 ], [ 112.6811, -8.4547 ], [ 112.6821, -8.453 ], [ 112.6806, -8.4525 ], [ 112.6801, -8.4562 ], [ 112.678, -8.4455 ], [ 112.6802, -8.4415 ], [ 112.6817, -8.44 ], [ 112.6838, -8.4407 ], [ 112.6829, -8.4389 ], [ 112.6872, -8.4354 ], [ 112.6914, -8.435 ], [ 112.6904, -8.4331 ], [ 112.6919, -8.4329 ], [ 112.6918, -8.431 ], [ 112.6964, -8.4295 ], [ 112.7025, -8.43 ], [ 112.7124, -8.4345 ], [ 112.7124, -8.4588 ], [ 112.7105, -8.4583 ], [ 112.7074, -8.4605 ], [ 112.7085, -8.4615 ] ] ], [ [ [ 112.7311, -8.3781 ], [ 112.7376, -8.3958 ], [ 112.7356, -8.4043 ], [ 112.7328, -8.4046 ], [ 112.728, -8.4098 ], [ 112.7263, -8.4173 ], [ 112.7155, -8.4208 ], [ 112.715, -8.4184 ], [ 112.7071, -8.4186 ], [ 112.7004, -8.4263 ], [ 112.693, -8.4265 ], [ 112.6861, -8.432 ], [ 112.6817, -8.4331 ], [ 112.6825, -8.4352 ], [ 112.6754, -8.4427 ], [ 112.6705, -8.4454 ], [ 112.6685, -8.4418 ], [ 112.6687, -8.4375 ], [ 112.6668, -8.4354 ], [ 112.6704, -8.4349 ], [ 112.6753, -8.431 ], [ 112.6766, -8.4273 ], [ 112.678, -8.4277 ], [ 112.6724, -8.4242 ], [ 112.6714, -8.4216 ], [ 112.6737, -8.4164 ], [ 112.6795, -8.4102 ], [ 112.681, -8.4061 ], [ 112.6969, -8.4006 ], [ 112.7026, -8.3917 ], [ 112.7015, -8.3852 ], [ 112.703, -8.3841 ], [ 112.7065, -8.3856 ], [ 112.718, -8.3883 ], [ 112.7222, -8.3851 ], [ 112.7228, -8.3812 ], [ 112.7294, -8.3802 ], [ 112.7311, -8.3781 ] ] ] ] } },
{ "type": "Feature", "properties": { "fid": 491, "GID_4": "IDN.11.22.26.15_1", "GID_0": "IDN", "COUNTRY": "Indonesia", "GID_1": "IDN.11_1", "NAME_1": "JawaTimur", "GID_2": "IDN.11.22_1", "NAME_2": "Malang", "GID_3": "IDN.11.22.26_1", "NAME_3": "Sumbermanjing", "NAME_4": "Tegalrejo", "VARNAME_4": "NA", "TYPE_4": "Desa", "ENGTYPE_4": "Village", "CC_4": "3507060005", "padi_mean": 0.5, "jagung_mean": 0.57149447318426372, "cabai_mean": 0.5, "tomat_mean": 0.5, "kentang_mean": 0.5, "wortel_mean": 0.80000001192092884, "tebu_mean": 0.15075242634136801 }, "geometry": { "type": "MultiPolygon", "coordinates": [ [ [ [ 112.7602, -8.2791 ], [ 112.7596, -8.3051 ], [ 112.7551, -8.3139 ], [ 112.7537, -8.329 ], [ 112.7518, -8.3298 ], [ 112.7481, -8.3416 ], [ 112.7327, -8.3419 ], [ 112.7247, -8.3403 ], [ 112.7262, -8.3313 ], [ 112.7271, -8.3292 ], [ 112.7308, -8.3283 ], [ 112.7327, -8.3192 ], [ 112.738, -8.3152 ], [ 112.738, -8.3121 ], [ 112.7447, -8.3077 ], [ 112.7449, -8.3017 ], [ 112.7361, -8.2931 ], [ 112.7341, -8.2878 ], [ 112.7354, -8.2837 ], [ 112.7347, -8.2759 ], [ 112.7597, -8.2779 ], [ 112.7602, -8.2791 ] ] ] ] } },
{ "type": "Feature", "properties": { "fid": 492, "GID_4": "IDN.11.22.28.1_1", "GID_0": "IDN", "COUNTRY": "Indonesia", "GID_1": "IDN.11_1", "NAME_1": "JawaTimur", "GID_2": "IDN.11.22_1", "NAME_2": "Malang", "GID_3": "IDN.11.22.28_1", "NAME_3": "TirtoYudo", "NAME_4": "Ampelgading", "VARNAME_4": "NA", "TYPE_4": "Desa", "ENGTYPE_4": "Village", "CC_4": "3507080010", "padi_mean": 0.36166153677229551, "jagung_mean": 0.26824237878633855, "cabai_mean": 0.5, "tomat_mean": 0.5, "kentang_mean": 0.5, "wortel_mean": 0.50596294363189043, "tebu_mean": 0.0 }, "geometry": { "type": "MultiPolygon", "coordinates": [ [ [ [ 112.8585, -8.1845 ], [ 112.8523, -8.1826 ], [ 112.8504, -8.187 ], [ 112.8469, -8.1862 ], [ 112.8455, -8.1906 ], [ 112.8424, -8.1939 ], [ 112.842, -8.1971 ], [ 112.8438, -8.2007 ], [ 112.8349, -8.2016 ], [ 112.8319, -8.2051 ], [ 112.8322, -8.2095 ], [ 112.8299, -8.2121 ], [ 112.8299, -8.2174 ], [ 112.8266, -8.2204 ], [ 112.8265, -8.2246 ], [ 112.8183, -8.2244 ], [ 112.8152, -8.2138 ], [ 112.8211, -8.2086 ], [ 112.8224, -8.2041 ], [ 112.8198, -8.2022 ], [ 112.8115, -8.2019 ], [ 112.8134, -8.1993 ], [ 112.8253, -8.1937 ], [ 112.8276, -8.1879 ], [ 112.833, -8.1824 ], [ 112.8347, -8.1766 ], [ 112.8453, -8.1804 ], [ 112.8474, -8.1752 ], [ 112.8509, -8.1754 ], [ 112.8532, -8.1715 ], [ 112.8567, -8.1713 ], [ 112.8585, -8.1845 ] ] ] ] } },
{ "type": "Feature", "properties": { "fid": 493, "GID_4": "IDN.11.22.28.2_1", "GID_0": "IDN", "COUNTRY": "Indonesia", "GID_1": "IDN.11_1", "NAME_1": "JawaTimur", "GID_2": "IDN.11.22_1", "NAME_2": "Malang", "GID_3": "IDN.11.22.28_1", "NAME_3": "TirtoYudo", "NAME_4": "Gadungsari", "VARNAME_4": "NA", "TYPE_4": "Desa", "ENGTYPE_4": "Village", "CC_4": "3507080007", "padi_mean": 0.5, "jagung_mean": 0.5, "cabai_mean": 0.5, "tomat_mean": 0.5, "kentang_mean": 0.5, "wortel_mean": 0.80000001192092896, "tebu_mean": 0.05015375309475379 }, "geometry": { "type": "MultiPolygon", "coordinates": [ [ [ [ 112.7839, -8.2237 ], [ 112.7855, -8.2229 ], [ 112.7856, -8.2198 ], [ 112.7869, -8.2215 ], [ 112.7889, -8.2209 ], [ 112.7887, -8.218 ], [ 112.7907, -8.2213 ], [ 112.7928, -8.2185 ], [ 112.7978, -8.2192 ], [ 112.7997, -8.2173 ], [ 112.8056, -8.2175 ], [ 112.8152, -8.2142 ], [ 112.8183, -8.2244 ], [ 112.8172, -8.2306 ], [ 112.815, -8.2314 ], [ 112.808, -8.2304 ], [ 112.8051, -8.2281 ], [ 112.7988, -8.2286 ], [ 112.7929, -8.2262 ], [ 112.7915, -8.2273 ], [ 112.7881, -8.2244 ], [ 112.7868, -8.2265 ], [ 112.7839, -8.2237 ] ] ] ] } },
{ "type": "Feature", "properties": { "fid": 494, "GID_4": "IDN.11.22.28.3_1", "GID_0": "IDN", "COUNTRY": "Indonesia", "GID_1": "IDN.11_1", "NAME_1": "JawaTimur", "GID_2": "IDN.11.22_1", "NAME_2": "Malang", "GID_3": "IDN.11.22.28_1", "NAME_3": "TirtoYudo", "NAME_4": "Jogomulyan", "VARNAME_4": "NA", "TYPE_4": "Desa", "ENGTYPE_4": "Village", "CC_4": "3507080005", "padi_mean": 0.5, "jagung_mean": 0.5, "cabai_mean": 0.5, "tomat_mean": 0.5, "kentang_mean": 0.5, "wortel_mean": 0.73612382210445559, "tebu_mean": 0.0 }, "geometry": { "type": "MultiPolygon", "coordinates": [ [ [ [ 112.8441, -8.2422 ], [ 112.8485, -8.2531 ], [ 112.8466, -8.2731 ], [ 112.8119, -8.2749 ], [ 112.8088, -8.271 ], [ 112.8089, -8.2683 ], [ 112.816, -8.2693 ], [ 112.8233, -8.2624 ], [ 112.8355, -8.2421 ], [ 112.8441, -8.2422 ] ] ] ] } },
{ "type": "Feature", "properties": { "fid": 495, "GID_4": "IDN.11.22.28.4_1", "GID_0": "IDN", "COUNTRY": "Indonesia", "GID_1": "IDN.11_1", "NAME_1": "JawaTimur", "GID_2": "IDN.11.22_1", "NAME_2": "Malang", "GID_3": "IDN.11.22.28_1", "NAME_3": "TirtoYudo", "NAME_4": "Kepatihan", "VARNAME_4": "NA", "TYPE_4": "Desa", "ENGTYPE_4": "Village", "CC_4": "3507080004", "padi_mean": 0.5, "jagung_mean": 0.46894770939114933, "cabai_mean": 0.5, "tomat_mean": 0.5, "kentang_mean": 0.5, "wortel_mean": 0.74824619372538304, "tebu_mean": 0.0 }, "geometry": { "type": "MultiPolygon", "coordinates": [ [ [ [ 112.8466, -8.2731 ], [ 112.8489, -8.2755 ], [ 112.8514, -8.2737 ], [ 112.8568, -8.2737 ], [ 112.8605, -8.2707 ], [ 112.8631, -8.2724 ], [ 112.8508, -8.2866 ], [ 112.8504, -8.2903 ], [ 112.8464, -8.2955 ], [ 112.846, -8.3014 ], [ 112.843, -8.3026 ], [ 112.8434, -8.3053 ], [ 112.8417, -8.3068 ], [ 112.8367, -8.3026 ], [ 112.8314, -8.3022 ], [ 112.8299, -8.2989 ], [ 112.8221, -8.2962 ], [ 112.8183, -8.2927 ], [ 112.8124, -8.2963 ], [ 112.8088, -8.2878 ], [ 112.8112, -8.2837 ], [ 112.8053, -8.2825 ], [ 112.8123, -8.2762 ], [ 112.8119, -8.2749 ], [ 112.8466, -8.2731 ] ] ] ] } },
{ "type": "Feature", "properties": { "fid": 496, "GID_4": "IDN.11.22.28.5_1", "GID_0": "IDN", "COUNTRY": "Indonesia", "GID_1": "IDN.11_1", "NAME_1": "JawaTimur", "GID_2": "IDN.11.22_1", "NAME_2": "Malang", "GID_3": "IDN.11.22.28_1", "NAME_3": "TirtoYudo", "NAME_4": "Pujiharjo", "VARNAME_4": "NA", "TYPE_4": "Desa", "ENGTYPE_4": "Village", "CC_4": "3507080002", "padi_mean": 0.80959140488017989, "jagung_mean": 1.0, "cabai_mean": 0.5, "tomat_mean": 0.5, "kentang_mean": 0.5, "wortel_mean": 0.6142451616115866, "tebu_mean": 0.5 }, "geometry": { "type": "MultiPolygon", "coordinates": [ [ [ [ 112.8746, -8.3609 ], [ 112.8781, -8.3587 ], [ 112.8796, -8.3598 ], [ 112.8808, -8.3553 ], [ 112.884, -8.3532 ], [ 112.8881, -8.3535 ], [ 112.8917, -8.3566 ], [ 112.8977, -8.3547 ], [ 112.9002, -8.3586 ], [ 112.8985, -8.3622 ], [ 112.8992, -8.366 ], [ 112.9037, -8.3671 ], [ 112.9069, -8.3719 ], [ 112.9098, -8.3711 ], [ 112.9122, -8.3726 ], [ 112.9141, -8.3768 ], [ 112.918, -8.3786 ], [ 112.9214, -8.3829 ], [ 112.9158, -8.3857 ], [ 112.912, -8.3908 ], [ 112.9055, -8.3914 ], [ 112.9053, -8.3865 ], [ 112.9079, -8.3841 ], [ 112.9073, -8.382 ], [ 112.9011, -8.3795 ], [ 112.8975, -8.3797 ], [ 112.8961, -8.3807 ], [ 112.8963, -8.3836 ], [ 112.8929, -8.3863 ], [ 112.8943, -8.3908 ], [ 112.899, -8.395 ], [ 112.8986, -8.3995 ], [ 112.8852, -8.4002 ], [ 112.8852, -8.4017 ], [ 112.8838, -8.4008 ], [ 112.8825, -8.4036 ], [ 112.8792, -8.4035 ], [ 112.8765, -8.4065 ], [ 112.878, -8.4083 ], [ 112.8772, -8.4092 ], [ 112.8765, -8.407 ], [ 112.8718, -8.4087 ], [ 112.8716, -8.4056 ], [ 112.8692, -8.4076 ], [ 112.8678, -8.4034 ], [ 112.8697, -8.4022 ], [ 112.8674, -8.4014 ], [ 112.8687, -8.3995 ], [ 112.8671, -8.3991 ], [ 112.8638, -8.393 ], [ 112.8664, -8.3902 ], [ 112.8669, -8.3846 ], [ 112.8705, -8.3833 ], [ 112.8707, -8.3778 ], [ 112.8649, -8.37 ], [ 112.8746, -8.3609 ] ] ] ] } },
{ "type": "Feature", "properties": { "fid": 497, "GID_4": "IDN.11.22.28.6_1", "GID_0": "IDN", "COUNTRY": "Indonesia", "GID_1": "IDN.11_1", "NAME_1": "JawaTimur", "GID_2": "IDN.11.22_1", "NAME_2": "Malang", "GID_3": "IDN.11.22.28_1", "NAME_3": "TirtoYudo", "NAME_4": "Purwodadi", "VARNAME_4": "NA", "TYPE_4": "Desa", "ENGTYPE_4": "Village", "CC_4": "3507080001", "padi_mean": 0.75, "jagung_mean": 1.0, "cabai_mean": 0.5, "tomat_mean": 0.5, "kentang_mean": 0.5, "wortel_mean": 0.72500000894069672, "tebu_mean": 0.42500000074505806 }, "geometry": { "type": "MultiPolygon", "coordinates": [ [ [ [ 112.8106, -8.4031 ], [ 112.8101, -8.4029 ], [ 112.8102, -8.402 ], [ 112.8107, -8.4021 ], [ 112.8106, -8.4031 ] ] ], [ [ [ 112.8094, -8.4001 ], [ 112.8096, -8.3999 ], [ 112.8097, -8.4001 ], [ 112.8093, -8.4004 ], [ 112.8094, -8.4001 ] ] ], [ [ [ 112.8181, -8.3961 ], [ 112.8179, -8.3958 ], [ 112.818, -8.3953 ], [ 112.8184, -8.3963 ], [ 112.8181, -8.3961 ] ] ], [ [ [ 112.8361, -8.3837 ], [ 112.8367, -8.3823 ], [ 112.8368, -8.3822 ], [ 112.8363, -8.3843 ], [ 112.8361, -8.3837 ] ] ], [ [ [ 112.8388, -8.383 ], [ 112.8389, -8.3827 ], [ 112.839, -8.3831 ], [ 112.8385, -8.3836 ], [ 112.8388, -8.383 ] ] ], [ [ [ 112.8376, -8.383 ], [ 112.8372, -8.3826 ], [ 112.8371, -8.3823 ], [ 112.8372, -8.382 ], [ 112.8376, -8.383 ] ] ], [ [ [ 112.8371, -8.3753 ], [ 112.8367, -8.3751 ], [ 112.837, -8.3745 ], [ 112.8372, -8.3746 ], [ 112.8371, -8.3753 ] ] ], [ [ [ 112.8255, -8.3736 ], [ 112.8251, -8.3733 ], [ 112.8256, -8.373 ], [ 112.826, -8.3731 ], [ 112.8255, -8.3736 ] ] ], [ [ [ 112.8265, -8.3731 ], [ 112.8265, -8.373 ], [ 112.8271, -8.373 ], [ 112.8269, -8.3732 ], [ 112.8265, -8.3731 ] ] ], [ [ [ 112.8587, -8.3574 ], [ 112.8622, -8.3597 ], [ 112.8654, -8.3578 ], [ 112.8685, -8.3599 ], [ 112.8746, -8.3609 ], [ 112.8649, -8.37 ], [ 112.8707, -8.3778 ], [ 112.8705, -8.3833 ], [ 112.8669, -8.3846 ], [ 112.8659, -8.3912 ], [ 112.8585, -8.4023 ], [ 112.8587, -8.3994 ], [ 112.8565, -8.4028 ], [ 112.8545, -8.4001 ], [ 112.8476, -8.4058 ], [ 112.8457, -8.4016 ], [ 112.8448, -8.4035 ], [ 112.8437, -8.4021 ], [ 112.8478, -8.3941 ], [ 112.8515, -8.3913 ], [ 112.8499, -8.3879 ], [ 112.846, -8.3882 ], [ 112.8482, -8.3776 ], [ 112.8446, -8.3767 ], [ 112.8425, -8.3831 ], [ 112.8397, -8.3861 ], [ 112.8402, -8.3831 ], [ 112.8393, -8.3818 ], [ 112.838, -8.3832 ], [ 112.8376, -8.3819 ], [ 112.8387, -8.3724 ], [ 112.8314, -8.369 ], [ 112.8267, -8.3728 ], [ 112.8205, -8.373 ], [ 112.8212, -8.3791 ], [ 112.819, -8.3783 ], [ 112.8172, -8.3801 ], [ 112.8163, -8.3835 ], [ 112.8182, -8.3847 ], [ 112.8158, -8.3865 ], [ 112.8196, -8.3919 ], [ 112.8156, -8.3989 ], [ 112.8125, -8.4005 ], [ 112.8129, -8.4018 ], [ 112.8102, -8.4017 ], [ 112.8094, -8.3976 ], [ 112.8086, -8.3997 ], [ 112.8081, -8.3576 ], [ 112.7917, -8.3589 ], [ 112.7886, -8.3564 ], [ 112.7873, -8.3525 ], [ 112.7823, -8.3488 ], [ 112.7727, -8.3515 ], [ 112.7734, -8.3482 ], [ 112.7796, -8.3408 ], [ 112.7796, -8.333 ], [ 112.7861, -8.3283 ], [ 112.7949, -8.3286 ], [ 112.7948, -8.3309 ], [ 112.8076, -8.3267 ], [ 112.8079, -8.3324 ], [ 112.8113, -8.3321 ], [ 112.8114, -8.3367 ], [ 112.8138, -8.3383 ], [ 112.821, -8.3333 ], [ 112.8355, -8.3322 ], [ 112.84, -8.3333 ], [ 112.8424, -8.3282 ], [ 112.8492, -8.3309 ], [ 112.846, -8.3349 ], [ 112.85, -8.3398 ], [ 112.8516, -8.3454 ], [ 112.8587, -8.3574 ] ] ] ] } },
{ "type": "Feature", "properties": { "fid": 498, "GID_4": "IDN.11.22.28.7_1", "GID_0": "IDN", "COUNTRY": "Indonesia", "GID_1": "IDN.11_1", "NAME_1": "JawaTimur", "GID_2": "IDN.11.22_1", "NAME_2": "Malang", "GID_3": "IDN.11.22.28_1", "NAME_3": "TirtoYudo", "NAME_4": "Sukorejo", "VARNAME_4": "NA", "TYPE_4": "Desa", "ENGTYPE_4": "Village", "CC_4": "3507080009", "padi_mean": 0.37468454796836353, "jagung_mean": 0.36958381103346438, "cabai_mean": 0.5, "tomat_mean": 0.5, "kentang_mean": 0.5, "wortel_mean": 0.49709205941751849, "tebu_mean": 0.0 }, "geometry": { "type": "MultiPolygon", "coordinates": [ [ [ [ 112.8504, -8.187 ], [ 112.8503, -8.1912 ], [ 112.8465, -8.1984 ], [ 112.8471, -8.206 ], [ 112.8403, -8.2171 ], [ 112.8376, -8.2255 ], [ 112.833, -8.2261 ], [ 112.8309, -8.2286 ], [ 112.8283, -8.2273 ], [ 112.8256, -8.2253 ], [ 112.8266, -8.2204 ], [ 112.8299, -8.2174 ], [ 112.8319, -8.2051 ], [ 112.8349, -8.2016 ], [ 112.8438, -8.2007 ], [ 112.8419, -8.1967 ], [ 112.8426, -8.1933 ], [ 112.8455, -8.1906 ], [ 112.8469, -8.1862 ], [ 112.8504, -8.187 ] ] ] ] } },
{ "type": "Feature", "properties": { "fid": 499, "GID_4": "IDN.11.22.28.8_1", "GID_0": "IDN", "COUNTRY": "Indonesia", "GID_1": "IDN.11_1", "NAME_1": "JawaTimur", "GID_2": "IDN.11.22_1", "NAME_2": "Malang", "GID_3": "IDN.11.22.28_1", "NAME_3": "TirtoYudo", "NAME_4": "Sumbertangkil", "VARNAME_4": "NA", "TYPE_4": "Desa", "ENGTYPE_4": "Village", "CC_4": "3507080003", "padi_mean": 0.5, "jagung_mean": 0.53920750923670602, "cabai_mean": 0.5, "tomat_mean": 0.5, "kentang_mean": 0.5, "wortel_mean": 0.75008830494807177, "tebu_mean": 0.069154533122923384 }, "geometry": { "type": "MultiPolygon", "coordinates": [ [ [ [ 112.8858, -8.286 ], [ 112.8842, -8.2878 ], [ 112.8857, -8.2903 ], [ 112.8834, -8.2942 ], [ 112.8849, -8.2975 ], [ 112.8816, -8.3015 ], [ 112.8811, -8.3125 ], [ 112.8666, -8.3167 ], [ 112.8623, -8.3242 ], [ 112.851, -8.3269 ], [ 112.8495, -8.3304 ], [ 112.8437, -8.3288 ], [ 112.8402, -8.3259 ], [ 112.8436, -8.3198 ], [ 112.8422, -8.3113 ], [ 112.8346, -8.3063 ], [ 112.8228, -8.3065 ], [ 112.8113, -8.3001 ], [ 112.8121, -8.2966 ], [ 112.8183, -8.2927 ], [ 112.8221, -8.2962 ], [ 112.8299, -8.2989 ], [ 112.8314, -8.3022 ], [ 112.8367, -8.3026 ], [ 112.8425, -8.3066 ], [ 112.843, -8.3026 ], [ 112.846, -8.3014 ], [ 112.8464, -8.2955 ], [ 112.8504, -8.2903 ], [ 112.8508, -8.2866 ], [ 112.8631, -8.2724 ], [ 112.8683, -8.2759 ], [ 112.8691, -8.2804 ], [ 112.876, -8.2847 ], [ 112.8808, -8.2821 ], [ 112.8858, -8.286 ] ] ] ] } },
{ "type": "Feature", "properties": { "fid": 500, "GID_4": "IDN.11.22.28.9_1", "GID_0": "IDN", "COUNTRY": "Indonesia", "GID_1": "IDN.11_1", "NAME_1": "JawaTimur", "GID_2": "IDN.11.22_1", "NAME_2": "Malang", "GID_3": "IDN.11.22.28_1", "NAME_3": "TirtoYudo", "NAME_4": "Tamankuncaran", "VARNAME_4": "NA", "TYPE_4": "Desa", "ENGTYPE_4": "Village", "CC_4": "3507080011", "padi_mean": 0.5, "jagung_mean": 0.30655829022503456, "cabai_mean": 0.5, "tomat_mean": 0.5, "kentang_mean": 0.5, "wortel_mean": 0.477597159093202, "tebu_mean": 0.0 }, "geometry": { "type": "MultiPolygon", "coordinates": [ [ [ [ 112.7924, -8.2187 ], [ 112.793, -8.2132 ], [ 112.8037, -8.199 ], [ 112.8028, -8.197 ], [ 112.8051, -8.1951 ], [ 112.8053, -8.1924 ], [ 112.8085, -8.1912 ], [ 112.8094, -8.1864 ], [ 112.8272, -8.1875 ], [ 112.8253, -8.1937 ], [ 112.8134, -8.1993 ], [ 112.8115, -8.2019 ], [ 112.8221, -8.203 ], [ 112.8211, -8.2086 ], [ 112.8175, -8.2131 ], [ 112.8056, -8.2175 ], [ 112.7924, -8.2187 ] ] ] ] } },
{ "type": "Feature", "properties": { "fid": 501, "GID_4": "IDN.11.22.28.10_1", "GID_0": "IDN", "COUNTRY": "Indonesia", "GID_1": "IDN.11_1", "NAME_1": "JawaTimur", "GID_2": "IDN.11.22_1", "NAME_2": "Malang", "GID_3": "IDN.11.22.28_1", "NAME_3": "TirtoYudo", "NAME_4": "Tamansatriyan", "VARNAME_4": "NA", "TYPE_4": "Desa", "ENGTYPE_4": "Village", "CC_4": "3507080013", "padi_mean": 0.25549995173074164, "jagung_mean": 0.20000000298023227, "cabai_mean": 0.5, "tomat_mean": 0.5, "kentang_mean": 0.58802663611699824, "wortel_mean": 0.46300003600413531, "tebu_mean": 0.0 }, "geometry": { "type": "MultiPolygon", "coordinates": [ [ [ [ 112.8473, -8.1303 ], [ 112.8511, -8.1405 ], [ 112.8563, -8.1397 ], [ 112.8605, -8.137 ], [ 112.8631, -8.1393 ], [ 112.8594, -8.1454 ], [ 112.8622, -8.1504 ], [ 112.8563, -8.1646 ], [ 112.8567, -8.1713 ], [ 112.8532, -8.1715 ], [ 112.8509, -8.1754 ], [ 112.8474, -8.1752 ], [ 112.8454, -8.1803 ], [ 112.8347, -8.1766 ], [ 112.834, -8.1796 ], [ 112.8281, -8.1755 ], [ 112.8253, -8.1786 ], [ 112.8199, -8.1755 ], [ 112.8126, -8.1803 ], [ 112.8097, -8.1732 ], [ 112.7946, -8.1699 ], [ 112.7964, -8.1691 ], [ 112.8003, -8.1618 ], [ 112.8103, -8.1589 ], [ 112.8177, -8.1544 ], [ 112.8198, -8.1507 ], [ 112.8244, -8.1502 ], [ 112.8289, -8.1479 ], [ 112.8295, -8.146 ], [ 112.8322, -8.1456 ], [ 112.8339, -8.1429 ], [ 112.8396, -8.1412 ], [ 112.8436, -8.1332 ], [ 112.8473, -8.1303 ] ] ] ] } },
{ "type": "Feature", "properties": { "fid": 502, "GID_4": "IDN.11.22.28.11_1", "GID_0": "IDN", "COUNTRY": "Indonesia", "GID_1": "IDN.11_1", "NAME_1": "JawaTimur", "GID_2": "IDN.11.22_1", "NAME_2": "Malang", "GID_3": "IDN.11.22.28_1", "NAME_3": "TirtoYudo", "NAME_4": "Tirtoyudo", "VARNAME_4": "NA", "TYPE_4": "Desa", "ENGTYPE_4": "Village", "CC_4": "3507080006", "padi_mean": 0.5, "jagung_mean": 0.5, "cabai_mean": 0.5, "tomat_mean": 0.5, "kentang_mean": 0.5, "wortel_mean": 0.79346074051831617, "tebu_mean": 0.0 }, "geometry": { "type": "MultiPolygon", "coordinates": [ [ [ [ 112.8097, -8.2681 ], [ 112.8092, -8.2634 ], [ 112.8016, -8.2562 ], [ 112.8026, -8.2523 ], [ 112.8056, -8.2494 ], [ 112.8049, -8.246 ], [ 112.8062, -8.2441 ], [ 112.8031, -8.2297 ], [ 112.8051, -8.2281 ], [ 112.8064, -8.2298 ], [ 112.8134, -8.2306 ], [ 112.819, -8.2342 ], [ 112.8271, -8.2326 ], [ 112.8301, -8.2339 ], [ 112.8341, -8.2397 ], [ 112.836, -8.2403 ], [ 112.8335, -8.2473 ], [ 112.8236, -8.2621 ], [ 112.816, -8.2693 ], [ 112.8097, -8.2681 ] ] ] ] } },
{ "type": "Feature", "properties": { "fid": 503, "GID_4": "IDN.11.22.28.12_1", "GID_0": "IDN", "COUNTRY": "Indonesia", "GID_1": "IDN.11_1", "NAME_1": "JawaTimur", "GID_2": "IDN.11.22_1", "NAME_2": "Malang", "GID_3": "IDN.11.22.28_1", "NAME_3": "TirtoYudo", "NAME_4": "Tlogosari", "VARNAME_4": "NA", "TYPE_4": "Desa", "ENGTYPE_4": "Village", "CC_4": "3507080008", "padi_mean": 0.5, "jagung_mean": 0.5, "cabai_mean": 0.5, "tomat_mean": 0.5, "kentang_mean": 0.5, "wortel_mean": 0.49675860651877196, "tebu_mean": 0.0 }, "geometry": { "type": "MultiPolygon", "coordinates": [ [ [ [ 112.839, -8.2205 ], [ 112.8396, -8.2254 ], [ 112.8453, -8.2264 ], [ 112.8471, -8.2291 ], [ 112.8468, -8.2353 ], [ 112.8441, -8.2422 ], [ 112.8355, -8.2421 ], [ 112.836, -8.2403 ], [ 112.8341, -8.2397 ], [ 112.8301, -8.2339 ], [ 112.8271, -8.2326 ], [ 112.819, -8.2342 ], [ 112.8156, -8.2329 ], [ 112.815, -8.2314 ], [ 112.8172, -8.2306 ], [ 112.8183, -8.2244 ], [ 112.826, -8.2249 ], [ 112.8309, -8.2286 ], [ 112.833, -8.2261 ], [ 112.8376, -8.2255 ], [ 112.839, -8.2205 ] ] ] ] } },
{ "type": "Feature", "properties": { "fid": 504, "GID_4": "IDN.11.22.28.13_1", "GID_0": "IDN", "COUNTRY": "Indonesia", "GID_1": "IDN.11_1", "NAME_1": "JawaTimur", "GID_2": "IDN.11.22_1", "NAME_2": "Malang", "GID_3": "IDN.11.22.28_1", "NAME_3": "TirtoYudo", "NAME_4": "Wonoagung", "VARNAME_4": "NA", "TYPE_4": "Desa", "ENGTYPE_4": "Village", "CC_4": "3507080012", "padi_mean": 0.49983012223355361, "jagung_mean": 0.2923438151064498, "cabai_mean": 0.5, "tomat_mean": 0.5, "kentang_mean": 0.5, "wortel_mean": 0.45401961883221947, "tebu_mean": 0.061562542946400643 }, "geometry": { "type": "MultiPolygon", "coordinates": [ [ [ [ 112.8008, -8.2017 ], [ 112.7996, -8.1982 ], [ 112.801, -8.1847 ], [ 112.7977, -8.1871 ], [ 112.7948, -8.1868 ], [ 112.7865, -8.1927 ], [ 112.7828, -8.1923 ], [ 112.7707, -8.2011 ], [ 112.7708, -8.1975 ], [ 112.7738, -8.1961 ], [ 112.774, -8.1922 ], [ 112.7726, -8.1906 ], [ 112.7735, -8.1874 ], [ 112.7785, -8.1822 ], [ 112.7844, -8.181 ], [ 112.7893, -8.1758 ], [ 112.7884, -8.1739 ], [ 112.7936, -8.1698 ], [ 112.8097, -8.1732 ], [ 112.8126, -8.1803 ], [ 112.8199, -8.1755 ], [ 112.8253, -8.1786 ], [ 112.8287, -8.1756 ], [ 112.834, -8.1796 ], [ 112.8272, -8.1886 ], [ 112.8237, -8.1864 ], [ 112.8094, -8.1864 ], [ 112.8085, -8.1912 ], [ 112.8053, -8.1924 ], [ 112.8051, -8.1951 ], [ 112.8028, -8.197 ], [ 112.8038, -8.1988 ], [ 112.8008, -8.2017 ] ] ] ] } },
{ "type": "Feature", "properties": { "fid": 505, "GID_4": "IDN.11.22.29.1_1", "GID_0": "IDN", "COUNTRY": "Indonesia", "GID_1": "IDN.11_1", "NAME_1": "JawaTimur", "GID_2": "IDN.11.22_1", "NAME_2": "Malang", "GID_3": "IDN.11.22.29_1", "NAME_3": "Tumpang", "NAME_4": "Benjor", "VARNAME_4": "NA", "TYPE_4": "Desa", "ENGTYPE_4": "Village", "CC_4": "3507240013", "padi_mean": 0.2338349647077396, "jagung_mean": 0.16480326621093322, "cabai_mean": 0.5, "tomat_mean": 0.44720489615723208, "kentang_mean": 0.58799184061206689, "wortel_mean": 0.47744335996872889, "tebu_mean": 0.0 }, "geometry": { "type": "MultiPolygon", "coordinates": [ [ [ [ 112.7906, -7.9961 ], [ 112.8115, -8.0002 ], [ 112.8236, -7.9959 ], [ 112.8297, -7.9893 ], [ 112.8342, -7.9883 ], [ 112.8392, -7.9894 ], [ 112.8454, -7.986 ], [ 112.8381, -8.0006 ], [ 112.8351, -8.002 ], [ 112.8259, -8.0019 ], [ 112.818, -8.0057 ], [ 112.8076, -8.0055 ], [ 112.7963, -8.0112 ], [ 112.793, -8.0169 ], [ 112.7865, -8.0197 ], [ 112.7821, -8.0165 ], [ 112.7871, -8.0145 ], [ 112.7854, -8.0128 ], [ 112.7935, -8.005 ], [ 112.7897, -8.003 ], [ 112.7925, -7.9994 ], [ 112.7906, -7.9961 ] ] ] ] } },
{ "type": "Feature", "properties": { "fid": 506, "GID_4": "IDN.11.22.29.2_1", "GID_0": "IDN", "COUNTRY": "Indonesia", "GID_1": "IDN.11_1", "NAME_1": "JawaTimur", "GID_2": "IDN.11.22_1", "NAME_2": "Malang", "GID_3": "IDN.11.22.29_1", "NAME_3": "Tumpang", "NAME_4": "Bokor", "VARNAME_4": "NA", "TYPE_4": "Desa", "ENGTYPE_4": "Village", "CC_4": "3507240006", "padi_mean": 0.5, "jagung_mean": 0.45157622828393035, "cabai_mean": 0.5, "tomat_mean": 0.5, "kentang_mean": 0.5, "wortel_mean": 0.7192937249257344, "tebu_mean": 0.0 }, "geometry": { "type": "MultiPolygon", "coordinates": [ [ [ [ 112.751, -8.0087 ], [ 112.7501, -8.0074 ], [ 112.7474, -8.0095 ], [ 112.7439, -8.007 ], [ 112.7391, -8.0074 ], [ 112.7368, -8.0044 ], [ 112.7339, -8.0052 ], [ 112.7327, -8.0034 ], [ 112.7343, -8.0002 ], [ 112.7392, -7.9967 ], [ 112.7436, -7.9992 ], [ 112.7529, -7.9999 ], [ 112.7531, -8.0052 ], [ 112.7548, -8.0056 ], [ 112.751, -8.0087 ] ] ] ] } },
{ "type": "Feature", "properties": { "fid": 507, "GID_4": "IDN.11.22.29.3_1", "GID_0": "IDN", "COUNTRY": "Indonesia", "GID_1": "IDN.11_1", "NAME_1": "JawaTimur", "GID_2": "IDN.11.22_1", "NAME_2": "Malang", "GID_3": "IDN.11.22.29_1", "NAME_3": "Tumpang", "NAME_4": "Duwet", "VARNAME_4": "NA", "TYPE_4": "Desa", "ENGTYPE_4": "Village", "CC_4": "3507240014", "padi_mean": 0.29935235457038106, "jagung_mean": 0.19389927302256815, "cabai_mean": 0.5, "tomat_mean": 0.4908489052907738, "kentang_mean": 0.51525182466689035, "wortel_mean": 0.43376510222982401, "tebu_mean": 0.0 }, "geometry": { "type": "MultiPolygon", "coordinates": [ [ [ [ 112.7804, -8.0295 ], [ 112.779, -8.0263 ], [ 112.7737, -8.0268 ], [ 112.7727, -8.0254 ], [ 112.7741, -8.0183 ], [ 112.7775, -8.0193 ], [ 112.7821, -8.0165 ], [ 112.7865, -8.0197 ], [ 112.7889, -8.0192 ], [ 112.7937, -8.0162 ], [ 112.7963, -8.0112 ], [ 112.8081, -8.0054 ], [ 112.818, -8.0057 ], [ 112.8276, -8.0017 ], [ 112.8364, -8.0019 ], [ 112.8395, -8.0039 ], [ 112.8128, -8.0132 ], [ 112.8121, -8.0165 ], [ 112.8095, -8.0181 ], [ 112.8025, -8.0185 ], [ 112.7994, -8.0166 ], [ 112.7957, -8.0205 ], [ 112.7947, -8.0241 ], [ 112.7869, -8.029 ], [ 112.7871, -8.0302 ], [ 112.7818, -8.0285 ], [ 112.7804, -8.0295 ] ] ] ] } },
{ "type": "Feature", "properties": { "fid": 508, "GID_4": "IDN.11.22.29.4_1", "GID_0": "IDN", "COUNTRY": "Indonesia", "GID_1": "IDN.11_1", "NAME_1": "JawaTimur", "GID_2": "IDN.11.22_1", "NAME_2": "Malang", "GID_3": "IDN.11.22.29_1", "NAME_3": "Tumpang", "NAME_4": "DuwetKrajan", "VARNAME_4": "NA", "TYPE_4": "Desa", "ENGTYPE_4": "Village", "CC_4": "3507240015", "padi_mean": 0.20165519794384823, "jagung_mean": 0.17626873231780968, "cabai_mean": 0.5, "tomat_mean": 0.46440309489042492, "kentang_mean": 0.55932817577199767, "wortel_mean": 0.49889653674573226, "tebu_mean": 0.0 }, "geometry": { "type": "MultiPolygon", "coordinates": [ [ [ [ 112.8395, -8.0039 ], [ 112.8412, -8.0074 ], [ 112.8358, -8.0137 ], [ 112.8361, -8.0177 ], [ 112.8293, -8.0232 ], [ 112.8184, -8.0264 ], [ 112.805, -8.0264 ], [ 112.8008, -8.0278 ], [ 112.7977, -8.0263 ], [ 112.7905, -8.0292 ], [ 112.7908, -8.0262 ], [ 112.7947, -8.0241 ], [ 112.7957, -8.0205 ], [ 112.7994, -8.0166 ], [ 112.8025, -8.0185 ], [ 112.8095, -8.0181 ], [ 112.8121, -8.0165 ], [ 112.8128, -8.0132 ], [ 112.8395, -8.0039 ] ] ] ] } },
{ "type": "Feature", "properties": { "fid": 509, "GID_4": "IDN.11.22.29.5_1", "GID_0": "IDN", "COUNTRY": "Indonesia", "GID_1": "IDN.11_1", "NAME_1": "JawaTimur", "GID_2": "IDN.11.22_1", "NAME_2": "Malang", "GID_3": "IDN.11.22.29_1", "NAME_3": "Tumpang", "NAME_4": "Jeru", "VARNAME_4": "NA", "TYPE_4": "Desa", "ENGTYPE_4": "Village", "CC_4": "3507240009", "padi_mean": 0.5, "jagung_mean": 0.20188837014574162, "cabai_mean": 0.5, "tomat_mean": 0.5, "kentang_mean": 0.5, "wortel_mean": 0.30314729056137668, "tebu_mean": 0.0 }, "geometry": { "type": "MultiPolygon", "coordinates": [ [ [ [ 112.7592, -7.9857 ], [ 112.7656, -7.9896 ], [ 112.7687, -7.9882 ], [ 112.7786, -7.9905 ], [ 112.7811, -7.9928 ], [ 112.7853, -7.9925 ], [ 112.7883, -7.995 ], [ 112.7903, -7.9939 ], [ 112.7907, -7.9974 ], [ 112.7773, -7.9959 ], [ 112.7751, -7.9971 ], [ 112.7711, -7.9956 ], [ 112.7688, -7.997 ], [ 112.7651, -7.9965 ], [ 112.7545, -7.9931 ], [ 112.7542, -7.9911 ], [ 112.7486, -7.9887 ], [ 112.7502, -7.987 ], [ 112.7568, -7.9884 ], [ 112.7592, -7.9857 ] ] ] ] } },
{ "type": "Feature", "properties": { "fid": 510, "GID_4": "IDN.11.22.29.8_1", "GID_0": "IDN", "COUNTRY": "Indonesia", "GID_1": "IDN.11_1", "NAME_1": "JawaTimur", "GID_2": "IDN.11.22_1", "NAME_2": "Malang", "GID_3": "IDN.11.22.29_1", "NAME_3": "Tumpang", "NAME_4": "Malangsuko", "VARNAME_4": "NA", "TYPE_4": "Desa", "ENGTYPE_4": "Village", "CC_4": "3507240010", "padi_mean": 0.49886162481423629, "jagung_mean": 0.20000000298023221, "cabai_mean": 0.5, "tomat_mean": 0.5, "kentang_mean": 0.5, "wortel_mean": 0.30075892867374232, "tebu_mean": 0.0 }, "geometry": { "type": "MultiPolygon", "coordinates": [ [ [ [ 112.7907, -7.9974 ], [ 112.7925, -7.9994 ], [ 112.7898, -8.0028 ], [ 112.7817, -8.0016 ], [ 112.7786, -8.0031 ], [ 112.7704, -8.0029 ], [ 112.7643, -8.0009 ], [ 112.76, -8.003 ], [ 112.76, -8.0008 ], [ 112.7559, -7.9993 ], [ 112.7545, -7.9931 ], [ 112.7688, -7.997 ], [ 112.7711, -7.9956 ], [ 112.7751, -7.9971 ], [ 112.7773, -7.9959 ], [ 112.7907, -7.9974 ] ] ] ] } },
{ "type": "Feature", "properties": { "fid": 511, "GID_4": "IDN.11.22.29.11_1", "GID_0": "IDN", "COUNTRY": "Indonesia", "GID_1": "IDN.11_1", "NAME_1": "JawaTimur", "GID_2": "IDN.11.22_1", "NAME_2": "Malang", "GID_3": "IDN.11.22.29_1", "NAME_3": "Tumpang", "NAME_4": "Pulungdowo", "VARNAME_4": "NA", "TYPE_4": "Desa", "ENGTYPE_4": "Village", "CC_4": "3507240005", "padi_mean": 0.5, "jagung_mean": 0.46103892805906521, "cabai_mean": 0.5, "tomat_mean": 0.5, "kentang_mean": 0.5, "wortel_mean": 0.73506489137429853, "tebu_mean": 0.0 }, "geometry": { "type": "MultiPolygon", "coordinates": [ [ [ [ 112.7485, -8.0309 ], [ 112.7456, -8.0287 ], [ 112.7448, -8.0298 ], [ 112.7388, -8.0294 ], [ 112.7297, -8.0208 ], [ 112.7305, -8.0134 ], [ 112.7333, -8.0095 ], [ 112.7315, -8.0062 ], [ 112.7327, -8.0034 ], [ 112.7339, -8.0052 ], [ 112.7368, -8.0044 ], [ 112.7391, -8.0074 ], [ 112.7439, -8.007 ], [ 112.7471, -8.0095 ], [ 112.7504, -8.0074 ], [ 112.7492, -8.012 ], [ 112.7515, -8.0132 ], [ 112.7512, -8.0153 ], [ 112.7571, -8.0176 ], [ 112.75, -8.0309 ], [ 112.7485, -8.0309 ] ] ] ] } },
{ "type": "Feature", "properties": { "fid": 512, "GID_4": "IDN.11.22.29.12_1", "GID_0": "IDN", "COUNTRY": "Indonesia", "GID_1": "IDN.11_1", "NAME_1": "JawaTimur", "GID_2": "IDN.11.22_1", "NAME_2": "Malang", "GID_3": "IDN.11.22.29_1", "NAME_3": "Tumpang", "NAME_4": "Slamet", "VARNAME_4": "NA", "TYPE_4": "Desa", "ENGTYPE_4": "Village", "CC_4": "3507240007", "padi_mean": 0.5, "jagung_mean": 0.5, "cabai_mean": 0.5, "tomat_mean": 0.5, "kentang_mean": 0.5, "wortel_mean": 0.80000001192092907, "tebu_mean": 0.0 }, "geometry": { "type": "MultiPolygon", "coordinates": [ [ [ [ 112.7214, -8.0024 ], [ 112.7236, -7.9943 ], [ 112.7273, -7.9927 ], [ 112.7191, -7.9893 ], [ 112.719, -7.988 ], [ 112.7226, -7.9881 ], [ 112.7279, -7.9916 ], [ 112.7323, -7.9877 ], [ 112.7385, -7.9906 ], [ 112.74, -7.9939 ], [ 112.7387, -7.9949 ], [ 112.7393, -7.9975 ], [ 112.7343, -8.0002 ], [ 112.7322, -8.0047 ], [ 112.7306, -8.005 ], [ 112.7295, -8.0025 ], [ 112.7281, -8.0042 ], [ 112.7214, -8.0024 ] ] ] ] } },
{ "type": "Feature", "properties": { "fid": 513, "GID_4": "IDN.11.22.29.13_1", "GID_0": "IDN", "COUNTRY": "Indonesia", "GID_1": "IDN.11_1", "NAME_1": "JawaTimur", "GID_2": "IDN.11.22_1", "NAME_2": "Malang", "GID_3": "IDN.11.22.29_1", "NAME_3": "Tumpang", "NAME_4": "Tulusbesar", "VARNAME_4": "NA", "TYPE_4": "Desa", "ENGTYPE_4": "Village", "CC_4": "3507240012", "padi_mean": 0.5, "jagung_mean": 0.20000000298023224, "cabai_mean": 0.5, "tomat_mean": 0.5, "kentang_mean": 0.5, "wortel_mean": 0.30000001192092896, "tebu_mean": 0.0 }, "geometry": { "type": "MultiPolygon", "coordinates": [ [ [ [ 112.7737, -8.0268 ], [ 112.7685, -8.0237 ], [ 112.7651, -8.0236 ], [ 112.7649, -8.025 ], [ 112.7572, -8.0217 ], [ 112.7567, -8.0182 ], [ 112.7593, -8.0175 ], [ 112.764, -8.0077 ], [ 112.7713, -8.0086 ], [ 112.7782, -8.0128 ], [ 112.7838, -8.0137 ], [ 112.7828, -8.0163 ], [ 112.7775, -8.0193 ], [ 112.7741, -8.0183 ], [ 112.7727, -8.0254 ], [ 112.7737, -8.0268 ] ] ] ] } },
{ "type": "Feature", "properties": { "fid": 514, "GID_4": "IDN.11.22.29.14_1", "GID_0": "IDN", "COUNTRY": "Indonesia", "GID_1": "IDN.11_1", "NAME_1": "JawaTimur", "GID_2": "IDN.11.22_1", "NAME_2": "Malang", "GID_3": "IDN.11.22.29_1", "NAME_3": "Tumpang", "NAME_4": "Tumpang", "VARNAME_4": "NA", "TYPE_4": "Desa", "ENGTYPE_4": "Village", "CC_4": "3507240011", "padi_mean": 0.49805597713985628, "jagung_mean": 0.20039560935900888, "cabai_mean": 0.5, "tomat_mean": 0.5, "kentang_mean": 0.5, "wortel_mean": 0.30195537106782872, "tebu_mean": 0.0 }, "geometry": { "type": "MultiPolygon", "coordinates": [ [ [ [ 112.7898, -8.0028 ], [ 112.7935, -8.005 ], [ 112.7854, -8.0128 ], [ 112.7874, -8.0138 ], [ 112.7868, -8.0148 ], [ 112.7782, -8.0128 ], [ 112.7713, -8.0086 ], [ 112.7675, -8.009 ], [ 112.7661, -8.0075 ], [ 112.764, -8.0077 ], [ 112.7587, -8.0182 ], [ 112.7516, -8.0156 ], [ 112.7515, -8.0132 ], [ 112.7492, -8.012 ], [ 112.7548, -8.0056 ], [ 112.7531, -8.0052 ], [ 112.7539, -8.0028 ], [ 112.7521, -8.0022 ], [ 112.7534, -7.9989 ], [ 112.76, -8.0008 ], [ 112.76, -8.003 ], [ 112.7643, -8.0009 ], [ 112.7704, -8.0029 ], [ 112.7786, -8.0031 ], [ 112.7817, -8.0016 ], [ 112.7898, -8.0028 ] ] ] ] } },
{ "type": "Feature", "properties": { "fid": 515, "GID_4": "IDN.11.22.29.15_1", "GID_0": "IDN", "COUNTRY": "Indonesia", "GID_1": "IDN.11_1", "NAME_1": "JawaTimur", "GID_2": "IDN.11.22_1", "NAME_2": "Malang", "GID_3": "IDN.11.22.29_1", "NAME_3": "Tumpang", "NAME_4": "Wringinsongo", "VARNAME_4": "NA", "TYPE_4": "Desa", "ENGTYPE_4": "Village", "CC_4": "3507240008", "padi_mean": 0.5, "jagung_mean": 0.41218593199334358, "cabai_mean": 0.5, "tomat_mean": 0.5, "kentang_mean": 0.5, "wortel_mean": 0.65364323045591111, "tebu_mean": 0.0 }, "geometry": { "type": "MultiPolygon", "coordinates": [ [ [ [ 112.7384, -7.9905 ], [ 112.7383, -7.9894 ], [ 112.7438, -7.9904 ], [ 112.7444, -7.9888 ], [ 112.7475, -7.9884 ], [ 112.7535, -7.9907 ], [ 112.7559, -7.9993 ], [ 112.7436, -7.9992 ], [ 112.7401, -7.9975 ], [ 112.7384, -7.9905 ] ] ] ] } },
{ "type": "Feature", "properties": { "fid": 516, "GID_4": "IDN.11.22.30.1_1", "GID_0": "IDN", "COUNTRY": "Indonesia", "GID_1": "IDN.11_1", "NAME_1": "JawaTimur", "GID_2": "IDN.11.22_1", "NAME_2": "Malang", "GID_3": "IDN.11.22.30_1", "NAME_3": "Turen", "NAME_4": "GedogKulon", "VARNAME_4": "NA", "TYPE_4": "Desa", "ENGTYPE_4": "Village", "CC_4": "3507120005", "padi_mean": 0.5, "jagung_mean": 1.0, "cabai_mean": 0.5, "tomat_mean": 0.5, "kentang_mean": 0.5, "wortel_mean": 0.5989944315287592, "tebu_mean": 0.5 }, "geometry": { "type": "MultiPolygon", "coordinates": [ [ [ [ 112.6884, -8.1956 ], [ 112.6825, -8.215 ], [ 112.6814, -8.2133 ], [ 112.6757, -8.2129 ], [ 112.6747, -8.2111 ], [ 112.6805, -8.2019 ], [ 112.6807, -8.1979 ], [ 112.6842, -8.1974 ], [ 112.6855, -8.1934 ], [ 112.6884, -8.1956 ] ] ] ] } },
{ "type": "Feature", "properties": { "fid": 517, "GID_4": "IDN.11.22.30.2_1", "GID_0": "IDN", "COUNTRY": "Indonesia", "GID_1": "IDN.11_1", "NAME_1": "JawaTimur", "GID_2": "IDN.11.22_1", "NAME_2": "Malang", "GID_3": "IDN.11.22.30_1", "NAME_3": "Turen", "NAME_4": "GedogWetan", "VARNAME_4": "NA", "TYPE_4": "Desa", "ENGTYPE_4": "Village", "CC_4": "3507120006", "padi_mean": 0.5, "jagung_mean": 1.0, "cabai_mean": 0.5, "tomat_mean": 0.5, "kentang_mean": 0.5, "wortel_mean": 0.651723424378986, "tebu_mean": 0.5 }, "geometry": { "type": "MultiPolygon", "coordinates": [ [ [ [ 112.7049, -8.2012 ], [ 112.7021, -8.2056 ], [ 112.7035, -8.2061 ], [ 112.703, -8.2081 ], [ 112.7012, -8.2071 ], [ 112.6983, -8.2112 ], [ 112.7, -8.2152 ], [ 112.6997, -8.2195 ], [ 112.6969, -8.2196 ], [ 112.6964, -8.2209 ], [ 112.6988, -8.224 ], [ 112.6922, -8.2226 ], [ 112.6926, -8.2216 ], [ 112.6842, -8.2145 ], [ 112.6825, -8.215 ], [ 112.6884, -8.1956 ], [ 112.7049, -8.2012 ] ] ] ] } },
{ "type": "Feature", "properties": { "fid": 518, "GID_4": "IDN.11.22.30.3_1", "GID_0": "IDN", "COUNTRY": "Indonesia", "GID_1": "IDN.11_1", "NAME_1": "JawaTimur", "GID_2": "IDN.11.22_1", "NAME_2": "Malang", "GID_3": "IDN.11.22.30_1", "NAME_3": "Turen", "NAME_4": "Jeru", "VARNAME_4": "NA", "TYPE_4": "Desa", "ENGTYPE_4": "Village", "CC_4": "3507120010", "padi_mean": 0.5, "jagung_mean": 0.51952095448404823, "cabai_mean": 0.5, "tomat_mean": 0.5, "kentang_mean": 0.5, "wortel_mean": 0.79223610971817593, "tebu_mean": 0.5 }, "geometry": { "type": "MultiPolygon", "coordinates": [ [ [ [ 112.6734, -8.1686 ], [ 112.6647, -8.1589 ], [ 112.6708, -8.1541 ], [ 112.6714, -8.1491 ], [ 112.6872, -8.1552 ], [ 112.6882, -8.16 ], [ 112.6904, -8.1606 ], [ 112.6898, -8.1647 ], [ 112.6784, -8.1649 ], [ 112.6775, -8.1674 ], [ 112.6734, -8.1686 ] ] ] ] } },
{ "type": "Feature", "properties": { "fid": 519, "GID_4": "IDN.11.22.30.4_1", "GID_0": "IDN", "COUNTRY": "Indonesia", "GID_1": "IDN.11_1", "NAME_1": "JawaTimur", "GID_2": "IDN.11.22_1", "NAME_2": "Malang", "GID_3": "IDN.11.22.30_1", "NAME_3": "Turen", "NAME_4": "Kedok", "VARNAME_4": "NA", "TYPE_4": "Desa", "ENGTYPE_4": "Village", "CC_4": "3507120015", "padi_mean": 0.5, "jagung_mean": 0.5, "cabai_mean": 0.5, "tomat_mean": 0.5, "kentang_mean": 0.5, "wortel_mean": 0.80000001192092896, "tebu_mean": 0.5 }, "geometry": { "type": "MultiPolygon", "coordinates": [ [ [ [ 112.6899, -8.1647 ], [ 112.6904, -8.1606 ], [ 112.6882, -8.16 ], [ 112.6871, -8.1563 ], [ 112.6897, -8.148 ], [ 112.6929, -8.1468 ], [ 112.6973, -8.1368 ], [ 112.7027, -8.1321 ], [ 112.7076, -8.1335 ], [ 112.7041, -8.1404 ], [ 112.7061, -8.1412 ], [ 112.7022, -8.1508 ], [ 112.6982, -8.1543 ], [ 112.6978, -8.1534 ], [ 112.6946, -8.1616 ], [ 112.6899, -8.1647 ] ] ] ] } },
{ "type": "Feature", "properties": { "fid": 520, "GID_4": "IDN.11.22.30.5_1", "GID_0": "IDN", "COUNTRY": "Indonesia", "GID_1": "IDN.11_1", "NAME_1": "JawaTimur", "GID_2": "IDN.11.22_1", "NAME_2": "Malang", "GID_3": "IDN.11.22.30_1", "NAME_3": "Turen", "NAME_4": "Kemulan", "VARNAME_4": "NA", "TYPE_4": "Desa", "ENGTYPE_4": "Village", "CC_4": "3507120001", "padi_mean": 0.5, "jagung_mean": 1.0, "cabai_mean": 0.5, "tomat_mean": 0.5, "kentang_mean": 0.5, "wortel_mean": 0.51111210315917599, "tebu_mean": 0.5 }, "geometry": { "type": "MultiPolygon", "coordinates": [ [ [ [ 112.64, -8.2378 ], [ 112.6408, -8.2348 ], [ 112.6393, -8.2342 ], [ 112.6459, -8.2218 ], [ 112.6491, -8.2224 ], [ 112.6521, -8.2191 ], [ 112.6632, -8.2207 ], [ 112.6696, -8.2232 ], [ 112.6656, -8.2336 ], [ 112.6635, -8.2349 ], [ 112.6577, -8.2361 ], [ 112.6554, -8.2344 ], [ 112.6509, -8.2362 ], [ 112.6505, -8.2332 ], [ 112.6449, -8.2318 ], [ 112.6443, -8.235 ], [ 112.64, -8.2378 ] ] ] ] } },
{ "type": "Feature", "properties": { "fid": 521, "GID_4": "IDN.11.22.30.6_1", "GID_0": "IDN", "COUNTRY": "Indonesia", "GID_1": "IDN.11_1", "NAME_1": "JawaTimur", "GID_2": "IDN.11.22_1", "NAME_2": "Malang", "GID_3": "IDN.11.22.30_1", "NAME_3": "Turen", "NAME_4": "Pagedangan", "VARNAME_4": "NA", "TYPE_4": "Desa", "ENGTYPE_4": "Village", "CC_4": "3507120012", "padi_mean": 0.5, "jagung_mean": 0.54879013282673672, "cabai_mean": 0.5, "tomat_mean": 0.5, "kentang_mean": 0.5, "wortel_mean": 0.77072593106163945, "tebu_mean": 0.38843881471876052 }, "geometry": { "type": "MultiPolygon", "coordinates": [ [ [ [ 112.7292, -8.1572 ], [ 112.729, -8.1609 ], [ 112.7248, -8.1683 ], [ 112.7155, -8.174 ], [ 112.7151, -8.1776 ], [ 112.7131, -8.1772 ], [ 112.7126, -8.1801 ], [ 112.7096, -8.1812 ], [ 112.7021, -8.1769 ], [ 112.705, -8.1699 ], [ 112.7047, -8.1675 ], [ 112.7022, -8.1667 ], [ 112.7028, -8.1631 ], [ 112.6951, -8.1606 ], [ 112.6963, -8.1553 ], [ 112.7019, -8.1513 ], [ 112.7051, -8.1441 ], [ 112.7074, -8.145 ], [ 112.7077, -8.1501 ], [ 112.7133, -8.1543 ], [ 112.7132, -8.156 ], [ 112.717, -8.1553 ], [ 112.7221, -8.1569 ], [ 112.7243, -8.1594 ], [ 112.7276, -8.1565 ], [ 112.7292, -8.1572 ] ] ] ] } },
{ "type": "Feature", "properties": { "fid": 522, "GID_4": "IDN.11.22.30.7_1", "GID_0": "IDN", "COUNTRY": "Indonesia", "GID_1": "IDN.11_1", "NAME_1": "JawaTimur", "GID_2": "IDN.11.22_1", "NAME_2": "Malang", "GID_3": "IDN.11.22.30_1", "NAME_3": "Turen", "NAME_4": "Sanankerto", "VARNAME_4": "NA", "TYPE_4": "Desa", "ENGTYPE_4": "Village", "CC_4": "3507120013", "padi_mean": 0.5, "jagung_mean": 0.5, "cabai_mean": 0.5, "tomat_mean": 0.5, "kentang_mean": 0.5, "wortel_mean": 0.80000001192092896, "tebu_mean": 0.09715200339171591 }, "geometry": { "type": "MultiPolygon", "coordinates": [ [ [ [ 112.7712, -8.1627 ], [ 112.7609, -8.1614 ], [ 112.7575, -8.1534 ], [ 112.7459, -8.1576 ], [ 112.7332, -8.1575 ], [ 112.7316, -8.1566 ], [ 112.735, -8.1548 ], [ 112.7366, -8.1513 ], [ 112.7352, -8.1506 ], [ 112.7358, -8.1482 ], [ 112.7375, -8.1484 ], [ 112.733, -8.1452 ], [ 112.7428, -8.1445 ], [ 112.7511, -8.1491 ], [ 112.7608, -8.1486 ], [ 112.7614, -8.1528 ], [ 112.772, -8.1515 ], [ 112.7711, -8.1547 ], [ 112.773, -8.1552 ], [ 112.7733, -8.1579 ], [ 112.7712, -8.1627 ] ] ] ] } },
{ "type": "Feature", "properties": { "fid": 523, "GID_4": "IDN.11.22.30.8_1", "GID_0": "IDN", "COUNTRY": "Indonesia", "GID_1": "IDN.11_1", "NAME_1": "JawaTimur", "GID_2": "IDN.11.22_1", "NAME_2": "Malang", "GID_3": "IDN.11.22.30_1", "NAME_3": "Turen", "NAME_4": "Sananrejo", "VARNAME_4": "NA", "TYPE_4": "Desa", "ENGTYPE_4": "Village", "CC_4": "3507120014", "padi_mean": 0.5, "jagung_mean": 0.5, "cabai_mean": 0.5, "tomat_mean": 0.5, "kentang_mean": 0.5, "wortel_mean": 0.80000001192092896, "tebu_mean": 0.21280192728283456 }, "geometry": { "type": "MultiPolygon", "coordinates": [ [ [ [ 112.7316, -8.1566 ], [ 112.7307, -8.1578 ], [ 112.7276, -8.1565 ], [ 112.7243, -8.1594 ], [ 112.7221, -8.1569 ], [ 112.717, -8.1553 ], [ 112.7132, -8.156 ], [ 112.7133, -8.1543 ], [ 112.7087, -8.1517 ], [ 112.707, -8.1487 ], [ 112.7074, -8.145 ], [ 112.7051, -8.1441 ], [ 112.7061, -8.1412 ], [ 112.7129, -8.1425 ], [ 112.7133, -8.1408 ], [ 112.7214, -8.1403 ], [ 112.7234, -8.1458 ], [ 112.7289, -8.1458 ], [ 112.7297, -8.1478 ], [ 112.734, -8.1458 ], [ 112.7375, -8.1484 ], [ 112.7358, -8.1482 ], [ 112.7352, -8.1506 ], [ 112.7366, -8.1513 ], [ 112.735, -8.1548 ], [ 112.7316, -8.1566 ] ] ] ] } },
{ "type": "Feature", "properties": { "fid": 524, "GID_4": "IDN.11.22.30.9_1", "GID_0": "IDN", "COUNTRY": "Indonesia", "GID_1": "IDN.11_1", "NAME_1": "JawaTimur", "GID_2": "IDN.11.22_1", "NAME_2": "Malang", "GID_3": "IDN.11.22.30_1", "NAME_3": "Turen", "NAME_4": "Sawahan", "VARNAME_4": "NA", "TYPE_4": "Desa", "ENGTYPE_4": "Village", "CC_4": "3507120003", "padi_mean": 0.5, "jagung_mean": 1.0, "cabai_mean": 0.5, "tomat_mean": 0.5, "kentang_mean": 0.5, "wortel_mean": 0.57422064902537895, "tebu_mean": 0.5 }, "geometry": { "type": "MultiPolygon", "coordinates": [ [ [ [ 112.6501, -8.2063 ], [ 112.6688, -8.2046 ], [ 112.6758, -8.2084 ], [ 112.6725, -8.2209 ], [ 112.6696, -8.2232 ], [ 112.6632, -8.2207 ], [ 112.6521, -8.2191 ], [ 112.6491, -8.2224 ], [ 112.6459, -8.2218 ], [ 112.6477, -8.2168 ], [ 112.6449, -8.2143 ], [ 112.6501, -8.2063 ] ] ] ] } },
{ "type": "Feature", "properties": { "fid": 525, "GID_4": "IDN.11.22.30.10_1", "GID_0": "IDN", "COUNTRY": "Indonesia", "GID_1": "IDN.11_1", "NAME_1": "JawaTimur", "GID_2": "IDN.11.22_1", "NAME_2": "Malang", "GID_3": "IDN.11.22.30_1", "NAME_3": "Turen", "NAME_4": "Sedayu", "VARNAME_4": "NA", "TYPE_4": "Desa", "ENGTYPE_4": "Village", "CC_4": "3507120008", "padi_mean": 0.5, "jagung_mean": 1.0, "cabai_mean": 0.5, "tomat_mean": 0.5, "kentang_mean": 0.5, "wortel_mean": 0.5, "tebu_mean": 0.5 }, "geometry": { "type": "MultiPolygon", "coordinates": [ [ [ [ 112.6749, -8.1938 ], [ 112.6732, -8.1928 ], [ 112.6744, -8.1899 ], [ 112.6755, -8.1904 ], [ 112.6757, -8.1881 ], [ 112.6774, -8.1875 ], [ 112.6833, -8.1761 ], [ 112.6941, -8.1829 ], [ 112.6887, -8.1869 ], [ 112.6879, -8.1915 ], [ 112.6772, -8.188 ], [ 112.6749, -8.1938 ] ] ] ] } },
{ "type": "Feature", "properties": { "fid": 526, "GID_4": "IDN.11.22.30.11_1", "GID_0": "IDN", "COUNTRY": "Indonesia", "GID_1": "IDN.11_1", "NAME_1": "JawaTimur", "GID_2": "IDN.11.22_1", "NAME_2": "Malang", "GID_3": "IDN.11.22.30_1", "NAME_3": "Turen", "NAME_4": "Talangsuko", "VARNAME_4": "NA", "TYPE_4": "Desa", "ENGTYPE_4": "Village", "CC_4": "3507120016", "padi_mean": 0.5, "jagung_mean": 0.5, "cabai_mean": 0.5, "tomat_mean": 0.5, "kentang_mean": 0.5, "wortel_mean": 0.80000001192092896, "tebu_mean": 0.5 }, "geometry": { "type": "MultiPolygon", "coordinates": [ [ [ [ 112.6739, -8.1335 ], [ 112.6754, -8.1336 ], [ 112.681, -8.1271 ], [ 112.6832, -8.128 ], [ 112.6821, -8.1334 ], [ 112.6972, -8.1373 ], [ 112.6929, -8.1468 ], [ 112.6897, -8.148 ], [ 112.6872, -8.1552 ], [ 112.6714, -8.1491 ], [ 112.6753, -8.1406 ], [ 112.6739, -8.1335 ] ] ] ] } },
{ "type": "Feature", "properties": { "fid": 527, "GID_4": "IDN.11.22.30.12_1", "GID_0": "IDN", "COUNTRY": "Indonesia", "GID_1": "IDN.11_1", "NAME_1": "JawaTimur", "GID_2": "IDN.11.22_1", "NAME_2": "Malang", "GID_3": "IDN.11.22.30_1", "NAME_3": "Turen", "NAME_4": "Talok", "VARNAME_4": "NA", "TYPE_4": "Desa", "ENGTYPE_4": "Village", "CC_4": "3507120007", "padi_mean": 0.5, "jagung_mean": 0.99013440371745665, "cabai_mean": 0.5, "tomat_mean": 0.5, "kentang_mean": 0.5, "wortel_mean": 0.50591935800474019, "tebu_mean": 0.5 }, "geometry": { "type": "MultiPolygon", "coordinates": [ [ [ [ 112.7096, -8.1812 ], [ 112.71, -8.1846 ], [ 112.7065, -8.1878 ], [ 112.707, -8.1906 ], [ 112.7041, -8.192 ], [ 112.7036, -8.1945 ], [ 112.7052, -8.1984 ], [ 112.7072, -8.1984 ], [ 112.7062, -8.1997 ], [ 112.7072, -8.201 ], [ 112.6932, -8.1981 ], [ 112.6875, -8.1947 ], [ 112.6883, -8.1875 ], [ 112.6928, -8.1847 ], [ 112.6954, -8.1812 ], [ 112.6942, -8.1794 ], [ 112.6972, -8.179 ], [ 112.6981, -8.1759 ], [ 112.7096, -8.1812 ] ] ] ] } },
{ "type": "Feature", "properties": { "fid": 528, "GID_4": "IDN.11.22.30.13_1", "GID_0": "IDN", "COUNTRY": "Indonesia", "GID_1": "IDN.11_1", "NAME_1": "JawaTimur", "GID_2": "IDN.11.22_1", "NAME_2": "Malang", "GID_3": "IDN.11.22.30_1", "NAME_3": "Turen", "NAME_4": "Tanggung", "VARNAME_4": "NA", "TYPE_4": "Desa", "ENGTYPE_4": "Village", "CC_4": "3507120009", "padi_mean": 0.5, "jagung_mean": 0.96135287518342527, "cabai_mean": 0.5, "tomat_mean": 0.5, "kentang_mean": 0.5, "wortel_mean": 0.52318827581136407, "tebu_mean": 0.5 }, "geometry": { "type": "MultiPolygon", "coordinates": [ [ [ [ 112.6738, -8.1912 ], [ 112.6705, -8.1894 ], [ 112.6681, -8.1789 ], [ 112.6715, -8.1744 ], [ 112.6729, -8.169 ], [ 112.6775, -8.1674 ], [ 112.6784, -8.1649 ], [ 112.6898, -8.1647 ], [ 112.6868, -8.1698 ], [ 112.6809, -8.1729 ], [ 112.6798, -8.1752 ], [ 112.6827, -8.177 ], [ 112.6774, -8.1875 ], [ 112.6738, -8.1912 ] ] ] ] } },
{ "type": "Feature", "properties": { "fid": 529, "GID_4": "IDN.11.22.30.14_1", "GID_0": "IDN", "COUNTRY": "Indonesia", "GID_1": "IDN.11_1", "NAME_1": "JawaTimur", "GID_2": "IDN.11.22_1", "NAME_2": "Malang", "GID_3": "IDN.11.22.30_1", "NAME_3": "Turen", "NAME_4": "Tawangrejeni", "VARNAME_4": "NA", "TYPE_4": "Desa", "ENGTYPE_4": "Village", "CC_4": "3507120002", "padi_mean": 0.5, "jagung_mean": 1.0, "cabai_mean": 0.5, "tomat_mean": 0.5, "kentang_mean": 0.5, "wortel_mean": 0.79872751127514874, "tebu_mean": 0.5 }, "geometry": { "type": "MultiPolygon", "coordinates": [ [ [ [ 112.6955, -8.2239 ], [ 112.697, -8.2249 ], [ 112.6916, -8.2269 ], [ 112.6892, -8.2299 ], [ 112.6857, -8.2281 ], [ 112.6847, -8.2312 ], [ 112.681, -8.2342 ], [ 112.6768, -8.2318 ], [ 112.6748, -8.2337 ], [ 112.6768, -8.2343 ], [ 112.6765, -8.2358 ], [ 112.6721, -8.2336 ], [ 112.668, -8.2367 ], [ 112.6657, -8.2365 ], [ 112.6696, -8.2232 ], [ 112.6737, -8.2187 ], [ 112.6748, -8.2116 ], [ 112.6776, -8.2138 ], [ 112.6814, -8.2133 ], [ 112.6836, -8.2154 ], [ 112.6841, -8.2144 ], [ 112.6926, -8.2216 ], [ 112.6922, -8.2226 ], [ 112.6955, -8.2239 ] ] ] ] } },
{ "type": "Feature", "properties": { "fid": 530, "GID_4": "IDN.11.22.30.15_1", "GID_0": "IDN", "COUNTRY": "Indonesia", "GID_1": "IDN.11_1", "NAME_1": "JawaTimur", "GID_2": "IDN.11.22_1", "NAME_2": "Malang", "GID_3": "IDN.11.22.30_1", "NAME_3": "Turen", "NAME_4": "Tumpukrenteng", "VARNAME_4": "NA", "TYPE_4": "Desa", "ENGTYPE_4": "Village", "CC_4": "3507120017", "padi_mean": 0.5, "jagung_mean": 0.5, "cabai_mean": 0.5, "tomat_mean": 0.5, "kentang_mean": 0.5, "wortel_mean": 0.80000001192092896, "tebu_mean": 0.49859660010168583 }, "geometry": { "type": "MultiPolygon", "coordinates": [ [ [ [ 112.6827, -8.1242 ], [ 112.6876, -8.1184 ], [ 112.6953, -8.1197 ], [ 112.6965, -8.1166 ], [ 112.6981, -8.1171 ], [ 112.6976, -8.1196 ], [ 112.6999, -8.1199 ], [ 112.6996, -8.1219 ], [ 112.7016, -8.1224 ], [ 112.7012, -8.1246 ], [ 112.707, -8.126 ], [ 112.7096, -8.1239 ], [ 112.7064, -8.1298 ], [ 112.7091, -8.1324 ], [ 112.7076, -8.1335 ], [ 112.7027, -8.1321 ], [ 112.6972, -8.1373 ], [ 112.6821, -8.1334 ], [ 112.6832, -8.128 ], [ 112.6809, -8.127 ], [ 112.6827, -8.1242 ] ] ] ] } },
{ "type": "Feature", "properties": { "fid": 531, "GID_4": "IDN.11.22.30.16_1", "GID_0": "IDN", "COUNTRY": "Indonesia", "GID_1": "IDN.11_1", "NAME_1": "JawaTimur", "GID_2": "IDN.11.22_1", "NAME_2": "Malang", "GID_3": "IDN.11.22.30_1", "NAME_3": "Turen", "NAME_4": "Turen", "VARNAME_4": "NA", "TYPE_4": "Desa", "ENGTYPE_4": "Village", "CC_4": "3507120011", "padi_mean": 0.5, "jagung_mean": 0.90019588070296408, "cabai_mean": 0.5, "tomat_mean": 0.5, "kentang_mean": 0.5, "wortel_mean": 0.55988247395773727, "tebu_mean": 0.5 }, "geometry": { "type": "MultiPolygon", "coordinates": [ [ [ [ 112.6898, -8.1647 ], [ 112.6951, -8.1606 ], [ 112.7028, -8.1631 ], [ 112.7022, -8.1667 ], [ 112.7047, -8.1675 ], [ 112.7021, -8.1769 ], [ 112.6981, -8.1759 ], [ 112.6972, -8.179 ], [ 112.6942, -8.1794 ], [ 112.6954, -8.1812 ], [ 112.6941, -8.1829 ], [ 112.6844, -8.1763 ], [ 112.6827, -8.177 ], [ 112.6798, -8.1752 ], [ 112.6811, -8.1727 ], [ 112.6868, -8.1698 ], [ 112.6898, -8.1647 ] ] ] ] } },
{ "type": "Feature", "properties": { "fid": 532, "GID_4": "IDN.11.22.30.17_1", "GID_0": "IDN", "COUNTRY": "Indonesia", "GID_1": "IDN.11_1", "NAME_1": "JawaTimur", "GID_2": "IDN.11.22_1", "NAME_2": "Malang", "GID_3": "IDN.11.22.30_1", "NAME_3": "Turen", "NAME_4": "Undaan", "VARNAME_4": "NA", "TYPE_4": "Desa", "ENGTYPE_4": "Village", "CC_4": "3507120004", "padi_mean": 0.5, "jagung_mean": 1.0, "cabai_mean": 0.5, "tomat_mean": 0.5, "kentang_mean": 0.5, "wortel_mean": 0.50000914183251621, "tebu_mean": 0.5 }, "geometry": { "type": "MultiPolygon", "coordinates": [ [ [ [ 112.6688, -8.2046 ], [ 112.6772, -8.188 ], [ 112.6878, -8.1915 ], [ 112.6842, -8.1974 ], [ 112.6807, -8.1979 ], [ 112.6805, -8.2019 ], [ 112.6759, -8.2084 ], [ 112.6688, -8.2046 ] ] ] ] } },
{ "type": "Feature", "properties": { "fid": 533, "GID_4": "IDN.11.22.32.1_1", "GID_0": "IDN", "COUNTRY": "Indonesia", "GID_1": "IDN.11_1", "NAME_1": "JawaTimur", "GID_2": "IDN.11.22_1", "NAME_2": "Malang", "GID_3": "IDN.11.22.32_1", "NAME_3": "Wajak", "NAME_4": "Bambang", "VARNAME_4": "NA", "TYPE_4": "Desa", "ENGTYPE_4": "Village", "CC_4": "3507110003", "padi_mean": 0.24726032635271913, "jagung_mean": 0.20111234390308588, "cabai_mean": 0.46062982763027727, "tomat_mean": 0.44094473851210925, "kentang_mean": 0.60016691701056324, "wortel_mean": 0.53596398036337378, "tebu_mean": 0.0 }, "geometry": { "type": "MultiPolygon", "coordinates": [ [ [ [ 112.8426, -8.0987 ], [ 112.8536, -8.1039 ], [ 112.8532, -8.1061 ], [ 112.8487, -8.1154 ], [ 112.8421, -8.121 ], [ 112.8385, -8.1221 ], [ 112.8357, -8.1291 ], [ 112.828, -8.1358 ], [ 112.8218, -8.1371 ], [ 112.8046, -8.1464 ], [ 112.8031, -8.1461 ], [ 112.8006, -8.1381 ], [ 112.7955, -8.1396 ], [ 112.7931, -8.1439 ], [ 112.7896, -8.1433 ], [ 112.7887, -8.1389 ], [ 112.7831, -8.1407 ], [ 112.777, -8.1403 ], [ 112.7768, -8.1364 ], [ 112.7743, -8.1322 ], [ 112.7795, -8.1237 ], [ 112.7903, -8.1201 ], [ 112.7927, -8.1214 ], [ 112.7961, -8.1207 ], [ 112.8054, -8.1152 ], [ 112.8104, -8.1146 ], [ 112.8131, -8.1108 ], [ 112.8186, -8.1109 ], [ 112.8294, -8.104 ], [ 112.8327, -8.104 ], [ 112.8426, -8.0987 ] ] ] ] } },
{ "type": "Feature", "properties": { "fid": 534, "GID_4": "IDN.11.22.32.2_1", "GID_0": "IDN", "COUNTRY": "Indonesia", "GID_1": "IDN.11_1", "NAME_1": "JawaTimur", "GID_2": "IDN.11.22_1", "NAME_2": "Malang", "GID_3": "IDN.11.22.32_1", "NAME_3": "Wajak", "NAME_4": "Blayu", "VARNAME_4": "NA", "TYPE_4": "Desa", "ENGTYPE_4": "Village", "CC_4": "3507110007", "padi_mean": 0.5, "jagung_mean": 0.47958559106529147, "cabai_mean": 0.5, "tomat_mean": 0.5, "kentang_mean": 0.5, "wortel_mean": 0.76597599669174987, "tebu_mean": 0.007401305160516381 }, "geometry": { "type": "MultiPolygon", "coordinates": [ [ [ [ 112.7545, -8.1067 ], [ 112.7563, -8.108 ], [ 112.75, -8.1159 ], [ 112.7499, -8.1236 ], [ 112.7456, -8.128 ], [ 112.7425, -8.1284 ], [ 112.7455, -8.1225 ], [ 112.7403, -8.1244 ], [ 112.7378, -8.1226 ], [ 112.7355, -8.1237 ], [ 112.7358, -8.1219 ], [ 112.7331, -8.1207 ], [ 112.7303, -8.1225 ], [ 112.7282, -8.1215 ], [ 112.7333, -8.109 ], [ 112.7348, -8.1092 ], [ 112.7355, -8.1073 ], [ 112.7377, -8.1099 ], [ 112.7392, -8.1078 ], [ 112.7416, -8.109 ], [ 112.7438, -8.108 ], [ 112.7483, -8.1109 ], [ 112.7523, -8.1097 ], [ 112.7545, -8.1067 ] ] ] ] } },
{ "type": "Feature", "properties": { "fid": 535, "GID_4": "IDN.11.22.32.3_1", "GID_0": "IDN", "COUNTRY": "Indonesia", "GID_1": "IDN.11_1", "NAME_1": "JawaTimur", "GID_2": "IDN.11.22_1", "NAME_2": "Malang", "GID_3": "IDN.11.22.32_1", "NAME_3": "Wajak", "NAME_4": "Bringin", "VARNAME_4": "NA", "TYPE_4": "Desa", "ENGTYPE_4": "Village", "CC_4": "3507110004", "padi_mean": 0.5, "jagung_mean": 0.5, "cabai_mean": 0.5, "tomat_mean": 0.5, "kentang_mean": 0.5, "wortel_mean": 0.80000001192092907, "tebu_mean": 0.051840913600545505 }, "geometry": { "type": "MultiPolygon", "coordinates": [ [ [ [ 112.772, -8.1515 ], [ 112.7614, -8.1528 ], [ 112.7608, -8.1486 ], [ 112.7511, -8.1491 ], [ 112.7428, -8.1445 ], [ 112.7362, -8.1452 ], [ 112.736, -8.1377 ], [ 112.741, -8.1337 ], [ 112.7468, -8.1362 ], [ 112.7567, -8.1331 ], [ 112.758, -8.1373 ], [ 112.7561, -8.1384 ], [ 112.7486, -8.1376 ], [ 112.745, -8.1395 ], [ 112.7449, -8.1413 ], [ 112.7466, -8.1442 ], [ 112.749, -8.1429 ], [ 112.7597, -8.1451 ], [ 112.771, -8.1417 ], [ 112.7731, -8.1322 ], [ 112.775, -8.1306 ], [ 112.7742, -8.1329 ], [ 112.7768, -8.1364 ], [ 112.7775, -8.1408 ], [ 112.7887, -8.1389 ], [ 112.7889, -8.1445 ], [ 112.7846, -8.1446 ], [ 112.7789, -8.1475 ], [ 112.7786, -8.1494 ], [ 112.772, -8.1515 ] ] ] ] } },
{ "type": "Feature", "properties": { "fid": 536, "GID_4": "IDN.11.22.32.4_1", "GID_0": "IDN", "COUNTRY": "Indonesia", "GID_1": "IDN.11_1", "NAME_1": "JawaTimur", "GID_2": "IDN.11.22_1", "NAME_2": "Malang", "GID_3": "IDN.11.22.32_1", "NAME_3": "Wajak", "NAME_4": "Codo", "VARNAME_4": "NA", "TYPE_4": "Desa", "ENGTYPE_4": "Village", "CC_4": "3507110008", "padi_mean": 0.5, "jagung_mean": 0.5, "cabai_mean": 0.5, "tomat_mean": 0.5, "kentang_mean": 0.5, "wortel_mean": 0.80000001192092884, "tebu_mean": 0.18658379694127289 }, "geometry": { "type": "MultiPolygon", "coordinates": [ [ [ [ 112.7061, -8.1412 ], [ 112.7041, -8.1404 ], [ 112.714, -8.1245 ], [ 112.7203, -8.1251 ], [ 112.7233, -8.1216 ], [ 112.7303, -8.1225 ], [ 112.7321, -8.1208 ], [ 112.7356, -8.1218 ], [ 112.7355, -8.1237 ], [ 112.7378, -8.1226 ], [ 112.7401, -8.1244 ], [ 112.7456, -8.1225 ], [ 112.7425, -8.1284 ], [ 112.7388, -8.128 ], [ 112.7282, -8.1338 ], [ 112.73, -8.1356 ], [ 112.7279, -8.1384 ], [ 112.7319, -8.1424 ], [ 112.7325, -8.1474 ], [ 112.723, -8.1456 ], [ 112.7214, -8.1403 ], [ 112.7133, -8.1408 ], [ 112.7129, -8.1425 ], [ 112.7061, -8.1412 ] ] ] ] } },
{ "type": "Feature", "properties": { "fid": 537, "GID_4": "IDN.11.22.32.5_1", "GID_0": "IDN", "COUNTRY": "Indonesia", "GID_1": "IDN.11_1", "NAME_1": "JawaTimur", "GID_2": "IDN.11.22_1", "NAME_2": "Malang", "GID_3": "IDN.11.22.32_1", "NAME_3": "Wajak", "NAME_4": "Dadapan", "VARNAME_4": "NA", "TYPE_4": "Desa", "ENGTYPE_4": "Village", "CC_4": "3507110005", "padi_mean": 0.5, "jagung_mean": 0.5, "cabai_mean": 0.5, "tomat_mean": 0.5, "kentang_mean": 0.5, "wortel_mean": 0.80000001192092896, "tebu_mean": 0.082159242356767415 }, "geometry": { "type": "MultiPolygon", "coordinates": [ [ [ [ 112.7379, -8.1452 ], [ 112.7351, -8.1458 ], [ 112.733, -8.1452 ], [ 112.7328, -8.1463 ], [ 112.7314, -8.1415 ], [ 112.7279, -8.1384 ], [ 112.73, -8.1356 ], [ 112.7282, -8.1338 ], [ 112.7306, -8.1334 ], [ 112.7306, -8.1314 ], [ 112.7389, -8.1279 ], [ 112.7456, -8.128 ], [ 112.7465, -8.1266 ], [ 112.7538, -8.1281 ], [ 112.7541, -8.1261 ], [ 112.7571, -8.1281 ], [ 112.7651, -8.1285 ], [ 112.7691, -8.1322 ], [ 112.7741, -8.1298 ], [ 112.7723, -8.1399 ], [ 112.7704, -8.1421 ], [ 112.7597, -8.1451 ], [ 112.749, -8.1429 ], [ 112.7466, -8.1442 ], [ 112.745, -8.1395 ], [ 112.7486, -8.1376 ], [ 112.7564, -8.1383 ], [ 112.7587, -8.1362 ], [ 112.7571, -8.1355 ], [ 112.7575, -8.1334 ], [ 112.7468, -8.1362 ], [ 112.741, -8.1337 ], [ 112.736, -8.1377 ], [ 112.7352, -8.1441 ], [ 112.7379, -8.1452 ] ] ] ] } },
{ "type": "Feature", "properties": { "fid": 538, "GID_4": "IDN.11.22.32.6_1", "GID_0": "IDN", "COUNTRY": "Indonesia", "GID_1": "IDN.11_1", "NAME_1": "JawaTimur", "GID_2": "IDN.11.22_1", "NAME_2": "Malang", "GID_3": "IDN.11.22.32_1", "NAME_3": "Wajak", "NAME_4": "Kidangbang", "VARNAME_4": "NA", "TYPE_4": "Desa", "ENGTYPE_4": "Village", "CC_4": "3507110010", "padi_mean": 0.5, "jagung_mean": 0.5, "cabai_mean": 0.5, "tomat_mean": 0.5, "kentang_mean": 0.5, "wortel_mean": 0.80000001192092896, "tebu_mean": 0.49228243672500505 }, "geometry": { "type": "MultiPolygon", "coordinates": [ [ [ [ 112.6888, -8.1178 ], [ 112.6863, -8.1169 ], [ 112.6865, -8.1149 ], [ 112.6883, -8.1153 ], [ 112.6878, -8.1051 ], [ 112.6905, -8.1019 ], [ 112.6945, -8.1009 ], [ 112.6958, -8.098 ], [ 112.6949, -8.0938 ], [ 112.6966, -8.0877 ], [ 112.6955, -8.0859 ], [ 112.6983, -8.0821 ], [ 112.7091, -8.0831 ], [ 112.7069, -8.0919 ], [ 112.7081, -8.0936 ], [ 112.7075, -8.098 ], [ 112.6997, -8.105 ], [ 112.7008, -8.1056 ], [ 112.697, -8.1118 ], [ 112.6953, -8.1197 ], [ 112.6888, -8.1178 ] ] ] ] } },
{ "type": "Feature", "properties": { "fid": 539, "GID_4": "IDN.11.22.32.8_1", "GID_0": "IDN", "COUNTRY": "Indonesia", "GID_1": "IDN.11_1", "NAME_1": "JawaTimur", "GID_2": "IDN.11.22_1", "NAME_2": "Malang", "GID_3": "IDN.11.22.32_1", "NAME_3": "Wajak", "NAME_4": "Patokpicis", "VARNAME_4": "NA", "TYPE_4": "Desa", "ENGTYPE_4": "Village", "CC_4": "3507110006", "padi_mean": 0.38686211224771044, "jagung_mean": 0.22846376364548027, "cabai_mean": 0.49297195344115685, "tomat_mean": 0.48945792963810508, "kentang_mean": 0.51757011744436843, "wortel_mean": 0.4345782801765436, "tebu_mean": 0.00087281337549769311 }, "geometry": { "type": "MultiPolygon", "coordinates": [ [ [ [ 112.7736, -8.1316 ], [ 112.7741, -8.1309 ], [ 112.7739, -8.1313 ], [ 112.7736, -8.1316 ] ] ], [ [ [ 112.7629, -8.1046 ], [ 112.7654, -8.105 ], [ 112.7673, -8.1069 ], [ 112.7674, -8.1109 ], [ 112.7765, -8.1114 ], [ 112.7817, -8.1184 ], [ 112.7839, -8.118 ], [ 112.7851, -8.1158 ], [ 112.7905, -8.1156 ], [ 112.7907, -8.1141 ], [ 112.7971, -8.1108 ], [ 112.7993, -8.1111 ], [ 112.8003, -8.1088 ], [ 112.807, -8.1078 ], [ 112.8211, -8.0988 ], [ 112.834, -8.0961 ], [ 112.8427, -8.0987 ], [ 112.8327, -8.104 ], [ 112.8294, -8.104 ], [ 112.8186, -8.1109 ], [ 112.8131, -8.1108 ], [ 112.8104, -8.1146 ], [ 112.8054, -8.1152 ], [ 112.7961, -8.1207 ], [ 112.7927, -8.1214 ], [ 112.7903, -8.1201 ], [ 112.7811, -8.123 ], [ 112.7759, -8.131 ], [ 112.7732, -8.13 ], [ 112.7694, -8.1322 ], [ 112.7646, -8.1283 ], [ 112.7571, -8.1281 ], [ 112.7551, -8.1261 ], [ 112.7538, -8.1281 ], [ 112.7471, -8.1267 ], [ 112.7499, -8.1236 ], [ 112.75, -8.1159 ], [ 112.7564, -8.108 ], [ 112.7629, -8.1046 ] ] ] ] } },
{ "type": "Feature", "properties": { "fid": 540, "GID_4": "IDN.11.22.32.9_1", "GID_0": "IDN", "COUNTRY": "Indonesia", "GID_1": "IDN.11_1", "NAME_1": "JawaTimur", "GID_2": "IDN.11.22_1", "NAME_2": "Malang", "GID_3": "IDN.11.22.32_1", "NAME_3": "Wajak", "NAME_4": "Sukoanyar", "VARNAME_4": "NA", "TYPE_4": "Desa", "ENGTYPE_4": "Village", "CC_4": "3507110011", "padi_mean": 0.5, "jagung_mean": 0.5, "cabai_mean": 0.5, "tomat_mean": 0.5, "kentang_mean": 0.5, "wortel_mean": 0.80000001192092896, "tebu_mean": 0.050918768330851405 }, "geometry": { "type": "MultiPolygon", "coordinates": [ [ [ [ 112.7091, -8.0831 ], [ 112.7162, -8.0836 ], [ 112.7179, -8.0816 ], [ 112.7205, -8.0813 ], [ 112.7269, -8.0827 ], [ 112.726, -8.0916 ], [ 112.7272, -8.0923 ], [ 112.7197, -8.1016 ], [ 112.7185, -8.1066 ], [ 112.7157, -8.1071 ], [ 112.7115, -8.105 ], [ 112.7109, -8.1061 ], [ 112.7059, -8.1057 ], [ 112.701, -8.1032 ], [ 112.7075, -8.098 ], [ 112.7081, -8.0936 ], [ 112.7069, -8.0919 ], [ 112.7091, -8.0831 ] ] ] ] } },
{ "type": "Feature", "properties": { "fid": 541, "GID_4": "IDN.11.22.32.10_1", "GID_0": "IDN", "COUNTRY": "Indonesia", "GID_1": "IDN.11_1", "NAME_1": "JawaTimur", "GID_2": "IDN.11.22_1", "NAME_2": "Malang", "GID_3": "IDN.11.22.32_1", "NAME_3": "Wajak", "NAME_4": "Sukolilo", "VARNAME_4": "NA", "TYPE_4": "Desa", "ENGTYPE_4": "Village", "CC_4": "3507110009", "padi_mean": 0.5, "jagung_mean": 0.5, "cabai_mean": 0.5, "tomat_mean": 0.5, "kentang_mean": 0.5, "wortel_mean": 0.80000001192092907, "tebu_mean": 0.20452276581034212 }, "geometry": { "type": "MultiPolygon", "coordinates": [ [ [ [ 112.7089, -8.1321 ], [ 112.7064, -8.1298 ], [ 112.7096, -8.1239 ], [ 112.707, -8.126 ], [ 112.7012, -8.1246 ], [ 112.7016, -8.1224 ], [ 112.6996, -8.1219 ], [ 112.6999, -8.1199 ], [ 112.6976, -8.1196 ], [ 112.6981, -8.1171 ], [ 112.6965, -8.1166 ], [ 112.6968, -8.1123 ], [ 112.7013, -8.1037 ], [ 112.7059, -8.1057 ], [ 112.7109, -8.1061 ], [ 112.7115, -8.105 ], [ 112.7157, -8.1071 ], [ 112.7185, -8.1066 ], [ 112.7159, -8.1111 ], [ 112.7226, -8.1131 ], [ 112.723, -8.1119 ], [ 112.731, -8.1155 ], [ 112.7276, -8.1225 ], [ 112.7233, -8.1216 ], [ 112.7203, -8.1251 ], [ 112.714, -8.1245 ], [ 112.7089, -8.1321 ] ] ] ] } },
{ "type": "Feature", "properties": { "fid": 542, "GID_4": "IDN.11.22.32.11_1", "GID_0": "IDN", "COUNTRY": "Indonesia", "GID_1": "IDN.11_1", "NAME_1": "JawaTimur", "GID_2": "IDN.11.22_1", "NAME_2": "Malang", "GID_3": "IDN.11.22.32_1", "NAME_3": "Wajak", "NAME_4": "Sumberputih", "VARNAME_4": "NA", "TYPE_4": "Desa", "ENGTYPE_4": "Village", "CC_4": "3507110001", "padi_mean": 0.20000000298023224, "jagung_mean": 0.10000000149011612, "cabai_mean": 0.40000000596046448, "tomat_mean": 0.35000000149011612, "kentang_mean": 0.75, "wortel_mean": 0.5, "tebu_mean": 0.0 }, "geometry": { "type": "MultiPolygon", "coordinates": [ [ [ [ 112.8661, -8.1078 ], [ 112.8648, -8.1106 ], [ 112.8565, -8.1138 ], [ 112.8555, -8.1184 ], [ 112.8504, -8.124 ], [ 112.8469, -8.1312 ], [ 112.8436, -8.1332 ], [ 112.8396, -8.1412 ], [ 112.8339, -8.1429 ], [ 112.8322, -8.1456 ], [ 112.8295, -8.146 ], [ 112.8289, -8.1479 ], [ 112.8244, -8.1502 ], [ 112.8198, -8.1507 ], [ 112.8177, -8.1544 ], [ 112.8103, -8.1589 ], [ 112.8003, -8.1618 ], [ 112.7963, -8.1684 ], [ 112.7848, -8.1649 ], [ 112.7766, -8.168 ], [ 112.776, -8.1627 ], [ 112.7712, -8.1627 ], [ 112.7733, -8.1579 ], [ 112.773, -8.1552 ], [ 112.7711, -8.1547 ], [ 112.772, -8.1515 ], [ 112.7748, -8.1521 ], [ 112.7803, -8.1572 ], [ 112.7871, -8.1577 ], [ 112.7883, -8.1596 ], [ 112.7924, -8.1592 ], [ 112.7921, -8.1576 ], [ 112.7972, -8.1561 ], [ 112.8002, -8.1498 ], [ 112.7992, -8.1454 ], [ 112.8046, -8.1464 ], [ 112.8218, -8.1371 ], [ 112.828, -8.1358 ], [ 112.8357, -8.1291 ], [ 112.8385, -8.1221 ], [ 112.8421, -8.121 ], [ 112.8487, -8.1154 ], [ 112.8536, -8.1039 ], [ 112.8661, -8.1078 ] ] ] ] } },
{ "type": "Feature", "properties": { "fid": 543, "GID_4": "IDN.11.22.32.12_1", "GID_0": "IDN", "COUNTRY": "Indonesia", "GID_1": "IDN.11_1", "NAME_1": "JawaTimur", "GID_2": "IDN.11.22_1", "NAME_2": "Malang", "GID_3": "IDN.11.22.32_1", "NAME_3": "Wajak", "NAME_4": "Wajak", "VARNAME_4": "NA", "TYPE_4": "Desa", "ENGTYPE_4": "Village", "CC_4": "3507110012", "padi_mean": 0.5, "jagung_mean": 0.46493206182683805, "cabai_mean": 0.5, "tomat_mean": 0.5, "kentang_mean": 0.5, "wortel_mean": 0.74155344771837783, "tebu_mean": 0.0 }, "geometry": { "type": "MultiPolygon", "coordinates": [ [ [ [ 112.7489, -8.092 ], [ 112.7539, -8.0926 ], [ 112.7578, -8.0989 ], [ 112.758, -8.1007 ], [ 112.7534, -8.1052 ], [ 112.7546, -8.1066 ], [ 112.7523, -8.1097 ], [ 112.7483, -8.1109 ], [ 112.7452, -8.1082 ], [ 112.7392, -8.1078 ], [ 112.7377, -8.1099 ], [ 112.7356, -8.1073 ], [ 112.7348, -8.1092 ], [ 112.7333, -8.109 ], [ 112.7304, -8.1161 ], [ 112.723, -8.1119 ], [ 112.7226, -8.1131 ], [ 112.7157, -8.111 ], [ 112.7182, -8.1086 ], [ 112.7197, -8.1016 ], [ 112.7272, -8.0923 ], [ 112.726, -8.0916 ], [ 112.7272, -8.0882 ], [ 112.7261, -8.0871 ], [ 112.7265, -8.0805 ], [ 112.7334, -8.0821 ], [ 112.7345, -8.0795 ], [ 112.7331, -8.0785 ], [ 112.7354, -8.0788 ], [ 112.7352, -8.0828 ], [ 112.7369, -8.0814 ], [ 112.7414, -8.0843 ], [ 112.743, -8.0905 ], [ 112.7489, -8.092 ] ] ] ] } },
{ "type": "Feature", "properties": { "fid": 544, "GID_4": "IDN.11.22.32.13_1", "GID_0": "IDN", "COUNTRY": "Indonesia", "GID_1": "IDN.11_1", "NAME_1": "JawaTimur", "GID_2": "IDN.11.22_1", "NAME_2": "Malang", "GID_3": "IDN.11.22.32_1", "NAME_3": "Wajak", "NAME_4": "Wonoayu", "VARNAME_4": "NA", "TYPE_4": "Desa", "ENGTYPE_4": "Village", "CC_4": "3507110002", "padi_mean": 0.3703614899470824, "jagung_mean": 0.3703614899470824, "cabai_mean": 0.5, "tomat_mean": 0.5, "kentang_mean": 0.5, "wortel_mean": 0.67036149542879697, "tebu_mean": 0.0 }, "geometry": { "type": "MultiPolygon", "coordinates": [ [ [ [ 112.7898, -8.1434 ], [ 112.7931, -8.1439 ], [ 112.7955, -8.1396 ], [ 112.8003, -8.1381 ], [ 112.8028, -8.1427 ], [ 112.8031, -8.1461 ], [ 112.7992, -8.1454 ], [ 112.8002, -8.1498 ], [ 112.7972, -8.1561 ], [ 112.7921, -8.1576 ], [ 112.7924, -8.1592 ], [ 112.7883, -8.1596 ], [ 112.7871, -8.1577 ], [ 112.7803, -8.1572 ], [ 112.7723, -8.1508 ], [ 112.7786, -8.1494 ], [ 112.7789, -8.1475 ], [ 112.7898, -8.1434 ] ] ] ] } },
{ "type": "Feature", "properties": { "fid": 545, "GID_4": "IDN.11.22.33.1_1", "GID_0": "IDN", "COUNTRY": "Indonesia", "GID_1": "IDN.11_1", "NAME_1": "JawaTimur", "GID_2": "IDN.11.22_1", "NAME_2": "Malang", "GID_3": "IDN.11.22.33_1", "NAME_3": "Wonosari", "NAME_4": "Bangelan", "VARNAME_4": "NA", "TYPE_4": "Desa", "ENGTYPE_4": "Village", "CC_4": "3507200005", "padi_mean": 0.5, "jagung_mean": 0.3213306891424359, "cabai_mean": 0.5, "tomat_mean": 0.5, "kentang_mean": 0.5, "wortel_mean": 0.49366049100135506, "tebu_mean": 0.19271097497174763 }, "geometry": { "type": "MultiPolygon", "coordinates": [ [ [ [ 112.4698, -8.0997 ], [ 112.4687, -8.0952 ], [ 112.4699, -8.088 ], [ 112.4653, -8.0759 ], [ 112.4653, -8.0623 ], [ 112.4727, -8.0589 ], [ 112.4737, -8.0645 ], [ 112.4767, -8.0579 ], [ 112.4856, -8.0616 ], [ 112.4935, -8.0596 ], [ 112.4961, -8.0715 ], [ 112.5026, -8.086 ], [ 112.5002, -8.0841 ], [ 112.4986, -8.0856 ], [ 112.4998, -8.0896 ], [ 112.4965, -8.0899 ], [ 112.496, -8.0941 ], [ 112.4974, -8.0982 ], [ 112.5002, -8.0996 ], [ 112.4992, -8.1039 ], [ 112.5018, -8.1068 ], [ 112.5013, -8.1115 ], [ 112.4953, -8.1117 ], [ 112.4962, -8.1065 ], [ 112.4947, -8.1059 ], [ 112.4913, -8.0942 ], [ 112.4909, -8.0959 ], [ 112.488, -8.0972 ], [ 112.4842, -8.0959 ], [ 112.4841, -8.0936 ], [ 112.4834, -8.095 ], [ 112.4738, -8.0938 ], [ 112.4698, -8.0997 ] ] ] ] } },
{ "type": "Feature", "properties": { "fid": 546, "GID_4": "IDN.11.22.33.2_1", "GID_0": "IDN", "COUNTRY": "Indonesia", "GID_1": "IDN.11_1", "NAME_1": "JawaTimur", "GID_2": "IDN.11.22_1", "NAME_2": "Malang", "GID_3": "IDN.11.22.33_1", "NAME_3": "Wonosari", "NAME_4": "Kebobang", "VARNAME_4": "NA", "TYPE_4": "Desa", "ENGTYPE_4": "Village", "CC_4": "3507200004", "padi_mean": 0.45512799033143925, "jagung_mean": 0.44614855824685457, "cabai_mean": 0.5, "tomat_mean": 0.5, "kentang_mean": 0.5, "wortel_mean": 0.72884016558295039, "tebu_mean": 0.0067932684230881755 }, "geometry": { "type": "MultiPolygon", "coordinates": [ [ [ [ 112.4989, -8.0271 ], [ 112.5013, -8.0324 ], [ 112.5112, -8.0366 ], [ 112.5113, -8.0417 ], [ 112.5141, -8.0452 ], [ 112.5142, -8.0524 ], [ 112.5217, -8.0672 ], [ 112.5202, -8.0681 ], [ 112.5241, -8.0719 ], [ 112.5283, -8.0816 ], [ 112.5315, -8.0841 ], [ 112.5246, -8.0849 ], [ 112.5161, -8.0819 ], [ 112.5134, -8.0824 ], [ 112.5099, -8.0747 ], [ 112.5108, -8.0732 ], [ 112.5069, -8.0676 ], [ 112.5012, -8.0671 ], [ 112.4973, -8.0541 ], [ 112.4978, -8.0438 ], [ 112.4954, -8.0384 ], [ 112.4994, -8.0329 ], [ 112.4959, -8.0287 ], [ 112.4983, -8.0289 ], [ 112.4989, -8.0271 ] ] ] ] } },
{ "type": "Feature", "properties": { "fid": 547, "GID_4": "IDN.11.22.33.3_1", "GID_0": "IDN", "COUNTRY": "Indonesia", "GID_1": "IDN.11_1", "NAME_1": "JawaTimur", "GID_2": "IDN.11.22_1", "NAME_2": "Malang", "GID_3": "IDN.11.22.33_1", "NAME_3": "Wonosari", "NAME_4": "Kluwut", "VARNAME_4": "NA", "TYPE_4": "Desa", "ENGTYPE_4": "Village", "CC_4": "3507200001", "padi_mean": 0.5, "jagung_mean": 0.91996809971474303, "cabai_mean": 0.5, "tomat_mean": 0.5, "kentang_mean": 0.5, "wortel_mean": 0.80000001192092896, "tebu_mean": 0.5 }, "geometry": { "type": "MultiPolygon", "coordinates": [ [ [ [ 112.4983, -8.1209 ], [ 112.4993, -8.1169 ], [ 112.4964, -8.1157 ], [ 112.4953, -8.1117 ], [ 112.5013, -8.1115 ], [ 112.5018, -8.1068 ], [ 112.4997, -8.1058 ], [ 112.5002, -8.0996 ], [ 112.4974, -8.0982 ], [ 112.496, -8.0941 ], [ 112.4965, -8.0899 ], [ 112.4998, -8.0896 ], [ 112.4986, -8.0856 ], [ 112.5002, -8.0841 ], [ 112.5045, -8.0866 ], [ 112.5039, -8.0914 ], [ 112.5055, -8.0956 ], [ 112.5102, -8.0975 ], [ 112.5091, -8.1026 ], [ 112.5126, -8.108 ], [ 112.5112, -8.1105 ], [ 112.5125, -8.1131 ], [ 112.5123, -8.1221 ], [ 112.5051, -8.1196 ], [ 112.5031, -8.1222 ], [ 112.4983, -8.1209 ] ] ] ] } },
{ "type": "Feature", "properties": { "fid": 548, "GID_4": "IDN.11.22.33.4_1", "GID_0": "IDN", "COUNTRY": "Indonesia", "GID_1": "IDN.11_1", "NAME_1": "JawaTimur", "GID_2": "IDN.11.22_1", "NAME_2": "Malang", "GID_3": "IDN.11.22.33_1", "NAME_3": "Wonosari", "NAME_4": "Plandi", "VARNAME_4": "NA", "TYPE_4": "Desa", "ENGTYPE_4": "Village", "CC_4": "3507200002", "padi_mean": 0.5, "jagung_mean": 1.0, "cabai_mean": 0.5, "tomat_mean": 0.5, "kentang_mean": 0.5, "wortel_mean": 0.7702359046246301, "tebu_mean": 0.5 }, "geometry": { "type": "MultiPolygon", "coordinates": [ [ [ [ 112.5339, -8.1249 ], [ 112.529, -8.1305 ], [ 112.5275, -8.1298 ], [ 112.5228, -8.1336 ], [ 112.5243, -8.1295 ], [ 112.5233, -8.1245 ], [ 112.5183, -8.1208 ], [ 112.5123, -8.1223 ], [ 112.5125, -8.1131 ], [ 112.5112, -8.1105 ], [ 112.5126, -8.108 ], [ 112.5091, -8.1026 ], [ 112.5096, -8.0996 ], [ 112.526, -8.0989 ], [ 112.5277, -8.1116 ], [ 112.5304, -8.1157 ], [ 112.53, -8.123 ], [ 112.5339, -8.1249 ] ] ] ] } },
{ "type": "Feature", "properties": { "fid": 549, "GID_4": "IDN.11.22.33.5_1", "GID_0": "IDN", "COUNTRY": "Indonesia", "GID_1": "IDN.11_1", "NAME_1": "JawaTimur", "GID_2": "IDN.11.22_1", "NAME_2": "Malang", "GID_3": "IDN.11.22.33_1", "NAME_3": "Wonosari", "NAME_4": "Plaosan", "VARNAME_4": "NA", "TYPE_4": "Desa", "ENGTYPE_4": "Village", "CC_4": "3507200003", "padi_mean": 0.49050422915033282, "jagung_mean": 0.71302993129463443, "cabai_mean": 0.5, "tomat_mean": 0.5, "kentang_mean": 0.5, "wortel_mean": 0.68376274055043651, "tebu_mean": 0.2865706015375718 }, "geometry": { "type": "MultiPolygon", "coordinates": [ [ [ [ 112.5315, -8.0841 ], [ 112.5325, -8.0927 ], [ 112.5359, -8.096 ], [ 112.5351, -8.1018 ], [ 112.5267, -8.1015 ], [ 112.5257, -8.0989 ], [ 112.5096, -8.0996 ], [ 112.51, -8.0973 ], [ 112.5058, -8.0959 ], [ 112.5039, -8.0914 ], [ 112.5033, -8.0756 ], [ 112.5004, -8.0709 ], [ 112.4974, -8.0696 ], [ 112.4966, -8.0676 ], [ 112.4951, -8.068 ], [ 112.4946, -8.0603 ], [ 112.492, -8.059 ], [ 112.4945, -8.0562 ], [ 112.4899, -8.0499 ], [ 112.4881, -8.0423 ], [ 112.4891, -8.0367 ], [ 112.4919, -8.0391 ], [ 112.4956, -8.0386 ], [ 112.4978, -8.0438 ], [ 112.4973, -8.0541 ], [ 112.5008, -8.0662 ], [ 112.5069, -8.0676 ], [ 112.5108, -8.0732 ], [ 112.5099, -8.0747 ], [ 112.5134, -8.0824 ], [ 112.5161, -8.0819 ], [ 112.5246, -8.0849 ], [ 112.5315, -8.0841 ] ] ] ] } },
{ "type": "Feature", "properties": { "fid": 550, "GID_4": "IDN.11.22.33.6_1", "GID_0": "IDN", "COUNTRY": "Indonesia", "GID_1": "IDN.11_1", "NAME_1": "JawaTimur", "GID_2": "IDN.11.22_1", "NAME_2": "Malang", "GID_3": "IDN.11.22.33_1", "NAME_3": "Wonosari", "NAME_4": "Sumberdem", "VARNAME_4": "NA", "TYPE_4": "Desa", "ENGTYPE_4": "Village", "CC_4": "3507200006", "padi_mean": 0.44800577021255428, "jagung_mean": 0.23562805322067479, "cabai_mean": 0.5, "tomat_mean": 0.5, "kentang_mean": 0.5, "wortel_mean": 0.33466283005750513, "tebu_mean": 0.0 }, "geometry": { "type": "MultiPolygon", "coordinates": [ [ [ [ 112.4561, -8.0663 ], [ 112.4542, -8.0635 ], [ 112.4551, -8.0593 ], [ 112.4534, -8.0569 ], [ 112.4555, -8.0563 ], [ 112.4597, -8.0367 ], [ 112.4635, -8.0331 ], [ 112.4673, -8.0349 ], [ 112.4715, -8.0398 ], [ 112.474, -8.0401 ], [ 112.4718, -8.0422 ], [ 112.4736, -8.0423 ], [ 112.4727, -8.0589 ], [ 112.4657, -8.0618 ], [ 112.4649, -8.0686 ], [ 112.4585, -8.065 ], [ 112.4561, -8.0663 ] ] ] ] } },
{ "type": "Feature", "properties": { "fid": 551, "GID_4": "IDN.11.22.33.7_1", "GID_0": "IDN", "COUNTRY": "Indonesia", "GID_1": "IDN.11_1", "NAME_1": "JawaTimur", "GID_2": "IDN.11.22_1", "NAME_2": "Malang", "GID_3": "IDN.11.22.33_1", "NAME_3": "Wonosari", "NAME_4": "Sumbertempur", "VARNAME_4": "NA", "TYPE_4": "Desa", "ENGTYPE_4": "Village", "CC_4": "3507200007", "padi_mean": 0.42025064252980032, "jagung_mean": 0.22368433518562592, "cabai_mean": 0.5, "tomat_mean": 0.5, "kentang_mean": 0.5, "wortel_mean": 0.38727472752570241, "tebu_mean": 0.0032192444494344658 }, "geometry": { "type": "MultiPolygon", "coordinates": [ [ [ [ 112.499, -8.0788 ], [ 112.4951, -8.068 ], [ 112.4966, -8.0676 ], [ 112.4974, -8.0696 ], [ 112.5004, -8.0709 ], [ 112.5032, -8.0755 ], [ 112.5037, -8.0859 ], [ 112.5022, -8.0848 ], [ 112.499, -8.0788 ] ] ], [ [ [ 112.4912, -8.0607 ], [ 112.4856, -8.0616 ], [ 112.4762, -8.058 ], [ 112.4731, -8.0638 ], [ 112.4736, -8.0423 ], [ 112.4718, -8.0422 ], [ 112.4739, -8.0411 ], [ 112.4738, -8.0364 ], [ 112.4769, -8.031 ], [ 112.4837, -8.0304 ], [ 112.489, -8.036 ], [ 112.4881, -8.0423 ], [ 112.4899, -8.0499 ], [ 112.4945, -8.0562 ], [ 112.492, -8.0591 ], [ 112.4912, -8.0607 ] ] ] ] } },
{ "type": "Feature", "properties": { "fid": 552, "GID_4": "IDN.11.22.33.8_1", "GID_0": "IDN", "COUNTRY": "Indonesia", "GID_1": "IDN.11_1", "NAME_1": "JawaTimur", "GID_2": "IDN.11.22_1", "NAME_2": "Malang", "GID_3": "IDN.11.22.33_1", "NAME_3": "Wonosari", "NAME_4": "Wonosari", "VARNAME_4": "NA", "TYPE_4": "Desa", "ENGTYPE_4": "Village", "CC_4": "3507200008", "padi_mean": 0.16422993886991999, "jagung_mean": 0.16422993886991999, "cabai_mean": 0.41057484105675807, "tomat_mean": 0.41057484105675807, "kentang_mean": 0.58942515894324199, "wortel_mean": 0.5, "tebu_mean": 0.0 }, "geometry": { "type": "MultiPolygon", "coordinates": [ [ [ [ 112.4684, -7.9886 ], [ 112.478, -7.9736 ], [ 112.4771, -7.9812 ], [ 112.4815, -8.0005 ], [ 112.4802, -8.0044 ], [ 112.4866, -8.0135 ], [ 112.4874, -8.0173 ], [ 112.4989, -8.0271 ], [ 112.4983, -8.0289 ], [ 112.4959, -8.0287 ], [ 112.4994, -8.0329 ], [ 112.4947, -8.0388 ], [ 112.4898, -8.0379 ], [ 112.4837, -8.0304 ], [ 112.4766, -8.0312 ], [ 112.4731, -8.0403 ], [ 112.467, -8.0346 ], [ 112.4625, -8.0331 ], [ 112.4645, -8.0299 ], [ 112.4649, -8.0249 ], [ 112.463, -8.0152 ], [ 112.4648, -8.0149 ], [ 112.4667, -8.0108 ], [ 112.468, -8.0003 ], [ 112.4713, -7.9953 ], [ 112.4684, -7.9886 ] ] ] ] } },
{ "type": "Feature", "properties": { "fid": 553, "GID_4": "IDN.11.28.15.2_1", "GID_0": "IDN", "COUNTRY": "Indonesia", "GID_1": "IDN.11_1", "NAME_1": "JawaTimur", "GID_2": "IDN.11.28_1", "NAME_2": "Pasuruan", "GID_3": "IDN.11.28.15_1", "NAME_3": "Purwodadi", "NAME_4": "Cowek", "VARNAME_4": "NA", "TYPE_4": "Desa", "ENGTYPE_4": "Village", "CC_4": "3514010004", "padi_mean": 0.4674006899337792, "jagung_mean": 0.4674006899337792, "cabai_mean": 0.5, "tomat_mean": 0.5, "kentang_mean": 0.5, "wortel_mean": 0.63120539512676832, "tebu_mean": 0.30947251090784234 }, "geometry": { "type": "MultiPolygon", "coordinates": [ [ [ [ 112.749561884336885, -7.806482958775399 ], [ 112.752435168827844, -7.811961104018437 ], [ 112.75327989176165, -7.816809056270627 ], [ 112.75359758918222, -7.817292651899561 ], [ 112.7525, -7.8185 ], [ 112.7513, -7.8246 ], [ 112.753, -7.8319 ], [ 112.7521, -7.8353 ], [ 112.7581, -7.8422 ], [ 112.7546, -7.8464 ], [ 112.747, -7.8489 ], [ 112.7419, -7.8471 ], [ 112.7343, -7.8349 ], [ 112.7366, -7.8352 ], [ 112.7352, -7.833 ], [ 112.7368, -7.8276 ], [ 112.7342, -7.8255 ], [ 112.7329, -7.8215 ], [ 112.7335, -7.8184 ], [ 112.736, -7.8169 ], [ 112.7342, -7.8118 ], [ 112.7368, -7.8111 ], [ 112.7394, -7.8068 ], [ 112.7396, -7.8083 ], [ 112.742, -7.8079 ], [ 112.745994431122057, -7.802973534949475 ], [ 112.749561884336885, -7.806482958775399 ] ] ] ] } },
{ "type": "Feature", "properties": { "fid": 554, "GID_4": "IDN.11.28.15.3_1", "GID_0": "IDN", "COUNTRY": "Indonesia", "GID_1": "IDN.11_1", "NAME_1": "JawaTimur", "GID_2": "IDN.11.28_1", "NAME_2": "Pasuruan", "GID_3": "IDN.11.28.15_1", "NAME_3": "Purwodadi", "NAME_4": "DawuhanSengon", "VARNAME_4": "NA", "TYPE_4": "Desa", "ENGTYPE_4": "Village", "CC_4": "3514010002", "padi_mean": 0.20000000298023224, "jagung_mean": 0.20000000298023224, "cabai_mean": 0.5, "tomat_mean": 0.5, "kentang_mean": 0.5, "wortel_mean": 0.5, "tebu_mean": 0.0 }, "geometry": { "type": "MultiPolygon", "coordinates": [ [ [ [ 112.7886088431286, -7.852006636166439 ], [ 112.793112892830024, -7.856716189899499 ], [ 112.796074005371651, -7.861049525326275 ], [ 112.7958, -7.8611 ], [ 112.7972, -7.8664 ], [ 112.7946, -7.8709 ], [ 112.7961, -7.8717 ], [ 112.7938, -7.8736 ], [ 112.7902, -7.8706 ], [ 112.7866, -7.8602 ], [ 112.7882, -7.8554 ], [ 112.784655012845178, -7.849946173607968 ], [ 112.7886088431286, -7.852006636166439 ] ] ] ] } },
{ "type": "Feature", "properties": { "fid": 555, "GID_4": "IDN.11.28.15.4_1", "GID_0": "IDN", "COUNTRY": "Indonesia", "GID_1": "IDN.11_1", "NAME_1": "JawaTimur", "GID_2": "IDN.11.28_1", "NAME_2": "Pasuruan", "GID_3": "IDN.11.28.15_1", "NAME_3": "Purwodadi", "NAME_4": "GajahRejo", "VARNAME_4": "NA", "TYPE_4": "Desa", "ENGTYPE_4": "Village", "CC_4": "3514010008", "padi_mean": 0.5, "jagung_mean": 0.5, "cabai_mean": 0.5, "tomat_mean": 0.5, "kentang_mean": 0.5, "wortel_mean": 0.37318912200500909, "tebu_mean": 0.07318911008408012 }, "geometry": { "type": "MultiPolygon", "coordinates": [ [ [ [ 112.710303928515742, -7.797105447199465 ], [ 112.713995724482061, -7.800237722441838 ], [ 112.714601791326501, -7.79998409946653 ], [ 112.718461799406597, -7.799642693448867 ], [ 112.7176, -7.8013 ], [ 112.7105, -7.8021 ], [ 112.7057, -7.8084 ], [ 112.6973, -7.808 ], [ 112.6943, -7.8061 ], [ 112.6903, -7.7996 ], [ 112.6983, -7.7952 ], [ 112.705407433410585, -7.794884114070641 ], [ 112.710303928515742, -7.797105447199465 ] ] ] ] } },
{ "type": "Feature", "properties": { "fid": 556, "GID_4": "IDN.11.28.15.5_1", "GID_0": "IDN", "COUNTRY": "Indonesia", "GID_1": "IDN.11_1", "NAME_1": "JawaTimur", "GID_2": "IDN.11.28_1", "NAME_2": "Pasuruan", "GID_3": "IDN.11.28.15_1", "NAME_3": "Purwodadi", "NAME_4": "Gerbo", "VARNAME_4": "NA", "TYPE_4": "Desa", "ENGTYPE_4": "Village", "CC_4": "3514010001", "padi_mean": 0.20115614615438443, "jagung_mean": 0.20115614615438443, "cabai_mean": 0.5, "tomat_mean": 0.5, "kentang_mean": 0.5, "wortel_mean": 0.49922923792218271, "tebu_mean": 0.0 }, "geometry": { "type": "MultiPolygon", "coordinates": [ [ [ [ 112.756196500672331, -7.831358932628494 ], [ 112.765308502242121, -7.834768184916507 ], [ 112.771859156770986, -7.83879798423141 ], [ 112.776404738881482, -7.845001857259749 ], [ 112.777923686764026, -7.84823787666171 ], [ 112.782829863786148, -7.848995032301894 ], [ 112.784528563575577, -7.849880277004705 ], [ 112.7883, -7.8558 ], [ 112.7866, -7.8602 ], [ 112.7902, -7.8706 ], [ 112.786, -7.8738 ], [ 112.7807, -7.874 ], [ 112.7766, -7.868 ], [ 112.7671, -7.8681 ], [ 112.7634, -7.8641 ], [ 112.7586, -7.8648 ], [ 112.7606, -7.8584 ], [ 112.7583, -7.8535 ], [ 112.747, -7.8493 ], [ 112.7546, -7.8464 ], [ 112.7579, -7.8433 ], [ 112.7564, -7.8393 ], [ 112.7521, -7.8353 ], [ 112.7518, -7.8279 ], [ 112.7554, -7.8293 ], [ 112.756445404396871, -7.82918878676629 ], [ 112.756196500672331, -7.831358932628494 ] ] ] ] } },
{ "type": "Feature", "properties": { "fid": 557, "GID_4": "IDN.11.28.15.6_1", "GID_0": "IDN", "COUNTRY": "Indonesia", "GID_1": "IDN.11_1", "NAME_1": "JawaTimur", "GID_2": "IDN.11.28_1", "NAME_2": "Pasuruan", "GID_3": "IDN.11.28.15_1", "NAME_3": "Purwodadi", "NAME_4": "Jatisari", "VARNAME_4": "NA", "TYPE_4": "Desa", "ENGTYPE_4": "Village", "CC_4": "3514010009", "padi_mean": 0.43008488219673624, "jagung_mean": 0.43008488219673624, "cabai_mean": 0.5, "tomat_mean": 0.5, "kentang_mean": 0.5, "wortel_mean": 0.34661008814129041, "tebu_mean": 0.0 }, "geometry": { "type": "MultiPolygon", "coordinates": [ [ [ [ 112.6979, -7.8136 ], [ 112.6889, -7.8139 ], [ 112.6695, -7.8068 ], [ 112.6615, -7.8059 ], [ 112.6607, -7.8046 ], [ 112.6565, -7.8056 ], [ 112.6546, -7.8014 ], [ 112.657, -7.7982 ], [ 112.6545, -7.7969 ], [ 112.6617, -7.7945 ], [ 112.6756, -7.7986 ], [ 112.6844, -7.7971 ], [ 112.69, -7.798 ], [ 112.6943, -7.8061 ], [ 112.7, -7.8087 ], [ 112.6979, -7.8136 ] ] ] ] } },
{ "type": "Feature", "properties": { "fid": 558, "GID_4": "IDN.11.28.15.7_1", "GID_0": "IDN", "COUNTRY": "Indonesia", "GID_1": "IDN.11_1", "NAME_1": "JawaTimur", "GID_2": "IDN.11.28_1", "NAME_2": "Pasuruan", "GID_3": "IDN.11.28.15_1", "NAME_3": "Purwodadi", "NAME_4": "LebakRejo", "VARNAME_4": "NA", "TYPE_4": "Desa", "ENGTYPE_4": "Village", "CC_4": "3514010003", "padi_mean": null, "jagung_mean": null, "cabai_mean": null, "tomat_mean": null, "kentang_mean": null, "wortel_mean": null, "tebu_mean": null }, "geometry": { "type": "MultiPolygon", "coordinates": [ [ [ [ 112.755163205317814, -7.819675816101575 ], [ 112.756764412029881, -7.826407417800986 ], [ 112.756445404396871, -7.82918878676629 ], [ 112.7554, -7.8293 ], [ 112.7518, -7.8279 ], [ 112.7525, -7.8185 ], [ 112.75359758918222, -7.817292651899561 ], [ 112.755163205317814, -7.819675816101575 ] ] ] ] } },
{ "type": "Feature", "properties": { "fid": 559, "GID_4": "IDN.11.28.15.8_1", "GID_0": "IDN", "COUNTRY": "Indonesia", "GID_1": "IDN.11_1", "NAME_1": "JawaTimur", "GID_2": "IDN.11.28_1", "NAME_2": "Pasuruan", "GID_3": "IDN.11.28.15_1", "NAME_3": "Purwodadi", "NAME_4": "Parerejo", "VARNAME_4": "NA", "TYPE_4": "Desa", "ENGTYPE_4": "Village", "CC_4": "3514010006", "padi_mean": 0.5, "jagung_mean": 0.5, "cabai_mean": 0.5, "tomat_mean": 0.5, "kentang_mean": 0.5, "wortel_mean": 0.78769376274153802, "tebu_mean": 0.48769375082060923 }, "geometry": { "type": "MultiPolygon", "coordinates": [ [ [ [ 112.720715824278273, -7.799443331779361 ], [ 112.726023873074595, -7.799793313018679 ], [ 112.727404485457939, -7.79935151705601 ], [ 112.733516806441003, -7.798400007061412 ], [ 112.736794645459639, -7.798915914798198 ], [ 112.7309, -7.807 ], [ 112.7164, -7.816 ], [ 112.7125, -7.8116 ], [ 112.7055, -7.8089 ], [ 112.7105, -7.8021 ], [ 112.7176, -7.8013 ], [ 112.718461799406597, -7.799642693448867 ], [ 112.720715824278273, -7.799443331779361 ] ] ] ] } },
{ "type": "Feature", "properties": { "fid": 560, "GID_4": "IDN.11.28.15.9_1", "GID_0": "IDN", "COUNTRY": "Indonesia", "GID_1": "IDN.11_1", "NAME_1": "JawaTimur", "GID_2": "IDN.11.28_1", "NAME_2": "Pasuruan", "GID_3": "IDN.11.28.15_1", "NAME_3": "Purwodadi", "NAME_4": "PucangSari", "VARNAME_4": "NA", "TYPE_4": "Desa", "ENGTYPE_4": "Village", "CC_4": "3514010011", "padi_mean": 0.5, "jagung_mean": 0.5, "cabai_mean": 0.5, "tomat_mean": 0.5, "kentang_mean": 0.5, "wortel_mean": 0.30000001192092896, "tebu_mean": 0.0 }, "geometry": { "type": "MultiPolygon", "coordinates": [ [ [ [ 112.699786907725411, -7.794000873381515 ], [ 112.705262346965313, -7.794818294475089 ], [ 112.706103742256317, -7.7952 ], [ 112.6983, -7.7952 ], [ 112.6918, -7.7982 ], [ 112.691314779262541, -7.793486427121762 ], [ 112.692535268596345, -7.793933101053206 ], [ 112.699786907725411, -7.794000873381515 ] ] ], [ [ [ 112.6798, -7.7918 ], [ 112.678940723539796, -7.78895777786241 ], [ 112.686097672310495, -7.791577073546532 ], [ 112.6798, -7.7918 ] ] ] ] } },
{ "type": "Feature", "properties": { "fid": 561, "GID_4": "IDN.11.28.15.10_1", "GID_0": "IDN", "COUNTRY": "Indonesia", "GID_1": "IDN.11_1", "NAME_1": "JawaTimur", "GID_2": "IDN.11.28_1", "NAME_2": "Pasuruan", "GID_3": "IDN.11.28.15_1", "NAME_3": "Purwodadi", "NAME_4": "Purwodadi", "VARNAME_4": "NA", "TYPE_4": "Desa", "ENGTYPE_4": "Village", "CC_4": "3514010005", "padi_mean": 0.5, "jagung_mean": 0.5, "cabai_mean": 0.5, "tomat_mean": 0.5, "kentang_mean": 0.5, "wortel_mean": 0.80000001192092896, "tebu_mean": 0.5 }, "geometry": { "type": "MultiPolygon", "coordinates": [ [ [ [ 112.739627519642653, -7.799361788344777 ], [ 112.745152046142934, -7.802144852486583 ], [ 112.745994431122057, -7.802973534949475 ], [ 112.742, -7.8079 ], [ 112.7396, -7.8083 ], [ 112.7394, -7.8068 ], [ 112.7368, -7.8111 ], [ 112.7342, -7.8118 ], [ 112.736, -7.8169 ], [ 112.7335, -7.8184 ], [ 112.722, -7.8201 ], [ 112.7201, -7.8194 ], [ 112.721, -7.8173 ], [ 112.7164, -7.8162 ], [ 112.7334, -7.8048 ], [ 112.736842801385663, -7.798923494186529 ], [ 112.739627519642653, -7.799361788344777 ] ] ] ] } },
{ "type": "Feature", "properties": { "fid": 562, "GID_4": "IDN.11.28.15.12_1", "GID_0": "IDN", "COUNTRY": "Indonesia", "GID_1": "IDN.11_1", "NAME_1": "JawaTimur", "GID_2": "IDN.11.28_1", "NAME_2": "Pasuruan", "GID_3": "IDN.11.28.15_1", "NAME_3": "Purwodadi", "NAME_4": "Sentul", "VARNAME_4": "NA", "TYPE_4": "Desa", "ENGTYPE_4": "Village", "CC_4": "3514010007", "padi_mean": 0.5, "jagung_mean": 0.5, "cabai_mean": 0.5, "tomat_mean": 0.5, "kentang_mean": 0.5, "wortel_mean": 0.55448040355292361, "tebu_mean": 0.2544803916319946 }, "geometry": { "type": "MultiPolygon", "coordinates": [ [ [ [ 112.7201, -7.8194 ], [ 112.715, -7.8221 ], [ 112.7124, -7.8212 ], [ 112.7112, -7.8252 ], [ 112.7103, -7.825 ], [ 112.707, -7.8221 ], [ 112.7055, -7.8228 ], [ 112.7055, -7.8183 ], [ 112.7011, -7.8171 ], [ 112.698, -7.8131 ], [ 112.7006, -7.8078 ], [ 112.7057, -7.8084 ], [ 112.7125, -7.8116 ], [ 112.7172, -7.817 ], [ 112.721, -7.8173 ], [ 112.7201, -7.8194 ] ] ] ] } },
{ "type": "Feature", "properties": { "fid": 563, "GID_4": "IDN.11.28.16.13_1", "GID_0": "IDN", "COUNTRY": "Indonesia", "GID_1": "IDN.11_1", "NAME_1": "JawaTimur", "GID_2": "IDN.11.28_1", "NAME_2": "Pasuruan", "GID_3": "IDN.11.28.16_1", "NAME_3": "Purwosari", "NAME_4": "SumberRejo", "VARNAME_4": "NA", "TYPE_4": "Desa", "ENGTYPE_4": "Village", "CC_4": "3514090006", "padi_mean": null, "jagung_mean": null, "cabai_mean": null, "tomat_mean": null, "kentang_mean": null, "wortel_mean": null, "tebu_mean": null }, "geometry": { "type": "MultiPolygon", "coordinates": [ [ [ [ 112.660045863753425, -7.777965148379218 ], [ 112.666160427577807, -7.78002565713921 ], [ 112.668523845144406, -7.781818866602839 ], [ 112.6587, -7.7785 ], [ 112.659198712692472, -7.77782581432314 ], [ 112.660045863753425, -7.777965148379218 ] ] ] ] } },
{ "type": "Feature", "properties": { "fid": 564, "GID_4": "IDN.11.28.21.3_1", "GID_0": "IDN", "COUNTRY": "Indonesia", "GID_1": "IDN.11_1", "NAME_1": "JawaTimur", "GID_2": "IDN.11.28_1", "NAME_2": "Pasuruan", "GID_3": "IDN.11.28.21_1", "NAME_3": "Tosari", "NAME_4": "Mororejo", "VARNAME_4": "NA", "TYPE_4": "Desa", "ENGTYPE_4": "Village", "CC_4": "3514040002", "padi_mean": 0.0, "jagung_mean": 0.5, "cabai_mean": 0.0, "tomat_mean": 0.0, "kentang_mean": 0.5, "wortel_mean": 0.5, "tebu_mean": 0.0 }, "geometry": { "type": "MultiPolygon", "coordinates": [ [ [ [ 112.888252405332551, -7.929778043946789 ], [ 112.894706338434389, -7.927163092607907 ], [ 112.902422322702762, -7.927188386486181 ], [ 112.906422322702767, -7.927988386486182 ], [ 112.907617430249516, -7.92840362692241 ], [ 112.9182, -7.9346 ], [ 112.9372, -7.9507 ], [ 112.9353, -7.9562 ], [ 112.9201, -7.9543 ], [ 112.9153, -7.9513 ], [ 112.9122, -7.9453 ], [ 112.906, -7.9408 ], [ 112.8928, -7.9389 ], [ 112.886019180158996, -7.928825639093361 ], [ 112.888252405332551, -7.929778043946789 ] ] ] ] } },
{ "type": "Feature", "properties": { "fid": 565, "GID_4": "IDN.11.28.21.5_1", "GID_0": "IDN", "COUNTRY": "Indonesia", "GID_1": "IDN.11_1", "NAME_1": "JawaTimur", "GID_2": "IDN.11.28_1", "NAME_2": "Pasuruan", "GID_3": "IDN.11.28.21_1", "NAME_3": "Tosari", "NAME_4": "Podokoyo", "VARNAME_4": "NA", "TYPE_4": "Desa", "ENGTYPE_4": "Village", "CC_4": "3514040004", "padi_mean": 0.0, "jagung_mean": 0.5, "cabai_mean": 0.0, "tomat_mean": 0.0, "kentang_mean": 0.5, "wortel_mean": 0.5, "tebu_mean": 0.0 }, "geometry": { "type": "MultiPolygon", "coordinates": [ [ [ [ 112.911582814696516, -7.929781400807337 ], [ 112.913861363778565, -7.931368546924372 ], [ 112.913967766515654, -7.931344420480898 ], [ 112.920169928210797, -7.931901964037001 ], [ 112.925899978800061, -7.934340033919895 ], [ 112.926958616918796, -7.935001682744103 ], [ 112.937780694691781, -7.936354442465727 ], [ 112.94371974233367, -7.938058667660987 ], [ 112.948855195655568, -7.941494332019955 ], [ 112.95140533442725, -7.944706595685185 ], [ 112.9449, -7.9495 ], [ 112.9359, -7.9498 ], [ 112.931, -7.9442 ], [ 112.9182, -7.9346 ], [ 112.907617430249516, -7.92840362692241 ], [ 112.911582814696516, -7.929781400807337 ] ] ] ] } },
{ "type": "Feature", "properties": { "fid": 566, "GID_4": "IDN.11.28.22.1_1", "GID_0": "IDN", "COUNTRY": "Indonesia", "GID_1": "IDN.11_1", "NAME_1": "JawaTimur", "GID_2": "IDN.11.28_1", "NAME_2": "Pasuruan", "GID_3": "IDN.11.28.22_1", "NAME_3": "Tutur", "NAME_4": "AndonoSari", "VARNAME_4": "NA", "TYPE_4": "Desa", "ENGTYPE_4": "Village", "CC_4": "3514020004", "padi_mean": 0.0, "jagung_mean": 0.0, "cabai_mean": 0.0, "tomat_mean": 0.0, "kentang_mean": 1.0, "wortel_mean": 0.30000001192092896, "tebu_mean": 0.0 }, "geometry": { "type": "MultiPolygon", "coordinates": [ [ [ [ 112.845065141781959, -7.921978601028957 ], [ 112.851021960103083, -7.920381928076903 ], [ 112.852845504001607, -7.920245322662359 ], [ 112.8526, -7.9209 ], [ 112.8496, -7.9223 ], [ 112.8434, -7.9227 ], [ 112.841860478199607, -7.921069918093692 ], [ 112.842837159629838, -7.921707911608605 ], [ 112.845065141781959, -7.921978601028957 ] ] ], [ [ [ 112.838123431124927, -7.917113044720502 ], [ 112.8332, -7.9119 ], [ 112.83320110030435, -7.911810875348496 ], [ 112.837452661402594, -7.915906020893298 ], [ 112.838123431124927, -7.917113044720502 ] ] ] ] } },
{ "type": "Feature", "properties": { "fid": 567, "GID_4": "IDN.11.28.22.2_1", "GID_0": "IDN", "COUNTRY": "Indonesia", "GID_1": "IDN.11_1", "NAME_1": "JawaTimur", "GID_2": "IDN.11.28_1", "NAME_2": "Pasuruan", "GID_3": "IDN.11.28.22_1", "NAME_3": "Tutur", "NAME_4": "Blarang", "VARNAME_4": "NA", "TYPE_4": "Desa", "ENGTYPE_4": "Village", "CC_4": "3514020001", "padi_mean": 0.20000000298023224, "jagung_mean": 0.20000000298023224, "cabai_mean": 0.5, "tomat_mean": 0.5, "kentang_mean": 0.69909491689056946, "wortel_mean": 0.5, "tebu_mean": 0.0 }, "geometry": { "type": "MultiPolygon", "coordinates": [ [ [ [ 112.808499118992813, -7.900430568299942 ], [ 112.810583104519225, -7.901537685610852 ], [ 112.813486085133619, -7.903575066286177 ], [ 112.8155, -7.9104 ], [ 112.8227, -7.9159 ], [ 112.8247, -7.9193 ], [ 112.8245, -7.9248 ], [ 112.8265, -7.928 ], [ 112.8234, -7.9329 ], [ 112.8216, -7.9281 ], [ 112.8134, -7.9279 ], [ 112.8054, -7.9255 ], [ 112.8019, -7.9199 ], [ 112.796, -7.9171 ], [ 112.7905, -7.9099 ], [ 112.799, -7.9067 ], [ 112.806383711796855, -7.897359159775053 ], [ 112.808499118992813, -7.900430568299942 ] ] ] ] } },
{ "type": "Feature", "properties": { "fid": 568, "GID_4": "IDN.11.28.22.3_1", "GID_0": "IDN", "COUNTRY": "Indonesia", "GID_1": "IDN.11_1", "NAME_1": "JawaTimur", "GID_2": "IDN.11.28_1", "NAME_2": "Pasuruan", "GID_3": "IDN.11.28.22_1", "NAME_3": "Tutur", "NAME_4": "Gendro", "VARNAME_4": "NA", "TYPE_4": "Desa", "ENGTYPE_4": "Village", "CC_4": "3514020006", "padi_mean": 0.20000000298023224, "jagung_mean": 0.20000000298023224, "cabai_mean": 0.5, "tomat_mean": 0.5, "kentang_mean": 0.5, "wortel_mean": 0.5, "tebu_mean": 0.0 }, "geometry": { "type": "MultiPolygon", "coordinates": [ [ [ [ 112.804952735096933, -7.894677416839201 ], [ 112.804932437202694, -7.895252020700831 ], [ 112.806383711796855, -7.897359159775053 ], [ 112.799, -7.9067 ], [ 112.7905, -7.9099 ], [ 112.7883, -7.9071 ], [ 112.7917, -7.901 ], [ 112.803392023425232, -7.889212140317178 ], [ 112.804952735096933, -7.894677416839201 ] ] ] ] } },
{ "type": "Feature", "properties": { "fid": 569, "GID_4": "IDN.11.28.22.5_1", "GID_0": "IDN", "COUNTRY": "Indonesia", "GID_1": "IDN.11_1", "NAME_1": "JawaTimur", "GID_2": "IDN.11.28_1", "NAME_2": "Pasuruan", "GID_3": "IDN.11.28.22_1", "NAME_3": "Tutur", "NAME_4": "KayuKebek", "VARNAME_4": "NA", "TYPE_4": "Desa", "ENGTYPE_4": "Village", "CC_4": "3514020002", "padi_mean": 0.063720561483520316, "jagung_mean": 0.063720561483520316, "cabai_mean": 0.15930140133502491, "tomat_mean": 0.15930140133502491, "kentang_mean": 0.90441915540094353, "wortel_mean": 0.3637205686568975, "tebu_mean": 0.0 }, "geometry": { "type": "MultiPolygon", "coordinates": [ [ [ [ 112.814620106415205, -7.904370949328952 ], [ 112.817749723888568, -7.908000142871028 ], [ 112.822087659849103, -7.908105946187138 ], [ 112.827915920065578, -7.909123457803771 ], [ 112.833191474953324, -7.911801604115545 ], [ 112.833822267057656, -7.912409189286275 ], [ 112.834, -7.9136 ], [ 112.836004497647821, -7.914511135294461 ], [ 112.837452661402594, -7.915906020893298 ], [ 112.837711408408467, -7.916371625989816 ], [ 112.8384, -7.9185 ], [ 112.839219481051614, -7.919085343608296 ], [ 112.839445793276397, -7.919492583587404 ], [ 112.842837159629838, -7.921707911608605 ], [ 112.84290212673092, -7.921715804807802 ], [ 112.8447, -7.923 ], [ 112.8476, -7.9293 ], [ 112.8546, -7.9349 ], [ 112.8562, -7.9397 ], [ 112.8465, -7.9423 ], [ 112.8358, -7.941 ], [ 112.8234, -7.9329 ], [ 112.8265, -7.928 ], [ 112.8245, -7.9248 ], [ 112.8247, -7.9193 ], [ 112.8227, -7.9159 ], [ 112.8155, -7.9104 ], [ 112.813486085133619, -7.903575066286177 ], [ 112.814620106415205, -7.904370949328952 ] ] ] ] } },
{ "type": "Feature", "properties": { "fid": 570, "GID_4": "IDN.11.28.22.6_1", "GID_0": "IDN", "COUNTRY": "Indonesia", "GID_1": "IDN.11_1", "NAME_1": "JawaTimur", "GID_2": "IDN.11.28_1", "NAME_2": "Pasuruan", "GID_3": "IDN.11.28.22_1", "NAME_3": "Tutur", "NAME_4": "Ngadirejo", "VARNAME_4": "NA", "TYPE_4": "Desa", "ENGTYPE_4": "Village", "CC_4": "3514020003", "padi_mean": 0.0, "jagung_mean": 0.25457774900016317, "cabai_mean": 0.0, "tomat_mean": 0.0, "kentang_mean": 0.74542225099983672, "wortel_mean": 0.40183110545138767, "tebu_mean": 0.0 }, "geometry": { "type": "MultiPolygon", "coordinates": [ [ [ [ 112.858442086715812, -7.919826071169525 ], [ 112.865551867856453, -7.922021126517922 ], [ 112.872246129732204, -7.925562294031907 ], [ 112.876670491790819, -7.925592820108935 ], [ 112.881745721906981, -7.927003134838825 ], [ 112.886019180158996, -7.928825639093361 ], [ 112.8928, -7.9389 ], [ 112.906, -7.9408 ], [ 112.9122, -7.9453 ], [ 112.9153, -7.9513 ], [ 112.9118, -7.9542 ], [ 112.909, -7.9536 ], [ 112.9025, -7.9476 ], [ 112.8985, -7.9468 ], [ 112.8933, -7.9502 ], [ 112.8898, -7.9498 ], [ 112.8851, -7.9525 ], [ 112.882, -7.949 ], [ 112.8741, -7.9456 ], [ 112.87, -7.947 ], [ 112.8562, -7.9397 ], [ 112.8546, -7.9349 ], [ 112.8502, -7.9323 ], [ 112.8447, -7.9243 ], [ 112.8447, -7.923 ], [ 112.8524, -7.921 ], [ 112.852695334339529, -7.920256572179827 ], [ 112.858442086715812, -7.919826071169525 ] ] ] ] } },
{ "type": "Feature", "properties": { "fid": 571, "GID_4": "IDN.11.28.22.10_1", "GID_0": "IDN", "COUNTRY": "Indonesia", "GID_1": "IDN.11_1", "NAME_1": "JawaTimur", "GID_2": "IDN.11.28_1", "NAME_2": "Pasuruan", "GID_3": "IDN.11.28.22_1", "NAME_3": "Tutur", "NAME_4": "Tlogosari", "VARNAME_4": "NA", "TYPE_4": "Desa", "ENGTYPE_4": "Village", "CC_4": "3514020007", "padi_mean": 0.20000000298023224, "jagung_mean": 0.20000000298023224, "cabai_mean": 0.5, "tomat_mean": 0.5, "kentang_mean": 0.5, "wortel_mean": 0.5, "tebu_mean": 0.0 }, "geometry": { "type": "MultiPolygon", "coordinates": [ [ [ [ 112.799290707036633, -7.882990033463225 ], [ 112.799755869832524, -7.883490978012652 ], [ 112.80323822088711, -7.888673556915838 ], [ 112.803380962611726, -7.889173407727762 ], [ 112.7948, -7.897 ], [ 112.7883, -7.9071 ], [ 112.7842, -7.9003 ], [ 112.7848, -7.8965 ], [ 112.7799, -7.8915 ], [ 112.7773, -7.8789 ], [ 112.7807, -7.874 ], [ 112.786, -7.8738 ], [ 112.7902, -7.8706 ], [ 112.7975, -7.8754 ], [ 112.7995, -7.8786 ], [ 112.799, -7.8814 ], [ 112.799081631230365, -7.881521613873809 ], [ 112.799290707036633, -7.882990033463225 ] ] ] ] } },
{ "type": "Feature", "properties": { "fid": 572, "GID_4": "IDN.11.28.22.11_1", "GID_0": "IDN", "COUNTRY": "Indonesia", "GID_1": "IDN.11_1", "NAME_1": "JawaTimur", "GID_2": "IDN.11.28_1", "NAME_2": "Pasuruan", "GID_3": "IDN.11.28.22_1", "NAME_3": "Tutur", "NAME_4": "Tutur", "VARNAME_4": "NA", "TYPE_4": "Desa", "ENGTYPE_4": "Village", "CC_4": "3514020008", "padi_mean": null, "jagung_mean": null, "cabai_mean": null, "tomat_mean": null, "kentang_mean": null, "wortel_mean": null, "tebu_mean": null }, "geometry": { "type": "MultiPolygon", "coordinates": [ [ [ [ 112.797212892830018, -7.862716189899499 ], [ 112.799752100145369, -7.867915800788039 ], [ 112.800696478677963, -7.873624712800826 ], [ 112.799966975617124, -7.879365039661448 ], [ 112.799064759577135, -7.88140311778112 ], [ 112.799078240699416, -7.881497800874255 ], [ 112.799, -7.8814 ], [ 112.7995, -7.8786 ], [ 112.7975, -7.8754 ], [ 112.7938, -7.8736 ], [ 112.7961, -7.8717 ], [ 112.7948, -7.8701 ], [ 112.7972, -7.8664 ], [ 112.7958, -7.8611 ], [ 112.796071404456328, -7.861045719108734 ], [ 112.797212892830018, -7.862716189899499 ] ] ] ] } },
{ "type": "Feature", "properties": { "fid": 573, "GID_4": "IDN.11.30.18.3_1", "GID_0": "IDN", "COUNTRY": "Indonesia", "GID_1": "IDN.11_1", "NAME_1": "JawaTimur", "GID_2": "IDN.11.30_1", "NAME_2": "Probolinggo", "GID_3": "IDN.11.30.18_1", "NAME_3": "Sukapura", "NAME_4": "Ngadas", "VARNAME_4": "NA", "TYPE_4": "Desa", "ENGTYPE_4": "Village", "CC_4": "3513010010", "padi_mean": 0.0, "jagung_mean": 0.5, "cabai_mean": 0.0, "tomat_mean": 0.0, "kentang_mean": 0.5, "wortel_mean": 0.5, "tebu_mean": 0.0 }, "geometry": { "type": "MultiPolygon", "coordinates": [ [ [ [ 112.952696918385286, -7.946333529977963 ], [ 112.954878250066685, -7.952114400371294 ], [ 112.955191000748158, -7.958285207240745 ], [ 112.954728065782419, -7.960028655702931 ], [ 112.9483, -7.9611 ], [ 112.9365, -7.9668 ], [ 112.9278, -7.9673 ], [ 112.9289, -7.96 ], [ 112.9351, -7.9566 ], [ 112.9376, -7.9504 ], [ 112.9449, -7.9495 ], [ 112.951154009765119, -7.944390016411427 ], [ 112.952696918385286, -7.946333529977963 ] ] ] ] } },
{ "type": "Feature", "properties": { "fid": 574, "GID_4": "IDN.11.30.18.4_1", "GID_0": "IDN", "COUNTRY": "Indonesia", "GID_1": "IDN.11_1", "NAME_1": "JawaTimur", "GID_2": "IDN.11.30_1", "NAME_2": "Probolinggo", "GID_3": "IDN.11.30.18_1", "NAME_3": "Sukapura", "NAME_4": "Ngadirejo", "VARNAME_4": "NA", "TYPE_4": "Desa", "ENGTYPE_4": "Village", "CC_4": "3513010009", "padi_mean": 0.0, "jagung_mean": 0.5, "cabai_mean": 0.0, "tomat_mean": 0.0, "kentang_mean": 0.5, "wortel_mean": 0.5, "tebu_mean": 0.0 }, "geometry": { "type": "MultiPolygon", "coordinates": [ [ [ [ 112.953605320980458, -7.964256998436285 ], [ 112.952310698793355, -7.966278044814703 ], [ 112.956806143252919, -7.969737621756259 ], [ 112.957915176141725, -7.9713969903393 ], [ 112.9543, -7.9756 ], [ 112.9519, -7.9758 ], [ 112.949, -7.9786 ], [ 112.9459, -7.9777 ], [ 112.9348, -7.9789 ], [ 112.9278, -7.9673 ], [ 112.9365, -7.9668 ], [ 112.9483, -7.9611 ], [ 112.954728065782419, -7.960028655702931 ], [ 112.953605320980458, -7.964256998436285 ] ] ] ] } },
{ "type": "Feature", "properties": { "fid": 575, "GID_4": "IDN.11.30.18.9_1", "GID_0": "IDN", "COUNTRY": "Indonesia", "GID_1": "IDN.11_1", "NAME_1": "JawaTimur", "GID_2": "IDN.11.30_1", "NAME_2": "Probolinggo", "GID_3": "IDN.11.30.18_1", "NAME_3": "Sukapura", "NAME_4": "Sariwani", "VARNAME_4": "NA", "TYPE_4": "Desa", "ENGTYPE_4": "Village", "CC_4": "3513010002", "padi_mean": 0.0, "jagung_mean": 0.5, "cabai_mean": 0.0, "tomat_mean": 0.0, "kentang_mean": 0.5, "wortel_mean": 0.5, "tebu_mean": 0.0 }, "geometry": { "type": "MultiPolygon", "coordinates": [ [ [ [ 112.960410003827263, -7.975129827050704 ], [ 112.962098914558453, -7.981391717301956 ], [ 112.961926848334727, -7.984151077882169 ], [ 112.9593, -7.9855 ], [ 112.9476, -7.9864 ], [ 112.9348, -7.9789 ], [ 112.9459, -7.9777 ], [ 112.949, -7.9786 ], [ 112.9519, -7.9758 ], [ 112.9543, -7.9756 ], [ 112.957915176141725, -7.9713969903393 ], [ 112.960410003827263, -7.975129827050704 ] ] ] ] } }
]
}
